# List of equations of state. First column is x=m/T, with m the neutrino mass, and T the neutrino temperature with T=T0/a and T0=1.68x10^{-4}eV the neutrino temperature at the present time. The other columns correspond to w_{n} with n=0-30. Here x extends out to x=1000. At x>1000 one can use the nonrelativistic power-law scaling w_{n} \sim x^{-2n}.  

0.001	0.33333333333333326	0.33333328508525456	0.33333323683737354	0.3333331885896856	0.3333331403421871	0.33333309209487394	0.33333304384774254	0.33333299560078955	0.33333294735401187	0.3333328991074064	0.3333328508609703	0.3333328026147009	0.3333327543685957	0.33333270612265237	0.3333326578768686	0.3333326096312423	0.3333325613857716	0.33333251314045437	0.3333324648952891	0.3333324166502739	0.33333236840540736	0.3333323201606879	0.33333227191611425	0.3333322236716848	0.3333321754273987	0.33333212718325456	0.33333207893925115	0.33333203069538764	0.33333198245166273	0.333331934208076	0.33333188596462604
0.0010139113857366793	0.3333333333333333	0.3333332837335251	0.33333323413392535	0.3333331845345296	0.33333313493533356	0.33333308533633277	0.3333330357375237	0.3333329861389026	0.3333329365404659	0.33333288694221075	0.33333283734413366	0.3333327877462321	0.3333327381485031	0.3333326885509445	0.33333263895355364	0.33333258935632837	0.3333325397592666	0.3333324901623662	0.33333244056562567	0.3333323909690429	0.33333234137261625	0.33333229177634416	0.3333322421802255	0.3333321925842584	0.33333214298844177	0.3333320933927745	0.3333320437972553	0.3333319942018831	0.3333319446066567	0.33333189501157545	0.3333318454166381
0.0010280162981264737	0.3333333333333333	0.333333282343925	0.333333231354737	0.3333331803657643	0.33333312937700216	0.33333307838844595	0.33333302740009174	0.3333329764119354	0.3333329254239735	0.3333328744362023	0.3333328234486188	0.33333277246121973	0.3333327214740024	0.3333326704869642	0.3333326195001024	0.33333256851341464	0.33333251752689874	0.33333246654055276	0.33333241555437443	0.33333236456836207	0.3333323135825138	0.33333226259682824	0.3333322116113036	0.33333216062593857	0.3333321096407316	0.33333205865568155	0.3333320076707874	0.3333319566860475	0.3333319057014612	0.33333185471702736	0.33333180373274507
0.0010423174293933042	0.3333333333333333	0.3333332809153938	0.3333332284976871	0.3333331760802073	0.3333331236629496	0.3333330712459091	0.33333301882908134	0.3333329664124621	0.3333329139960475	0.3333328615798336	0.33333280916381725	0.333332756747995	0.33333270433236395	0.3333326519169211	0.33333259950166366	0.33333254708658955	0.33333249467169584	0.3333324422569808	0.33333238984244207	0.3333323374280778	0.333332285013886	0.3333322325998652	0.33333218018601357	0.3333321277723297	0.33333207535881204	0.33333202294545927	0.33333197053227037	0.3333319181192438	0.3333318657063788	0.3333318132936739	0.33333176088112854
0.0010568175092136585	0.33333333333333326	0.3333332794468407	0.33333322556059375	0.33333317167458637	0.3333331177888132	0.3333330639032688	0.3333330100179487	0.33333295613284813	0.33333290224796297	0.33333284836328936	0.3333327944788232	0.3333327405945615	0.3333326867105007	0.33333263282663794	0.3333325789429703	0.33333252505949507	0.3333324711762098	0.33333241729311214	0.3333323634101998	0.33333230952747084	0.3333322556449234	0.3333322017625554	0.33333214788036536	0.3333320939983517	0.3333320401165128	0.3333319862348473	0.33333193235335395	0.3333318784720315	0.33333182459087873	0.33333177070989445	0.333331716829078
0.0010715193052376066	0.3333333333333333	0.3333332779371444	0.33333322254121456	0.33333316714553773	0.3333331117501078	0.3333330563549192	0.33333300095996676	0.3333329455652455	0.3333328901707511	0.3333328347764791	0.3333327793824257	0.33333272398858715	0.3333326685949601	0.33333261320154106	0.33333255780832727	0.33333250241531587	0.3333324470225039	0.33333239162988926	0.33333233623746966	0.3333322808452426	0.3333322254532063	0.33333217006135873	0.3333321146696982	0.33333205927822307	0.33333200388693174	0.3333319484958227	0.3333318931048948	0.3333318377141463	0.3333317823235765	0.333331726933184	0.3333316715429677
0.0010864256236170656	0.33333333333333326	0.3333332763851521	0.3333332194372446	0.33333316248960376	0.33333310554222334	0.33333304859509727	0.33333299164822	0.3333329347015862	0.3333328777551912	0.3333328208090304	0.3333327638630994	0.3333327069173946	0.333332649971912	0.3333325930266482	0.3333325360816002	0.3333324791367649	0.3333324221921395	0.3333323652477213	0.333332308303508	0.3333322513594974	0.3333321944156872	0.33333213747207546	0.3333320805286602	0.3333320235854398	0.3333319666424128	0.3333319096995775	0.33333185275693245	0.3333317958144766	0.33333173887220824	0.3333316819301265	0.3333316249882302
0.0011015393095414152	0.33333333333333326	0.333333274789679	0.33333321624631346	0.3333331577032295	0.3333330991604201	0.33333304061787866	0.33333298207559936	0.33333292353357646	0.33333286499180487	0.3333328064502797	0.3333327479089965	0.3333326893679509	0.33333263082713926	0.33333257228655755	0.3333325137462027	0.3333324552060714	0.3333323966661609	0.3333323381264681	0.33333227958699085	0.3333322210477265	0.3333321625086727	0.3333321039698277	0.3333320454311894	0.33333198689275584	0.33333192835452563	0.33333186981649693	0.3333318112786683	0.33333175274103866	0.3333316942036063	0.33333163566637025	0.3333315771293293
0.0011168632477805613	0.33333333333333326	0.33333327314950684	0.3333332129659852	0.33333315278276066	0.3333330925998256	0.3333330324171729	0.33333297223479624	0.3333329120526898	0.3333328518708477	0.33333279168926494	0.3333327315079367	0.3333326713268584	0.33333261114602597	0.3333325509654356	0.3333324907850836	0.33333243060496653	0.3333323704250816	0.33333231024542564	0.333332250065996	0.3333321898867902	0.3333321297078059	0.33333206952904104	0.33333200935049345	0.33333194917216136	0.33333188899404265	0.3333318288161362	0.33333176863844016	0.3333317084609532	0.333331648283674	0.33333158810660124	0.33333152792973386
0.001132400363235557	0.3333333333333333	0.33333327146338343	0.33333320959375523	0.3333331477244405	0.3333330858554309	0.33333302398671893	0.3333329621182978	0.33333290025016105	0.3333328383823027	0.333332776514717	0.3333327146473991	0.3333326527803441	0.33333259091354756	0.3333325290470056	0.3333324671807142	0.3333324053146699	0.3333323434488695	0.33333228158330974	0.3333322197179879	0.3333321578529014	0.3333320959880479	0.3333320341234248	0.3333319722590302	0.3333319103948622	0.3333318485309189	0.33333178666719854	0.33333172480369955	0.3333316629404206	0.33333160107736004	0.3333315392145168	0.3333314773518896
0.0011481536214968829	0.3333333333333333	0.3333332697300211	0.333333206127049	0.3333331425244071	0.3333330789220869	0.33333301532008053	0.3333329517183804	0.3333328881169796	0.33333282451587176	0.33333276091505104	0.33333269731451176	0.33333263371424915	0.3333325701142582	0.33333250651453494	0.333332442915075	0.33333237931587484	0.333332315716931	0.33333225211824014	0.3333321885197996	0.33333212492160635	0.33333206132365795	0.33333199772595185	0.33333193412848616	0.3333318705312585	0.33333180693426734	0.3333317433375105	0.3333316797409866	0.33333161614469414	0.3333315525486315	0.3333314889527976	0.33333142535719096
0.001164126029410491	0.3333333333333333	0.3333332679480968	0.3333332025632192	0.33333313717869006	0.3333330717945002	0.33333300641064084	0.3333329410271039	0.3333328756438822	0.3333328102609689	0.3333327448783575	0.3333326794960422	0.3333326141140178	0.33333254873227913	0.3333324833508217	0.33333241796964136	0.33333235258873406	0.3333322872080961	0.33333222182772415	0.3333321564476152	0.3333320910677663	0.33333202568817466	0.33333196030883805	0.333331894929754	0.33333182955092056	0.3333317641723354	0.33333169879399716	0.33333163341590377	0.33333156803805397	0.333331502660446	0.33333143728307857	0.3333313719059505
0.0011803206356517295	0.3333333333333333	0.3333332661162499	0.3333331988995452	0.3333331316832082	0.3333330644672289	0.3333329972515977	0.3333329300363062	0.33333286282134644	0.33333279560671114	0.33333272839239353	0.3333326611783874	0.33333259396468695	0.3333325267512873	0.33333245953818313	0.33333239232537015	0.33333232511284416	0.33333225790060145	0.3333321906886383	0.3333321234769516	0.3333320562655383	0.33333198905439576	0.333331921843521	0.33333185463291193	0.3333317874225663	0.33333172021248214	0.33333165300265744	0.3333315857930905	0.33333151858377974	0.33333145137472353	0.33333138416592056	0.3333313169573695
0.0011967405313072434	0.3333333333333333	0.33333326423308174	0.33333319513322984	0.33333312603376586	0.33333305693467874	0.33333298783595866	0.3333329187375962	0.3333328496395828	0.3333327805419109	0.33333271144457327	0.333332642347563	0.3333325732508745	0.3333325041545019	0.3333324350584401	0.3333323659626845	0.3333322968672305	0.3333322277720741	0.3333321586772119	0.33333208958264016	0.33333202048835586	0.33333195139435623	0.3333318823006382	0.33333181320719973	0.3333317441140381	0.33333167502115163	0.33333160592853817	0.33333153683619593	0.33333146774412303	0.3333313986523183	0.33333132956077993	0.3333312604695069
0.0012133888504649772	0.3333333333333333	0.33333326229715443	0.3333331912613975	0.3333331202260497	0.3333330491910991	0.33333297815653506	0.33333290712234764	0.3333328360885277	0.33333276505506715	0.33333269402195803	0.3333326229891934	0.3333325519567669	0.3333324809246726	0.33333240989290513	0.33333233886145935	0.33333226783033076	0.33333219679951503	0.33333212576900845	0.3333320547388072	0.3333319837089083	0.3333319126793086	0.3333318416500053	0.3333317706209957	0.3333316995922776	0.33333162856384874	0.3333315575357072	0.33333148650785105	0.33333141548027845	0.33333134445298784	0.3333312734259778	0.33333120239924713
0.0012302687708123814	0.3333333333333333	0.33333326030698995	0.33333318728109196	0.33333311425562534	0.3333330412305775	0.333332968205937	0.3333328951816929	0.3333328221578356	0.3333327491343564	0.33333267611124673	0.3333326030884996	0.33333253006610797	0.33333245704406556	0.33333238402236653	0.3333323110010058	0.33333223797997846	0.3333321649592801	0.33333209193890667	0.33333201891885444	0.3333319458991199	0.3333318728796999	0.3333317998605917	0.33333172684179246	0.3333316538233	0.3333315808051116	0.3333315077872256	0.33333143476963994	0.3333313617523528	0.33333128873536255	0.3333312157186676	0.3333311427022668
0.0012473835142429428	0.3333333333333333	0.33333325826106874	0.33333318318927424	0.3333331081179348	0.33333303304703665	0.3333329579765675	0.3333328829065158	0.3333328078368713	0.3333327327676243	0.33333265769876635	0.33333258263028925	0.333332507562186	0.3333324324944499	0.333332357427075	0.3333322823600556	0.33333220729338664	0.3333321322270635	0.333332057161082	0.33333198209543813	0.3333319070301283	0.3333318319651495	0.3333317569004984	0.33333168183617246	0.33333160677216894	0.33333153170848573	0.3333314566451204	0.33333138158207143	0.3333313065193365	0.33333123145691423	0.33333115639480304	0.3333310813330014
0.0012647363474711513	0.33333333333333326	0.33333325615782894	0.33333317898282055	0.33333310180829195	0.3333330246342286	0.33333294746061704	0.33333287028744507	0.33333279311470143	0.3333327159423761	0.3333326387704598	0.3333325615989443	0.3333324844278217	0.3333324072570851	0.333332330086728	0.33333225291674484	0.3333321757471299	0.3333320985778786	0.3333320214089865	0.3333319442404494	0.3333318670722637	0.33333178990442586	0.33333171273693285	0.333331635569782	0.33333155840297024	0.3333314812364955	0.33333140407035544	0.33333132690454825	0.3333312497390718	0.3333311725739245	0.33333109540910466	0.3333310182446108
0.0012823305826560214	0.3333333333333333	0.3333332539956642	0.33333317465851886	0.3333330953218794	0.3333330159857302	0.33333293665005687	0.33333285731484624	0.33333277798008637	0.33333269864576665	0.3333326193118771	0.3333325399784089	0.33333246064535377	0.3333323813127045	0.33333230198045416	0.33333222264859685	0.3333321433171266	0.3333320639860388	0.3333319846553285	0.33333190532499163	0.3333318259950242	0.33333174666542276	0.3333316673361839	0.33333158800730506	0.3333315086787831	0.33333142935061577	0.3333313500228008	0.3333312706953361	0.3333311913682196	0.3333311120414496	0.3333310327150247	0.3333309533889431
0.0013001695780332904	0.3333333333333333	0.3333332517729245	0.33333317021306785	0.33333308865374506	0.3333330070949388	0.33333292553663374	0.33333284397881563	0.33333276242147203	0.3333326808645912	0.33333259930816306	0.33333251775217765	0.33333243619662667	0.33333235464150224	0.3333322730867973	0.33333219153250543	0.3333321099786207	0.33333202842513776	0.333331946872052	0.33333186531935877	0.3333317837670541	0.3333317022151343	0.33333162066359623	0.3333315391124366	0.3333314575616527	0.3333313760112421	0.33333129446120235	0.3333312129115313	0.33333113136222686	0.33333104981328765	0.3333309682647115	0.33333088671649713
0.001318256738556407	0.3333333333333333	0.3333332494879119	0.33333316564307347	0.3333330817987977	0.3333329979550663	0.33333291411186267	0.3333328302691718	0.3333327464269801	0.33333266258527516	0.3333325787440461	0.3333324949032828	0.3333324110629762	0.3333323272231179	0.33333224338370065	0.33333215954471757	0.33333207570616263	0.3333319918680301	0.33333190803031504	0.3333318241930129	0.33333174035611945	0.3333316565196309	0.33333157268354396	0.33333148884785524	0.3333314050125619	0.33333132117766134	0.3333312373431514	0.3333311535090296	0.333331069675294	0.3333309858419429	0.3333309020089742	0.33333081817638677
0.0013365955165464422	0.3333333333333333	0.33333324713888224	0.3333331609450464	0.33333307475180385	0.33333298855913496	0.3333329023670218	0.3333328161754482	0.3333327299843999	0.33333264379386374	0.3333325576038277	0.3333324714142815	0.33333238522521547	0.33333229903662076	0.3333322128484897	0.3333321266608149	0.3333320404735902	0.3333319542868098	0.3333318681004684	0.3333317819145612	0.333331695729084	0.3333316095440326	0.3333315233594038	0.3333314371751941	0.33333135099140054	0.33333126480802056	0.3333311786250517	0.33333109244249165	0.3333310062603383	0.3333309200785898	0.3333308338972445	0.3333307477163007
0.001355189412351036	0.3333333333333333	0.33333324472404197	0.3333331561153998	0.33333306750738334	0.33333297889997116	0.33333289029314406	0.3333328016868851	0.3333327130811786	0.33333262447601075	0.333332535871369	0.333332447267242	0.3333323586636199	0.3333322700604933	0.3333321814578539	0.3333320928556945	0.3333320042540082	0.33333191565278913	0.33333182705203174	0.3333317384517309	0.3333316498518824	0.33333156125248214	0.33333147265352625	0.3333313840550116	0.33333129545693496	0.33333120685929374	0.3333311182620854	0.3333310296653076	0.3333309410689582	0.33333085247303534	0.333330763877537	0.33333067528246213
0.0013740419750125153	0.3333333333333333	0.3333332422415472	0.33333315115044626	0.33333306006000485	0.33333296897020026	0.3333328778810118	0.33333278679242107	0.3333326957044116	0.3333326046169687	0.3333325135300789	0.3333324224437304	0.3333323313579125	0.33333224027261554	0.333332149187831	0.33333205810355093	0.3333319670197683	0.33333187593647695	0.3333317848536711	0.33333169377134564	0.333331602689496	0.3333315116081179	0.3333314205272076	0.33333132944676164	0.33333123836677686	0.33333114728725044	0.33333105620818	0.33333096512956284	0.333330874051397	0.3333307829736806	0.3333306918964116	0.33333060081958876
0.0013931568029453031	0.3333333333333333	0.33333323968950285	0.3333331460463953	0.3333330524039832	0.3333329587622417	0.33333286512114907	0.3333327714806855	0.33333267784083326	0.333332584201577	0.33333249056290226	0.3333323969247967	0.33333230328724883	0.3333322096502487	0.33333211601378715	0.3333320223778559	0.333331928742448	0.33333183510755654	0.33333174147317585	0.3333316478393004	0.33333155420592553	0.33333146057304697	0.3333313669406606	0.3333312733087632	0.33333117967735126	0.33333108604642203	0.33333099241597286	0.3333308987860014	0.33333080515650537	0.3333307115274828	0.3333306178989318	0.33333052427085086
0.0014125375446227546	0.3333333333333333	0.3333332370659602	0.33333314079934984	0.3333330445334725	0.3333329482683018	0.333332852003814	0.33333275573998833	0.33333265947680585	0.3333325632142498	0.3333324669523054	0.33333237069095933	0.3333322744301995	0.33333217817001554	0.3333320819103979	0.3333319856513378	0.33333188939282793	0.3333317931348613	0.3333316968774318	0.33333160062053396	0.33333150436416287	0.33333140810831385	0.33333131185298304	0.33333121559816703	0.33333111934386217	0.3333310230900657	0.3333309268367748	0.33333083058398716	0.33333073433170046	0.3333306380799126	0.3333305418286219	0.33333044557782643
0.0014321878992735436	0.3333333333333333	0.33333323436891615	0.33333313540530374	0.3333330364424641	0.3333329374803688	0.3333328385189925	0.33333273955831266	0.3333326405983096	0.33333254163896536	0.3333324426802642	0.3333323437221918	0.333332244764736	0.3333321458078855	0.3333320468516303	0.33333194789596154	0.3333318489408712	0.3333317499863523	0.3333316510323984	0.333331552079004	0.3333314531261637	0.333331354173873	0.3333312552221279	0.3333311562709246	0.3333310573202597	0.3333309583701302	0.3333308594205334	0.3333307604714667	0.33333066152292795	0.3333305625749149	0.33333046362742574	0.3333303646804588
0.0014521116175877425	0.3333333333333333	0.33333323159631156	0.3333331298601389	0.3333330281247806	0.3333329263902066	0.33333282465638936	0.33333272292330507	0.33333262119093243	0.3333325194592527	0.33333241772824895	0.3333323159979064	0.3333322142682121	0.33333211253915396	0.33333201081072183	0.33333190908290633	0.33333180735569923	0.3333317056290932	0.3333316039030815	0.3333315021776583	0.3333314004528185	0.33333129872855727	0.3333311970048702	0.3333310952817538	0.33333099355920437	0.33333089183721887	0.33333079011579464	0.33333068839492896	0.33333058667461957	0.3333304849548643	0.3333303832356612	0.3333302815170086
0.001472312502432719	0.3333333333333333	0.33333322874602944	0.33333312415962135	0.3333330195740719	0.33333291498934825	0.33333281040542134	0.33333270582226554	0.33333260123985825	0.33333249665817954	0.3333323920772115	0.3333322874969389	0.33333218291734734	0.3333320783384248	0.3333319737601605	0.33333186918254465	0.3333317646055686	0.3333316600292248	0.3333315554535064	0.3333314508784074	0.33333134630392225	0.3333312417300461	0.33333113715677465	0.333331032584104	0.3333309280120307	0.33333082344055137	0.3333307188696634	0.33333061429936406	0.333330509729651	0.33333040516052204	0.33333030059197516	0.3333301960240087
0.0014927944095789963	0.33333333333333326	0.33333322581589375	0.33333311829939904	0.3333330107838095	0.33333290326908976	0.33333279575520847	0.3333326882421386	0.333332580729856	0.33333247321833936	0.3333323657075699	0.33333225819753154	0.33333215068820937	0.33333204317959053	0.33333193567166364	0.3333318281644188	0.33333172065784694	0.3333316131519401	0.33333150564669145	0.33333139814209434	0.3333312906381437	0.3333311831348342	0.3333310756321613	0.3333309681301213	0.3333308606287105	0.33333075312792554	0.3333306456277636	0.333330538128222	0.33333043062929835	0.3333303231309904	0.33333021563329635	0.3333301081362141
0.0015135612484362083	0.3333333333333333	0.3333332228036671	0.3333331122749979	0.3333330017472826	0.3333328912204832	0.3333327806945665	0.3333326701695031	0.3333325596452678	0.33333244912183807	0.333332338599194	0.3333322280773182	0.33333211755619546	0.3333320070358121	0.33333189651615663	0.33333178599721835	0.3333316754789878	0.33333156496145716	0.33333145444461904	0.33333134392846675	0.33333123341299475	0.33333112289819794	0.3333310123840717	0.33333090187061193	0.33333079135781507	0.33333068084567763	0.33333057033419666	0.33333045982336973	0.33333034931319405	0.3333302388036675	0.3333301282947882	0.3333300177865539
0.0015346169827992946	0.3333333333333333	0.33333321970705	0.3333331060818183	0.33333299245759207	0.33333287883433005	0.33333276521199723	0.33333265159056225	0.3333325379699979	0.3333324243502805	0.33333231073138914	0.3333321971133056	0.33333208349601373	0.3333319698794995	0.3333318562637504	0.3333317426487556	0.33333162903450564	0.3333315154209919	0.3333314018082068	0.3333312881961439	0.33333117458479705	0.3333310609741613	0.33333094736423174	0.3333308337550043	0.33333072014647513	0.3333306065386411	0.3333304929314989	0.33333037932504583	0.3333302657192796	0.33333015211419775	0.33333003850979814	0.33332992490607893
0.0015559656316050743	0.3333333333333333	0.33333321652367787	0.33333309971513175	0.3333329829076451	0.333332866101174	0.33333274929568063	0.3333326324911318	0.33333251568749867	0.33333239888475585	0.3333322820828817	0.3333321652818565	0.33333204848166387	0.3333319316822888	0.33333181488371855	0.3333316980859417	0.33333158128894835	0.33333146449272966	0.333331347697278	0.3333312309025866	0.3333311141086491	0.3333309973154603	0.3333308805230155	0.33333076373131043	0.33333064694034126	0.33333053015010444	0.3333304133605969	0.3333302965718159	0.333330179783759	0.3333300629964236	0.33332994620980766	0.3333298294239093
0.0015776112696993486	0.3333333333333333	0.3333332132511202	0.3333330931700774	0.33333297309015086	0.33333285301129373	0.33333273293346566	0.33333261285663096	0.3333324927807593	0.33333237270582383	0.3333322526318012	0.3333321325586716	0.3333320124864172	0.33333189241502253	0.33333177234447425	0.3333316522747606	0.33333153220587125	0.33333141213779727	0.33333129207053047	0.33333117200406404	0.3333310519383917	0.3333309318735078	0.33333081180940777	0.3333306917460871	0.3333305716835417	0.3333304516217685	0.3333303315607639	0.33333021150052533	0.3333300914410501	0.3333299713823358	0.3333298513243801	0.33332973126718135
0.0015995580286146689	0.3333333333333333	0.33333320988687865	0.3333330864416583	0.33333296299761433	0.3333328395546963	0.33333271611286097	0.3333325926720707	0.333332469232293	0.3333323457934997	0.3333322223556662	0.33333209891877136	0.3333319754827969	0.3333318520477264	0.33333172861354643	0.3333316051802443	0.33333148174780947	0.33333135831623284	0.3333312348855059	0.3333311114556218	0.3333309880265738	0.3333308645983566	0.33333074117096495	0.3333306177443946	0.33333049431864137	0.3333303708937021	0.33333024746957307	0.3333301240462515	0.3333300006237351	0.3333298772020209	0.333329753781107	0.3333296303609913
0.0016218100973589297	0.3333333333333333	0.3333332064283844	0.33333307952473734	0.33333295262232965	0.33333282572110756	0.33333269882102484	0.33333257192204124	0.3333324450241223	0.3333323181272384	0.3333321912313637	0.33333206433647583	0.3333319374425556	0.33333181054958627	0.3333316836575535	0.3333315567664444	0.333331429876248	0.3333313029869547	0.33333117609855634	0.33333104921104506	0.33333092232441464	0.3333307954386593	0.3333306685537739	0.33333054166975407	0.33333041478659536	0.33333028790429464	0.3333301610228482	0.3333300341422534	0.33332990726250733	0.33332978038360744	0.33332965350555155	0.3333295266283376
0.0016443717232149317	0.3333333333333333	0.3333332028729969	0.33333307241403354	0.3333329419563761	0.33333281149996696	0.3333326810447564	0.333332550590702	0.33333242013776704	0.3333322896859203	0.3333321592351347	0.3333320287853866	0.333331898336656	0.3333317678889257	0.3333316374421803	0.3333315069964068	0.33333137655159406	0.3333312461077319	0.3333311156648118	0.33333098522282617	0.3333308547817684	0.3333307243416324	0.33333059390241326	0.3333304634641062	0.33333033302670706	0.3333302025902122	0.33333007215461824	0.3333299417199222	0.3333298112861213	0.3333296808532129	0.33332955042119466	0.33332941999006455
0.0016672472125510626	0.3333333333333333	0.333333199218002	0.33333306510411853	0.3333329309916109	0.3333327968804173	0.33333266277048496	0.33333252866176843	0.3333323945542292	0.333332260447834	0.33333212634255427	0.3333319922383656	0.333331858135247	0.3333317240331804	0.33333158993214995	0.3333314558321424	0.33333132173314584	0.33333118763515	0.33333105353814624	0.33333091944212667	0.33333078534708455	0.33333065125301375	0.33333051715990897	0.33333038306776575	0.3333302489765796	0.3333301148863468	0.333329980797064	0.333329846708728	0.33332971262133615	0.33332957853488576	0.3333294444493741	0.3333293103647994
0.0016904409316432641	0.3333333333333333	0.33333319546060813	0.33333305758941034	0.33333291971966195	0.33333278185129683	0.3333326439842586	0.33333250611849913	0.3333323682539775	0.3333322303906585	0.33333209252851254	0.3333319546675138	0.3333318168076404	0.3333316789488735	0.33333154109119684	0.33333140323459653	0.3333312653790605	0.33333112752457816	0.3333309896711404	0.33333085181873934	0.33333071396736813	0.33333057611702055	0.33333043826769115	0.33333030041937506	0.33333016257206816	0.33333002472576634	0.33332988688046655	0.33332974903616513	0.3333296111928594	0.3333294733505468	0.3333293355092246	0.3333291976688906
0.0017139573075084253	0.3333333333333333	0.3333331915979477	0.33333304986417267	0.3333329081319244	0.3333327664011324	0.3333326246717363	0.33333248294368495	0.3333323412169352	0.33333219949144993	0.3333320577671981	0.33333191604415247	0.33333177432229044	0.3333316326015924	0.3333314908820415	0.3333313491636233	0.3333312074463255	0.3333310657301372	0.33333092401504916	0.3333307823010533	0.33333064058814244	0.3333304988763103	0.33333035716555137	0.3333302154558608	0.3333300737472341	0.33332993203966743	0.33332979033315724	0.3333296486277002	0.3333295069232933	0.33332936521993395	0.3333292235176194	0.33332908181634735
0.0017378008287493754	0.33333333333333326	0.3333331876270709	0.3333330419225069	0.3333328962195513	0.33333275051812844	0.33333260481817395	0.3333324591196339	0.33333231342246217	0.3333321677266202	0.3333320220320748	0.33333187633879807	0.3333317306467662	0.3333315849559587	0.33333143926635844	0.3333312935779506	0.33333114789072216	0.33333100220466205	0.3333308565197609	0.33333071083601035	0.3333305651534032	0.3333304194719329	0.3333302737915941	0.3333301281123815	0.33332998243429063	0.3333298367573178	0.33332969108145893	0.33332954540671106	0.33332939973307096	0.33332925406053565	0.33332910838910257	0.33332896271876933
0.001761976046411629	0.3333333333333333	0.3333331835449461	0.3333330337583499	0.33333288397344785	0.33333273419015896	0.33333258440841496	0.3333324346281583	0.3333322848493404	0.3333321350719205	0.333331985295864	0.33333183552114176	0.33333168574772876	0.33333153597560417	0.3333313862047499	0.33333123643515084	0.33333108666679334	0.33333093689966675	0.33333078713376085	0.3333306373690673	0.3333304876055787	0.33333033784328847	0.33333018808219084	0.3333300383222809	0.3333298885635537	0.3333297388060056	0.33332958904963245	0.3333294392944311	0.3333292895403982	0.33332913978753087	0.3333289900358264	0.3333288402852821
0.0017864875748520507	0.3333333333333333	0.33333317934845685	0.3333330253654686	0.33333287138426515	0.33333271740475934	0.33333256342687856	0.33333240945056175	0.33333225547575807	0.3333321015024239	0.33333194753052364	0.3333317935600264	0.3333316395909066	0.33333148562314235	0.3333313316567152	0.33333117769160925	0.3333310237278111	0.333330869765309	0.3333307158040931	0.3333305618441547	0.3333304078854862	0.333330253928081	0.33333009997193325	0.3333299460170376	0.3333297920633895	0.33332963811098476	0.33332948415981944	0.3333293302098901	0.3333291762611933	0.3333290223137261	0.3333288683674858	0.3333287144224696
0.0018113400926196026	0.3333333333333333	0.3333331750343987	0.3333330167374553	0.33333285844239147	0.33333270014911437	0.33333254185754657	0.3333323835676235	0.3333322252792911	0.3333320669925043	0.3333319087072249	0.33333175042342134	0.33333159214106683	0.33333143386013875	0.33333127558061804	0.3333311173024883	0.33333095902573595	0.3333308007503489	0.33333064247631683	0.3333304842036311	0.3333303259322839	0.33333016766226853	0.33333000939357904	0.3333298511262099	0.33332969286015646	0.33332953459541426	0.3333293763319795	0.3333292180698485	0.33332905980901784	0.3333289015494844	0.3333287432912451	0.3333285850342974
0.0018365383433483465	0.3333333333333333	0.33333317059947837	0.3333330078677227	0.3333328451379466	0.3333326824100509	0.33333251968395305	0.33333235695958474	0.333332194236889	0.3333320315158182	0.3333318687963328	0.3333317060783997	0.3333315433619912	0.33333138064708373	0.33333121793365766	0.3333310552216964	0.3333308925111857	0.3333307298021133	0.3333305670944688	0.3333304043882433	0.33333024168342873	0.3333300789800182	0.3333299162780057	0.3333297535773858	0.33332959087815334	0.3333294281803042	0.333329265483834	0.3333291027887393	0.33332894009501635	0.33332877740266187	0.33332861471167285	0.3333284520220463
0.0018620871366628676	0.3333333333333333	0.3333331660403095	0.33333299874949895	0.33333283146077314	0.3333326641740262	0.3333324968891702	0.3333323296061329	0.3333321623248541	0.3333319950452841	0.33333182776738135	0.3333316604911115	0.33333149321644573	0.3333313259433597	0.3333311586718335	0.33333099140184946	0.33333082413339354	0.3333306568664529	0.3333304896010171	0.3333303223370768	0.33333015507462416	0.3333299878136517	0.3333298205541536	0.3333296532961242	0.33332948603955825	0.3333293187844512	0.333329151530799	0.3333289842785978	0.33332881702784356	0.33332864977853344	0.33332848253066366	0.3333283152842314
0.0018879913490962936	0.3333333333333333	0.3333331613534112	0.3333329893758225	0.3333328174004293	0.3333326454271184	0.33333247345579636	0.3333323014863866	0.3333321295188259	0.333331957553062	0.33333178558905185	0.3333316136267592	0.3333314416661545	0.3333312697072127	0.333331097749913	0.3333309257942376	0.33333075384017175	0.33333058188770276	0.3333304099368196	0.3333302379875131	0.33333006603977466	0.3333298940935973	0.33332972214897466	0.33332955020590094	0.33332937826437103	0.33332920632438007	0.33332903438592376	0.33332886244899806	0.33332869051359926	0.33332851857972357	0.3333283466473679	0.33332817471652865
0.001914255925021086	0.3333333333333333	0.3333331565352054	0.33333297973953724	0.3333328029461812	0.3333326261550159	0.33333244936594253	0.3333322725788799	0.33333209579376166	0.33333191901053283	0.3333317422291484	0.3333315654495711	0.33333138867177	0.33333121189571924	0.3333310351213977	0.33333085834878706	0.33333068157787193	0.33333050480863957	0.33333032804107887	0.33333015127517995	0.3333299745109346	0.3333297977483354	0.33332962098737573	0.33332944422804994	0.33332926747035246	0.3333290907142785	0.33332891395982356	0.3333287372069834	0.333328560455754	0.3333283837061317	0.33332820695811294	0.33332803021169405
0.0019408858775927784	0.3333333333333333	0.33333315158201304	0.33333296983328586	0.33333278808699296	0.3333326063430054	0.33333242460121804	0.33333224286154506	0.3333320611239162	0.33333187938827463	0.33333169765457304	0.33333151592277266	0.3333313341928416	0.33333115246475353	0.33333097073848605	0.3333307890140209	0.33333060729134223	0.333330425570437	0.3333302438512937	0.3333300621339025	0.33332988041825495	0.33332969870434326	0.33332951699216096	0.33332933528170194	0.3333291535729606	0.333328971865932	0.3333287901606114	0.33332860845699425	0.3333284267550767	0.3333282450548545	0.33332806335632403	0.33332788165948146
0.001967886289706845	0.3333333333333333	0.3333331464900525	0.33333295964950516	0.33333277281152107	0.3333325859759625	0.33333239914271773	0.3333322123116963	0.3333320254828244	0.3333318386560424	0.3333316518313011	0.33333146500856037	0.3333312781877871	0.333331091368954	0.3333309045520385	0.3333307177370215	0.3333305309238872	0.33333034411262186	0.3333301573032138	0.33332997049565327	0.33332978368993144	0.33332959688604047	0.3333294100839733	0.33332922328372405	0.3333290364852867	0.3333288496886562	0.3333286628938276	0.33332847610079636	0.333328289309558	0.33332810252010836	0.3333279157324436	0.3333277289465597
0.00199526231496888	0.3333333333333333	0.3333331412554362	0.33333294918042045	0.33333275710810345	0.33333256503833836	0.3333323729710066	0.3333321809060127	0.33333198884327936	0.3333317967827437	0.333331604724355	0.33333141266807137	0.3333312206138588	0.3333310285616893	0.3333308365115393	0.33333064446338956	0.3333304524172237	0.33333026037302793	0.3333300683307904	0.33332987629050076	0.3333296842521501	0.33332949221573055	0.33332930018123474	0.33332910814865657	0.3333289161179898	0.3333287240892292	0.33332853206236973	0.3333283400374064	0.33332814801433464	0.33332795599314996	0.3333277639738483	0.3333275719564255
0.002023019178678272	0.3333333333333333	0.3333331358741679	0.33333293841803907	0.3333327409647518	0.33333254351414915	0.3333323460661056	0.3333321486205204	0.3333319511773122	0.33333175373641577	0.3333315562977777	0.3333313588613551	0.33333116142711283	0.3333309639950219	0.3333307665650581	0.33333056913720216	0.333330371711437	0.3333301742877485	0.33332997686612464	0.33332977944655484	0.33332958202902996	0.3333293846135419	0.3333291872000832	0.33332898978864717	0.33332879237922786	0.3333285949718194	0.33332839756641663	0.3333282001630141	0.33332800276160746	0.3333278053621918	0.3333276079647627	0.33332741056931564
0.002051162178825566	0.3333333333333333	0.3333331303421382	0.3333329273541439	0.3333327243691409	0.33333252138696234	0.3333323184074751	0.33333211543057273	0.3333319124561703	0.3333317094841992	0.3333315065146044	0.3333313035473412	0.33333110058237336	0.33333089761967116	0.3333306946592102	0.33333049170097007	0.33333028874493364	0.3333300857910866	0.33332988283941634	0.33332967988991236	0.3333294769425652	0.3333292739973662	0.3333290710543081	0.3333288681133838	0.3333286651745869	0.3333284622379117	0.33332825930335225	0.33332805637090346	0.3333278534405601	0.3333276505123172	0.33332744758617	0.3333272446621141
0.0020796966871036954	0.3333333333333333	0.33333312465512427	0.3333329159802887	0.333332707308602	0.33333249863988657	0.33333228997400155	0.3333320813108346	0.3333318726502965	0.3333316639923162	0.33333145533683606	0.33333124668381015	0.33333103803320113	0.33333082938497827	0.3333306207391167	0.3333304120955955	0.3333302034543973	0.3333299948155071	0.3333297861789126	0.33332957754460263	0.33332936891256737	0.33332916028279835	0.33332895165528753	0.3333287430300278	0.3333285344070125	0.3333283257862355	0.33332811716769073	0.33332790855137273	0.33332769993727585	0.3333274913253952	0.3333272827157252	0.33332707410826135
0.0021086281499332893	0.3333333333333333	0.3333331188087837	0.33333290428778933	0.3333326897701097	0.3333324752555558	0.3333322607439784	0.33333204623525925	0.33333183172930514	0.33333161722604127	0.3333314027254085	0.3333311882273593	0.33333097373185483	0.333330759238864	0.333330544748361	0.3333303302603247	0.3333301157747371	0.3333299012915832	0.33332968681085007	0.3333294723325263	0.333329257856602	0.3333290433830681	0.33332882891191656	0.3333286144431399	0.33332839997673114	0.33332818551268373	0.3333279710509913	0.33332775659164815	0.33332754213464827	0.3333273276799864	0.3333271132276567	0.33332689877765426
0.0021379620895022318	0.3333333333333333	0.33333311279865296	0.33333289226771945	0.33333267174027514	0.3333324512161188	0.33333223069509255	0.33333201017707215	0.3333317896619597	0.3333315691496776	0.33333134864016445	0.33333112813337085	0.3333309076292572	0.3333306871277917	0.33333046662894766	0.33333024613270346	0.3333300256390409	0.33332980514794464	0.333329584659401	0.33332936417339887	0.33332914368992766	0.33332892320897795	0.3333287027305417	0.3333284822546108	0.333328261781178	0.33332804131023647	0.3333278208417796	0.33332760037580106	0.33332737991229466	0.33332715945125463	0.33332693899267496	0.33332671853655016
0.0021677041048196945	0.3333333333333333	0.3333331066201437	0.3333328799109022	0.33333265320533356	0.33333242650322364	0.3333321998044052	0.33333197310874785	0.3333317464161491	0.333331519726528	0.3333312930398213	0.3333310663559778	0.33333083967495686	0.3333306129967256	0.3333303863212571	0.3333301596485292	0.333329932978523	0.33332970631122283	0.3333294796466152	0.33332925298468796	0.33332902632543054	0.33332879966883333	0.3333285730148874	0.33332834636358494	0.3333281197149178	0.333327893068879	0.3333276664254613	0.3333274397846584	0.33332721314646346	0.3333269865108703	0.33332675987787247	0.33332653324746414
0.002197859872784825	0.33333333333333326	0.3333331002685383	0.3333328672079038	0.3333326341511349	0.33333240109800444	0.3333321680483352	0.33333193500199026	0.3333317019588625	0.333331468918868	0.33333123588194064	0.3333310028480282	0.3333307698170888	0.33333053678908864	0.33333030376400025	0.3333300707418009	0.3333298377224714	0.3333296047059956	0.33332937169235943	0.3333291386815508	0.3333289056735584	0.33332867266837235	0.3333284396659836	0.33332820666638335	0.3333279736695634	0.33332774067551646	0.3333275076842347	0.33332727469571144	0.3333270417099393	0.33332680872691184	0.3333265757466221	0.33332634276906375
0.0022284351492703035	0.3333333333333333	0.3333330937389878	0.3333328541490259	0.333332614563133	0.3333323749810668	0.33333213540264073	0.3333318958277107	0.3333316562561648	0.333331416687916	0.3333311771228957	0.33333093756105014	0.3333306980023365	0.3333304584467198	0.33333021889417214	0.3333299793446703	0.3333297397981947	0.33332950025472863	0.33332926071425784	0.3333290211767693	0.33332878164225194	0.333328542110695	0.3333283025820891	0.33332806305642526	0.3333278235336945	0.3333275840138894	0.3333273444970014	0.33332710498302326	0.3333268654719475	0.3333266259637667	0.33332638645847396	0.333326146956062
0.0022594357702209775	0.3333333333333333	0.33333308702650666	0.33333284072429903	0.33333259442637364	0.33333234813247337	0.3333321018424012	0.33333185555600575	0.3333316092731704	0.3333313629938044	0.33333111671783755	0.3333308704452139	0.3333306241758895	0.333330377909829	0.3333301316470034	0.3333298853873893	0.33332963913096614	0.3333293928777172	0.3333291466276276	0.33332890038068397	0.33332865413687474	0.3333284078961886	0.3333281616586159	0.33332791542414697	0.33332766919277257	0.3333274229644843	0.3333271767392736	0.3333269305171325	0.33332668429805296	0.3333264380820273	0.33332619186904766	0.3333259456591067
0.002290867652767773	0.3333333333333333	0.3333330801259702	0.33333282692347366	0.33333257372548386	0.3333323205317278	0.3333320673419976	0.33333181415613433	0.3333315609740164	0.33333130779554987	0.3333310546206616	0.3333308014492948	0.33333054828140385	0.33333029511695267	0.33333004195591187	0.3333297887982568	0.3333295356439673	0.3333292824930255	0.33332902934541625	0.33332877620112594	0.33332852306014193	0.33332826992245307	0.3333280167880486	0.33332776365691863	0.3333275105290533	0.3333272574044437	0.3333270042830807	0.33332675116495575	0.3333264980500602	0.3333262449383859	0.3333259918299243	0.3333257387246676
0.002322736796357107	0.3333333333333333	0.33333307303211	0.3333328127360139	0.3333325524446607	0.3333322921577605	0.33333203187509397	0.33333177159649485	0.3333315113218362	0.3333312510510205	0.33333099078397255	0.33333073052063356	0.33333047026095713	0.33333021000490604	0.3333299497524504	0.333329689503565	0.33332942925822895	0.33332916901642407	0.3333289087781345	0.333328648543346	0.33332838831204575	0.3333281280842217	0.3333278678598627	0.33332760763895797	0.3333273474214976	0.3333270872074717	0.33332682699687066	0.33332656678968503	0.333326306585906	0.33332604638552443	0.3333257861885313	0.3333255259949185
0.0023550492838960097	0.3333333333333333	0.3333330657395099	0.3333327981510882	0.3333325305676576	0.3333322629889106	0.3333319954146162	0.3333317278446	0.33333146027872984	0.33333119271690476	0.333330925159047	0.3333306576050963	0.333330390055005	0.33333012250873517	0.3333298549662561	0.3333295874275418	0.3333293198925711	0.3333290523613249	0.33332878483378714	0.3333285173099426	0.33332824978977826	0.3333279822732812	0.3333277147604396	0.3333274472512423	0.3333271797456785	0.33332691224373756	0.33332664474540946	0.33332637725068415	0.3333261097595519	0.33332584227200296	0.3333255747880278	0.33332530730761734
0.002387811282913178	0.33333333333333326	0.3333330582426023	0.3333327831575618	0.33333250807777365	0.3333322330029115	0.3333319579327322	0.33333168286705295	0.33333140780573645	0.33333113274867804	0.33333085769579773	0.3333305826470333	0.3333303076023363	0.3333300325616676	0.33332975752499555	0.3333294824922941	0.333329207463541	0.33332893243871675	0.3333286574178044	0.33332838240078844	0.3333281073876548	0.3333278323783901	0.3333275573729818	0.3333272823714182	0.33332700737368737	0.33332673237977845	0.33332645738968025	0.33332618240338224	0.33332590742087387	0.33332563244214475	0.3333253574671849	0.33332508249598386
0.002421029046736178	0.3333333333333333	0.3333330505356635	0.33333276774398835	0.33333248495783985	0.33333220217687254	0.3333319194008302	0.3333316366295219	0.3333313538628043	0.3333310711005696	0.333330788342735	0.33333050558923705	0.3333302228400257	0.33332994009506123	0.3333296573543111	0.3333293746177486	0.33332909188535026	0.33332880915709656	0.33332852643296973	0.3333282437129532	0.33332796099703266	0.3333276782851936	0.33332739557742297	0.3333271128737081	0.33332683017403647	0.3333265474783962	0.33332626478677563	0.33332598209916325	0.3333256994155477	0.3333254167359178	0.3333251340602628	0.3333248513885719
0.0024547089156850307	0.3333333333333333	0.3333330426128094	0.33333275189859984	0.333332461190206	0.33333217048726155	0.33333187978949685	0.3333315890967123	0.3333312984087593	0.3333310077255257	0.33333071704692696	0.3333304263728974	0.3333301357033861	0.3333298450383523	0.33332955437776235	0.33332926372158894	0.33332897306980824	0.33332868242239966	0.3333283917793445	0.33332810114062567	0.33332781050622784	0.333327519876136	0.3333272292503361	0.3333269386288144	0.3333266480115579	0.33332635739855376	0.33332606678978927	0.3333257761852523	0.33332548558493064	0.3333251949888122	0.3333249043968854	0.3333246138091383
0.002488857318282391	0.3333333333333333	0.3333330344679909	0.3333327356092999	0.33333243675672797	0.33333213790988775	0.3333318390684955	0.3333315402323426	0.3333312414012748	0.33333094257517626	0.3333306437539597	0.3333303449375583	0.33333004612591943	0.33332974731900117	0.33332944851676966	0.33332914971919636	0.3333288509262565	0.3333285521379287	0.3333282533541938	0.33332795457503356	0.3333276558004318	0.33332735703037253	0.33332705826484077	0.3333267595038223	0.3333264607473026	0.3333261619952683	0.33332586324770574	0.33332556450460155	0.33332526576594296	0.3333249670317167	0.33332466830191054	0.33332436957651146
0.0025234807724805746	0.3333333333333333	0.33333302609498994	0.33333271886365223	0.3333324116387533	0.3333321044198826	0.3333317972067422	0.3333314899991144	0.33333118279683865	0.33333087559979574	0.333330568407896	0.33333026122107035	0.3333299540392653	0.3333296468624381	0.33332933969055334	0.3333290325235818	0.33332872536149816	0.3333284182042799	0.33332811105190674	0.33332780390435973	0.33332749676162177	0.3333271896236758	0.33332688249050596	0.3333265753620967	0.3333262682384329	0.33332596111949997	0.33332565400528313	0.3333253468957684	0.3333250397909416	0.33332473269078894	0.3333244255952966	0.3333241185044513
0.002558585886905646	0.3333333333333333	0.3333330174874136	0.33333270164887296	0.33333238581710667	0.33333206999168086	0.33333175417228245	0.3333314383586843	0.33333112255072	0.33333080674826654	0.33333049095123146	0.33333017515954433	0.33332985937314996	0.3333295435920045	0.3333292278160719	0.3333289120453217	0.3333285962797277	0.33332828051926633	0.3333279647639163	0.33332764901365786	0.33332733326847236	0.33332701752834204	0.3333267017932499	0.33332638606317944	0.3333260703381142	0.3333257546180385	0.33332543890293664	0.3333251231927934	0.3333248074875938	0.33332449178732265	0.3333241760919654	0.3333238604015074
0.0025941793621188144	0.3333333333333333	0.33333300863869064	0.3333326839518194	0.3333323592720759	0.3333320345990014	0.3333317099322669	0.33333138527163597	0.33333106061693574	0.3333307359680396	0.33333041132485236	0.3333300866873019	0.3333297620553316	0.33332943742889665	0.33332911280795957	0.33332878819248934	0.33332846358245805	0.33332813897784164	0.33332781437861725	0.33332748978476434	0.33332716519626293	0.33332684061309426	0.3333265160352399	0.33332619146268233	0.33332586689540383	0.33332554233338757	0.3333252177766168	0.33332489322507497	0.33332456867874594	0.3333242441376134	0.3333239196016619	0.3333235950708753
0.002630267991895382	0.3333333333333333	0.33333299954206486	0.33333266575898135	0.33333233198339696	0.3333319982148269	0.3333316644529264	0.3333313306974486	0.3333309969482149	0.33333066320509425	0.3333303294679894	0.33332999573682603	0.3333296620115465	0.33332932829210427	0.3333289945784612	0.33332866087058455	0.3333283271684457	0.33332799347201914	0.333327659781281	0.33332732609620935	0.3333269924167831	0.33332665874298184	0.3333263250747863	0.33332599141217745	0.33332565775513634	0.3333253241036449	0.33332499045768504	0.3333246568172391	0.3333243231822895	0.33332398955281906	0.33332365592881036	0.33332332231024686
0.0026668586645214798	0.3333333333333333	0.3333329901905917	0.33333264705646987	0.3333323039302379	0.33333196081138367	0.33333161769954567	0.333331274594467	0.3333309314959625	0.33333058840389757	0.33333024531817196	0.33332990223870984	0.33332955916545165	0.33332921609834965	0.33332887303736447	0.3333285299824622	0.333328186933613	0.3333278438907898	0.33332750085396773	0.33332715782312305	0.33332681479823373	0.3333264717792779	0.3333261287662347	0.33332578575908367	0.33332544275780474	0.33332509976237834	0.33332475677278495	0.3333244137890056	0.3333240708110213	0.3333237278388136	0.333323384872364	0.3333230419116544
0.002703958364108844	0.3333333333333333	0.33333298057713134	0.3333326278300068	0.333332275091183	0.33333192236011944	0.33333156963643723	0.333331216919869	0.3333308642102232	0.33333051150736115	0.3333301588111801	0.33332980612160207	0.3333294534385662	0.3333291007620231	0.33332874809193214	0.33332839542825804	0.3333280427709694	0.3333276901200379	0.33332733747543697	0.33332698483714185	0.3333266322051285	0.33332627957937383	0.3333259269598553	0.3333255743465512	0.3333252217394397	0.3333248691384997	0.33332451654371054	0.3333241639550516	0.33332381137250233	0.33332345879604297	0.3333231062256536	0.3333227536613147
0.0027415741719278826	0.3333333333333333	0.33333297069434425	0.33333260806491427	0.33333224544421736	0.3333318828316828	0.33333152022691437	0.33333115762963333	0.3333307950396425	0.33333043245679844	0.3333300698809961	0.33332970731215494	0.3333293447502129	0.33332898219511914	0.33332861964683114	0.33332825710531233	0.3333278945705297	0.3333275320424535	0.33332716952105557	0.33332680700630923	0.33332644449818927	0.33332608199667046	0.3333257195017291	0.33332535701334154	0.3333249945314843	0.33332463205613494	0.33332426958727085	0.33332390712487003	0.33332354466891057	0.3333231822193709	0.3333228197762296	0.33332245733946564
0.0027797132677592883	0.3333333333333333	0.3333329605346853	0.3333325877461033	0.33333221496670873	0.3333318421959003	0.33333146943326264	0.3333310966785066	0.333330723931428	0.3333303511918796	0.3333299784597533	0.33332960573496695	0.3333292330174561	0.33332886030716835	0.33332848760406003	0.3333281149080923	0.3333277422192311	0.3333273695374445	0.3333269968627027	0.3333266241949774	0.33332625153424134	0.3333258788804679	0.3333255062336312	0.33332513359370597	0.3333247609606671	0.3333243883344903	0.3333240157151513	0.33332364310262635	0.3333232704968918	0.33332289789792446	0.3333225253057016	0.3333221527202004
0.002818382931264454	0.3333333333333333	0.33333295009039804	0.33333256685806184	0.3333321836353915	0.3333318004217527	0.33333141721671133	0.33333103401996705	0.3333306508313088	0.3333302676505853	0.3333298844776855	0.3333295013125248	0.3333291181550374	0.3333287350051689	0.33332835186287346	0.33332796872811127	0.3333275856008455	0.3333272024810429	0.33332681936867165	0.3333264362637015	0.33332605316610325	0.3333256700758483	0.33332528699290903	0.3333249039172581	0.3333245208488685	0.3333241377877142	0.33332375473376896	0.3333233716870073	0.3333229886474037	0.33332260561493327	0.3333222225895712	0.33332183957129347
0.0028575905433749467	0.3333333333333333	0.3333329393535084	0.3333325453848439	0.333332151426348	0.3333317574773527	0.33333136353740445	0.33333096960619096	0.3333305756834947	0.33333018176915996	0.3333297878630729	0.3333293939651466	0.33332900007531285	0.3333286061935158	0.33332821231970755	0.3333278184538459	0.3333274245958928	0.3333270307458124	0.3333266369035708	0.33332624306913594	0.33332584924247616	0.33332545542356096	0.33332506161236053	0.3333246678088457	0.3333242740129873	0.3333238802247573	0.33332348644412735	0.33332309267106996	0.3333226989055582	0.3333223051475646	0.333321911397063	0.3333215176540271
0.0028973435877013226	0.3333333333333333	0.33333292831581923	0.3333325233100562	0.3333321183149909	0.33333171332991984	0.33333130835436914	0.3333309033880151	0.3333304984306329	0.3333300934820629	0.33332968854218775	0.33332928361091835	0.33332887868818445	0.3333284737739279	0.3333280688680987	0.3333276639706525	0.33332725908154887	0.33332685420075003	0.33332644932821964	0.33332604446392333	0.3333256396078274	0.33332523475989895	0.3333248299201059	0.33332442508841664	0.3333240202648001	0.33332361544922595	0.3333232106416638	0.3333228058420841	0.3333224010504575	0.33332199626675485	0.33332159149094787	0.3333211867230082
0.002937649651961531	0.33333333333333326	0.33333291696890366	0.3333325006168467	0.333332084276044	0.33333166794575514	0.33333125162548544	0.3333308353148994	0.3333304190137649	0.3333300027219181	0.33332958643923827	0.3333291701656339	0.33332875390103234	0.33332833764537295	0.33332792139860373	0.333327505160678	0.3333270889315525	0.33332667271118716	0.33332625649954356	0.3333258402965844	0.3333254241022736	0.33332500791657593	0.3333245917394567	0.33332417557088223	0.33332375941081893	0.33332334325923396	0.3333229271160948	0.3333225109813695	0.3333220948550266	0.3333216787370349	0.3333212626273637	0.3333208465259826
0.0029785164294291893	0.3333333333333333	0.3333329053040992	0.3333324772878914	0.33333204928352334	0.3333316212902164	0.33333119330745414	0.3333307653348889	0.3333303373722818	0.33332990941946367	0.33332948147631114	0.3333290535427298	0.3333286256186441	0.33332819770399147	0.33332776979871703	0.33332734190277147	0.3333269140161092	0.3333264861386873	0.3333260582704644	0.33332563041140084	0.3333252025614579	0.3333247747205976	0.3333243468887827	0.3333239190659768	0.3333234912521439	0.3333230634472484	0.3333226356512557	0.33332220786413114	0.3333217800858409	0.3333213523163515	0.33332092455563	0.33332049680364373
0.003019951720402016	0.3333333333333333	0.3333328933124997	0.3333324533053804	0.33333201331071693	0.3333315733276908	0.33333113335576303	0.33333069339457366	0.3333302534438766	0.33332981350349833	0.3333293735733115	0.33332893365321875	0.33332849374314244	0.33332805384301656	0.33332761395278365	0.33332717407239176	0.3333267342017923	0.3333262943409394	0.333325854489789	0.33332541464829823	0.33332497481642565	0.33332453499413056	0.3333240951813726	0.3333236553781127	0.3333232155843121	0.3333227757999327	0.33332233602493705	0.33332189625928804	0.3333214565029489	0.33332101675588405	0.33332057701805773	0.33332013728943516
0.003061963433690677	0.3333333333333333	0.3333328809849503	0.33333242865100565	0.333331976330165	0.333331524021568	0.33333107172465326	0.33333061943904796	0.33333016716449876	0.33332971490082697	0.3333292626479018	0.33332881040562307	0.33332835817390954	0.3333279059526927	0.33332745374191186	0.3333270015415119	0.33332654935144135	0.33332609717165107	0.3333256450020936	0.33332519284272344	0.3333247406934956	0.3333242885543663	0.3333238364252924	0.33332338430623165	0.3333229321971424	0.33332248009798365	0.333322028008715	0.33332157592929645	0.33332112385968904	0.3333206717998539	0.333320219749753	0.3333197677093487
0.0031045595881283557	0.3333333333333333	0.33333286831203945	0.33333240330594593	0.33333193831363805	0.3333314733342127	0.3333310083670849	0.33333054341186896	0.3333300784683037	0.3333296135362057	0.3333291486154404	0.333328683705904	0.3333282188075122	0.3333277539201931	0.33332728904388287	0.33332682417852294	0.3333263593240583	0.3333258944804364	0.33332542964760686	0.3333249648255199	0.33332450001412783	0.3333240352133833	0.3333235704232399	0.3333231056436522	0.3333226408745753	0.3333221761159653	0.33332171136777844	0.3333212466299721	0.33332078190250386	0.33332031718533245	0.3333198524784168	0.3333193877817163
0.003147748314101316	0.33333333333333326	0.33333285528409196	0.3333323772508527	0.3333318992321166	0.3333314212269356	0.33333094323470075	0.3333304652550132	0.3333299872876039	0.33332950933228433	0.3333290313889159	0.3333285534573911	0.33332807553762217	0.3333275976295336	0.333327119733058	0.3333266418481331	0.33332616397470005	0.33332568611270275	0.3333252082620869	0.33332473042279953	0.33332425259478865	0.3333237747780038	0.33332329697239504	0.33332281917791323	0.3333223413945102	0.3333218636221385	0.3333213858607514	0.3333209081103029	0.3333204303707475	0.33331995264204073	0.3333194749241384	0.3333189972169975
0.003191537855100762	0.3333333333333333	0.33333284189116197	0.33333235046583587	0.3333318590557681	0.33333136765996385	0.33333087627778957	0.33333038490883266	0.3333298935528164	0.3333294022095467	0.33332891087888095	0.33332841956070747	0.33332792825493474	0.3333274369614833	0.33332694568028187	0.33332645441126413	0.3333259631543672	0.3333254719095311	0.3333249806766974	0.33332448945580895	0.3333239982468102	0.33332350704964664	0.33332301586426427	0.33332252469061086	0.33332203352863404	0.33332154237828304	0.33332105123950756	0.333320560112258	0.3333200689964859	0.33331957789214295	0.33331908679918204	0.33331859571755684
0.003235936569296283	0.3333333333333333	0.333332828123024	0.3333323229304476	0.33333181775392423	0.33333131259241033	0.3333308074452471	0.33333030231200883	0.33332979719240985	0.33332929208625095	0.33332878699338436	0.3333282819136947	0.333327776847086	0.3333272717934749	0.3333267667527853	0.3333262617249467	0.333325756709892	0.33332525170755684	0.33332474671787815	0.33332424174079484	0.3333237367762468	0.3333232318241759	0.33332272688452363	0.3333222219572337	0.33332171704225005	0.33332121213951793	0.3333207072489834	0.3333202023705931	0.3333196975042949	0.33331919265003696	0.33331868780776885	0.33331818297744065
0.00328095293113119	0.3333333333333333	0.3333328139691673	0.3333322946236681	0.33333177529505803	0.33333125598224356	0.33333073668453994	0.3333302174015069	0.333329698132851	0.33332917887836655	0.3333286596379015	0.3333281404113354	0.3333276211985682	0.33332710199951116	0.3333265828140841	0.33332606364221173	0.33332554448382196	0.33332502533884545	0.3333245062072151	0.3333239870888648	0.33332346798373025	0.33332294889174785	0.33332242981285604	0.3333219107469933	0.3333213916940999	0.3333208726541167	0.3333203536269856	0.3333198346126497	0.33331931561105244	0.33331879662213876	0.33331827764585426	0.3333177586821453
0.0033265955329400453	0.3333333333333333	0.3333327994187859	0.333332265523888	0.3333317316467595	0.3333311977862546	0.3333306639416618	0.33333013011252666	0.33332959629854697	0.33332906249951105	0.3333285287152614	0.33332799494567267	0.3333274611906396	0.3333269274500688	0.3333263937238746	0.3333258600119767	0.333325326314298	0.333324792630764	0.333324258961302	0.3333237253058417	0.33332319166431335	0.3333226580366491	0.3333221244227819	0.33332159082264656	0.3333210572361779	0.33332052366331294	0.3333199901039891	0.33331945655814516	0.33331892302572064	0.3333183895066564	0.3333178560008938	0.3333173225083757
0.003372873086588689	0.3333333333333333	0.3333327844607716	0.33333223560889325	0.33333168677571057	0.3333311379600241	0.3333305891610948	0.3333300403784535	0.3333294916117891	0.3333289428608833	0.333328394125573	0.3333278454057276	0.33332729670123606	0.3333267480119997	0.33332619933792734	0.3333256506789329	0.33332510203493376	0.3333245534058497	0.3333240047916032	0.33332345619211784	0.33332290760731903	0.33332235903713353	0.3333218104814897	0.3333212619403165	0.33332071341354486	0.3333201649011067	0.3333196164029346	0.3333190679189631	0.3333185194491273	0.33331797099336347	0.33331742255160923	0.33331687412380284
0.003419794425137088	0.3333333333333333	0.33333276908370446	0.33333220485584736	0.3333316406476608	0.33333107645788973	0.33333051228576693	0.3333299481308083	0.3333293839926935	0.3333288198711972	0.33332825576615016	0.33332769167741594	0.3333271276048779	0.33332656354843093	0.33332599950797787	0.33332543548342647	0.33332487147468826	0.3333243074816772	0.3333237435043096	0.33332317954250323	0.3333226155961782	0.3333220516652553	0.33332148774965753	0.33332092384930895	0.3333203599641349	0.3333197960940622	0.33331923223901905	0.3333186683989344	0.3333181045737391	0.33331754076336473	0.3333169769677442	0.3333164131868117
0.0034673685045253162	0.33333333333333326	0.33333275327584516	0.33333217324127395	0.3333315932273997	0.3333310132329096	0.33333043325700756	0.3333298532991942	0.3333292733591393	0.3333286934366105	0.3333281135314319	0.33332753364346057	0.3333269537725732	0.3333263739186585	0.33332579408161256	0.3333252142613366	0.3333246344577356	0.33332405467071696	0.3333234749001908	0.3333228951460686	0.3333223154082645	0.3333217356866933	0.33332115598127204	0.33332057629191914	0.33331999661855455	0.33331941696109957	0.33331883731947687	0.3333182576936107	0.3333176780834266	0.3333170984888512	0.3333165189098128	0.3333159393462407
0.003515604405282981	0.3333333333333333	0.3333327370251257	0.3333321407410396	0.33333154447873126	0.33333094823682774	0.3333303520145037	0.3333297558112436	0.3333291596267073	0.3333285634606548	0.333327967312903	0.3333273711833017	0.33332677507172104	0.33332617897804206	0.3333255829021541	0.3333249868439513	0.33332439080333126	0.33332379478019464	0.33332319877444455	0.33332260278598613	0.33332200681472657	0.33332141086057465	0.333320814923441	0.333320219003238	0.3333196230998796	0.3333190272132812	0.33331843134336014	0.3333178354900349	0.3333172396532257	0.333316643832854	0.3333160480288428	0.33331545224111647
0.0035645113342624426	0.33333333333333326	0.3333327203191391	0.33333210733033436	0.3333314943644452	0.33333088142003664	0.333330268496253	0.33332965559256245	0.33332904270861463	0.33332842984416095	0.3333278169990105	0.333327204173006	0.33332659136600923	0.3333259785778939	0.3333253658085416	0.3333247530578384	0.33332414032567453	0.3333235276119434	0.33332291491654037	0.33332230223936377	0.33332168958031344	0.33332107693929147	0.33332046431620177	0.3333198517109503	0.3333192391234444	0.3333186265535937	0.333318014001309	0.33331740146650335	0.33331678894909095	0.33331617644898764	0.3333155639661111	0.33331495150038054
0.003614098626396133	0.33333333333333326	0.3333327031451318	0.3333320729836541	0.33333144284628974	0.33333081273153986	0.33333018263851777	0.33332955256667485	0.3333289225156495	0.3333282924851846	0.33332766247508056	0.33332703248517187	0.3333264025153121	0.33332577256536655	0.333325142635208	0.33332451272471464	0.33332388283376846	0.3333232529622545	0.33332262311006067	0.333321993277077	0.3333213634631963	0.3333207336683131	0.33332010389232425	0.33331947413512863	0.3333188443966268	0.3333182146767218	0.3333175849753182	0.3333169552923223	0.33331632562764246	0.3333156959811886	0.33331506635287256	0.33331443674260774
0.003664375746478333	0.33333333333333326	0.3333326854899925	0.3333320376747796	0.3333313898849414	0.3333307421189127	0.3333300943757752	0.3333294466549629	0.3333287989561026	0.3333281512789273	0.3333275036232289	0.3333268559888324	0.3333262083755824	0.3333255607833353	0.3333249132119545	0.33332426566130935	0.33332361813127287	0.33332297062172156	0.3333223231325346	0.33332167566359416	0.3333210282147844	0.33332038078599235	0.3333197333771072	0.33331908598802024	0.33331843861862503	0.3333177912688171	0.33331714393849443	0.33331649662755647	0.3333158493359053	0.33331520206344434	0.33331455481007916	0.33331390757571716
0.0037153522909717258	0.3333333333333333	0.3333326673402427	0.3333320013767576	0.3333313354399756	0.3333306695282629	0.33333000364066845	0.33332933777660845	0.3333286719356974	0.3333280061176581	0.3333273403222726	0.33332667454935616	0.3333260087987433	0.3333253430702806	0.33332467736382154	0.3333240116792259	0.33332334601635705	0.33332268037508217	0.3333220147552714	0.3333213491567977	0.333320683579537	0.33332001802336775	0.33331935248817085	0.3333186869738297	0.33331802148023004	0.33331735600726	0.33331669055481	0.33331602512277253	0.33331535971104254	0.333314694319517	0.33331402894809453	0.3333133635966764
0.0037670379898390887	0.3333333333333333	0.3333326486820264	0.33333196406188015	0.33333127946983543	0.33333059490418854	0.33332991036395426	0.3333292258485304	0.33332854135751866	0.33332785689063055	0.3333271724476376	0.3333264880283441	0.3333258036325741	0.3333251192601632	0.3333244349109547	0.3333237505847974	0.33332306628154457	0.3333223820010534	0.333321697743184	0.3333210135078002	0.3333203292947685	0.3333196451039582	0.3333189609352414	0.33331827678849324	0.33331759266359084	0.33331690856041446	0.3333162244788468	0.33331554041877265	0.33331485638007935	0.33331417236265687	0.33331348836639685	0.33331280439119365
0.0038194427084004656	0.3333333333333333	0.3333326295010993	0.33333192570166276	0.3333312219318009	0.33333051818973675	0.3333298144744512	0.3333291107853223	0.3333284071219381	0.33332770348399854	0.333326999871263	0.3333262962835246	0.33332559272059537	0.3333248891822994	0.3333241856684685	0.3333234821789402	0.3333227787135567	0.3333220752721643	0.33332137185461275	0.33332066846075575	0.3333199650904495	0.3333192617435539	0.33331855841993163	0.3333178551194486	0.3333171518419734	0.3333164485873775	0.33331574535553515	0.3333150421463231	0.33331433895962104	0.3333136357953109	0.3333129326532772	0.333312229533407
0.0038725764492161725	0.3333333333333333	0.33333260978281837	0.3333318862668233	0.33333116278195457	0.33333043932636	0.33332971589898447	0.3333289924991864	0.33332826912653934	0.33332754578072976	0.33332682246150497	0.3333260991686451	0.3333253759019498	0.33332465266123046	0.33332392944630623	0.33332320625700274	0.33332248309315027	0.33332175995458335	0.3333210368411409	0.3333203137526651	0.33331959068900185	0.3333188676500006	0.3333181446355143	0.33331742164539874	0.33331669867951313	0.33331597573772	0.3333152528198845	0.33331452992587496	0.3333138070555624	0.33331308420882094	0.33331236138552695	0.33331163858555996
0.003926449353995999	0.3333333333333333	0.3333325895121302	0.33333184572726	0.33333110197515015	0.3333303582538711	0.33332961456233123	0.33332887089986774	0.3333281272660389	0.333327383660517	0.3333266400830357	0.33332589653336137	0.3333251530112801	0.33332440951658926	0.333323666049095	0.33332292260860985	0.333322179194951	0.33332143580794077	0.3333206924474059	0.33331994911317675	0.33331920580508817	0.3333184625229783	0.3333177192666894	0.33331697603606697	0.3333162328309601	0.33331548965122143	0.333314746496707	0.33331400336727557	0.3333132602627896	0.33331251718311417	0.33331177412811763	0.33331103109767124
0.003981071705534972	0.3333333333333333	0.33333256867355965	0.3333318040520271	0.33333103946497644	0.33333027491039796	0.3333295103871622	0.3333287458945847	0.33332798143220665	0.3333272169996858	0.33332645259674043	0.3333256882231225	0.3333249238786024	0.3333241595629637	0.3333233952759977	0.33332263101750265	0.3333218667872823	0.33332110258514547	0.333320338410906	0.33331957426438186	0.33331881014539533	0.333318046053773	0.3333172819893455	0.3333165179519477	0.33331575394141766	0.3333149899575976	0.33331422600033334	0.3333134620694742	0.3333126981648731	0.33331193428638595	0.33331117043387215	0.3333104066071942
0.004036453929676049	0.3333333333333333	0.33333254725119815	0.33333176120931274	0.3333309752037228	0.33333018923233576	0.3333294032939833	0.33332861738795794	0.3333278315137833	0.3333270456711006	0.33332625985961184	0.3333254740790528	0.333324688329178	0.33332390260975486	0.3333231169205594	0.3333223312613742	0.3333215456319888	0.3333207600321976	0.33331997446180034	0.33331918892060153	0.33331840340841057	0.33331761792504155	0.3333168324703129	0.3333160470440474	0.33331526164607184	0.33331447627621746	0.3333136909343193	0.3333129056202164	0.33331212033375135	0.3333113350747705	0.333310549843124	0.33330976463866513
0.004092606597300109	0.33333333333333326	0.33333252522869194	0.3333317171664143	0.33333090914234276	0.3333301011542993	0.3333292932010754	0.3333284852819396	0.3333276773963962	0.33332686954406865	0.3333260617246415	0.3333252539378331	0.3333244461833804	0.3333236384610335	0.33332283077055186	0.3333220231117019	0.3333212154842571	0.33332040788799655	0.33331960032270497	0.3333187927881729	0.33331798528419554	0.3333171778105737	0.3333163703671125	0.3333155629536224	0.3333147555699179	0.33331394821581867	0.33331314089114816	0.3333123335957343	0.3333115263294093	0.33331071909200904	0.33330991188337356	0.3333091047033466
0.004149540426343629	0.3333333333333333	0.33333250258922836	0.33333167188971247	0.3333308412304158	0.3333300106090722	0.3333291800244311	0.333328349475736	0.3333275189624707	0.3333266884842393	0.33332585804070736	0.3333250276315739	0.3333241972565575	0.33332336691538944	0.3333225366078111	0.3333217063335718	0.33332087609242744	0.3333200458841411	0.33331921570848155	0.33331838556522375	0.33331755545414826	0.3333167253750414	0.3333158953276946	0.33331506531190463	0.3333142353274732	0.33331340537420756	0.3333125754519189	0.33331174556042353	0.33331091569954213	0.33331008586909994	0.33330925606892636	0.33330842629885493
0.004207266283844441	0.3333333333333333	0.33333247931552457	0.33333162534464744	0.3333307714161105	0.3333299175275565	0.33332906367769205	0.3333282098657335	0.33332735609114295	0.3333265023535033	0.3333256486524596	0.3333247949876901	0.33332394135889293	0.3333230877657799	0.33332223420807283	0.3333213806855019	0.33332052719780514	0.33331967374472776	0.3333188203260218	0.33331796694144555	0.3333171135907639	0.3333162602737477	0.3333154069901736	0.3333145537398242	0.33331370052248765	0.3333128473379573	0.3333119941860318	0.33331114106651527	0.33331028797921614	0.33330943492394816	0.3333085819005294	0.33330772890878274
0.004265795188015927	0.3333333333333333	0.33333245538981293	0.33333157749569037	0.33333069964614276	0.33332982183871906	0.33332894407208136	0.3333280663454173	0.33332718865816524	0.33332631100988575	0.3333254334002011	0.3333245558287674	0.33332367829526055	0.33332280079937127	0.33332192334080024	0.3333210459192576	0.33332016853446184	0.33331929118613923	0.3333184138740238	0.33331753659785607	0.3333166593573842	0.33331578215236246	0.333314904982552	0.33331402784772024	0.3333131507476405	0.3333122736820921	0.3333113966508602	0.33331051965373537	0.3333096426905138	0.33330876576099644	0.33330788886499013	0.33330701200230584
0.004325138310350088	0.3333333333333333	0.33333243079382885	0.33333152830631807	0.33333062586573764	0.3333297234695391	0.3333288211163381	0.33332791880529233	0.3333270165358144	0.3333261143074404	0.3333252121197682	0.3333243099724297	0.3333234078650774	0.33332250579737843	0.33332160376901143	0.3333207017796649	0.33331979982903615	0.33331889791683167	0.33331799604276546	0.33331709420655997	0.33331619240794474	0.3333152906466571	0.33331438892244125	0.33331348723504833	0.33331258558423615	0.33331168396976923	0.333310782391418	0.3333098808489592	0.3333089793421755	0.3333080778708553	0.33330717643479213	0.33330627503378574
0.004385306977749857	0.3333333333333333	0.3333324055087955	0.3333314777389845	0.3333305500185857	0.33332962234495045	0.3333286947166461	0.3333277671327982	0.33332683959279197	0.3333259120961365	0.33332498464240357	0.33332405723119873	0.3333231298621492	0.33332220253489714	0.33332127524909716	0.33332034800441424	0.3333194208005239	0.3333184936371104	0.33331756651386757	0.3333166394304974	0.33331571238671037	0.3333147853822253	0.3333138584167685	0.33331293149007396	0.33331200460188304	0.3333110777519441	0.3333101509400126	0.3333092241658502	0.3333082974292255	0.3333073707299129	0.3333064440676933	0.3333055174423532
0.004446312674691087	0.3333333333333333	0.3333323795154102	0.33333142575509145	0.3333304720468008	0.3333295183877857	0.33332856477656314	0.3333276112122246	0.3333266576941254	0.3333257042217459	0.3333247507946291	0.33332379741235246	0.3333228440745157	0.33332189078073415	0.3333209375306366	0.33331998432386345	0.33331903116006584	0.33331807803890523	0.33331712496005306	0.33331617192319013	0.33331521892800664	0.3333142659742012	0.33331331306148143	0.3333123601895631	0.3333114073581699	0.33331045456703334	0.3333095018158926	0.333308549104494	0.3333075964325906	0.33330664379994274	0.33330569120631737	0.33330473865148713
0.004508167045414602	0.3333333333333333	0.33333235279383006	0.3333313723149608	0.3333303918908764	0.33332941151871737	0.3333284311969478	0.333327450924623	0.333326470701066	0.33332549052572563	0.33332451039811406	0.33332353031777845	0.33332255028428875	0.3333215702972317	0.33332059035620837	0.33331961046083225	0.333318630610729	0.3333176508055356	0.3333166710448997	0.33331569132847927	0.33331471165594273	0.33331373202696774	0.3333127524412418	0.33331177289846103	0.3333107933983309	0.3333098139405648	0.33330883452488475	0.33330785515102046	0.3333068758187094	0.33330589652769627	0.33330491727773315	0.33330393806857905
0.00457088189614875	0.3333333333333333	0.3333323253236559	0.3333313173778025	0.33333030948963965	0.33332930165619706	0.3333282938758838	0.3333272861477159	0.333326278470982	0.33332527084509694	0.3333242632695392	0.3333232557438232	0.33332224826748713	0.3333212408400866	0.33332023346119316	0.333319226130392	0.333318218847281	0.3333172116114709	0.33331620442258403	0.3333151972802544	0.3333141901841268	0.33331318313385677	0.3333121761291104	0.3333111691695635	0.3333101622549012	0.33330915538481853	0.333308148559019	0.33330714177721493	0.33330613503912676	0.33330512834448356	0.33330412169302154	0.3333031150844848
0.00463446919736288	0.3333333333333333	0.33333229708391754	0.3333312609016843	0.3333302247802047	0.3333291887163932	0.33332815270860144	0.33332711675580373	0.3333260808572511	0.3333250450123213	0.333324009220457	0.3333229734811372	0.33332193779386554	0.3333209021581648	0.3333198665735746	0.3333188310396492	0.3333177955559578	0.33331676012208267	0.3333157247376193	0.3333146894021757	0.3333136541153723	0.3333126188768408	0.33331158368622427	0.3333105485431769	0.33330951344736315	0.3333084783984576	0.3333074433961446	0.3333064084401183	0.33330537353008105	0.33330433866574505	0.3333033038468304	0.3333022690730651
0.004698941086052154	0.3333333333333333	0.33333226805305705	0.33333120284349993	0.33333013769792486	0.3333290726131278	0.33332800758739933	0.33332694261966955	0.33332587770914823	0.3333248128551738	0.3333237480571495	0.3333226833145163	0.333321618626741	0.33332055399331095	0.3333194894137313	0.33331842488752417	0.3333173604142269	0.33331629599339196	0.33331523162458637	0.33331416730739055	0.3333131030413985	0.3333120388262168	0.3333109746614644	0.3333099105467724	0.33330884648178294	0.33330778246614956	0.3333067184995365	0.3333056545816178	0.33330459071207774	0.33330352689061016	0.3333024631169181	0.33330139939071324
0.004764309868054157	0.3333333333333333	0.33333223820891245	0.3333311431589352	0.33333004817634343	0.3333289532578098	0.33332785840156126	0.3333267636064798	0.3333256688717312	0.3333245741966108	0.3333234795804796	0.33332238502273753	0.33332129052281184	0.3333201960801515	0.3333191016942255	0.3333180073645209	0.3333169130905415	0.3333158188718079	0.3333147247078565	0.3333136305982385	0.3333125365425199	0.33331144254028033	0.3333103485911138	0.33330925469462624	0.3333081608504366	0.33330706705817625	0.3333059733174874	0.33330487962802413	0.33330378598945065	0.333302692401442	0.33330159886368305	0.3333005053758682
0.004830588020397726	0.3333333333333333	0.3333322075287019	0.3333310818024361	0.33332995614714367	0.33332883055936924	0.33332770503727277	0.3333265795796847	0.3333254541857233	0.3333243288546369	0.3333232035857414	0.33332207837839223	0.3333209532319741	0.3333198281458953	0.3333187031195856	0.33331757815249463	0.33331645324409076	0.33331532839386047	0.33331420360130737	0.33331307886595174	0.3333119541873299	0.333310829564993	0.3333097049985079	0.3333085804874549	0.33330745603142786	0.3333063316300344	0.3333052072828945	0.33330408298964	0.3333029587499148	0.33330183456337376	0.3333007104296829	0.3332995863485182
0.004897788193684462	0.3333333333333333	0.3333321759890049	0.33333101872717213	0.3333298615400953	0.3333287044241863	0.3333275473775339	0.3333263903989133	0.3333252334873912	0.33332407664216557	0.3333229198625031	0.3333217631477119	0.3333206064971307	0.3333194499101241	0.3333182933860804	0.3333171369244089	0.33331598052454	0.333314824185924	0.33331366790802963	0.3333125116903445	0.33331135553237295	0.3333101994336367	0.33330904339367307	0.33330788741203526	0.33330673148829126	0.3333055756220233	0.33330441981282743	0.33330326406031285	0.33330210836410146	0.3333009527238274	0.33329979713913643	0.33329864160968586
0.004965923214503361	0.3333333333333333	0.33333214356574464	0.3333309538850015	0.333329764283002	0.33332857475602046	0.33332738530206985	0.3333261959198665	0.33332500660842096	0.333323817366877	0.33332262819444824	0.3333214390903915	0.3333202500539967	0.33331906108458165	0.3333178721814897	0.33331668334408765	0.33331549457176557	0.3333143058639346	0.33331311722002716	0.3333119286394952	0.33331074012181006	0.3333095516664612	0.3333083632729559	0.3333071749408181	0.3333059866695883	0.333304798458822	0.3333036103080902	0.33330242221697837	0.33330123418508506	0.3333000462120225	0.3332988582974158	0.33329767044090175
0.0050350060878790485	0.3333333333333333	0.33333211023417053	0.33333088722643467	0.33332966430164646	0.33332844145593715	0.33332721868724036	0.333325995994208	0.33332477337579025	0.33332355083107224	0.3333223283592105	0.3333211059594068	0.3333198836308986	0.33331866137295363	0.33331743918486734	0.33331621706596126	0.3333149950155819	0.33331377303309956	0.33331255111790725	0.33331132926941975	0.3333101074870727	0.33330888577032214	0.33330766411864293	0.3333064425315284	0.33330522100848986	0.3333039995490551	0.3333027781527686	0.33330155681919005	0.3333003355478944	0.3332991143384705	0.3332978931905215	0.3332966721036631
0.005105049999754064	0.3333333333333333	0.3333320759688385	0.33333081870059544	0.3333295615197332	0.3333283044222334	0.3333270474059449	0.3333257904694509	0.3333245336116364	0.33332327683152285	0.33332202012820533	0.33332076350082684	0.33331950694856843	0.3333182504706441	0.33331699406629817	0.33331573773480394	0.3333144814754616	0.33331322528759766	0.33331196917056366	0.3333107131237349	0.3333094571465094	0.33330820123830707	0.333306945398569	0.3333056896267564	0.3333044339223493	0.33330317828484635	0.33330192271376424	0.33330066720863605	0.33329941176901107	0.3332981563944541	0.3332969010845453	0.3332956458388782
0.005176068319505677	0.3333333333333333	0.3333320407435916	0.33333074825518405	0.33332945585883117	0.33332816355035866	0.3333268713275262	0.3333255791888423	0.3333242871331214	0.3333229951593164	0.3333217032664564	0.3333204114536211	0.3333191197199312	0.33331782806454324	0.3333165364866472	0.3333152449854644	0.33331395356024623	0.3333126622102727	0.33331137093485086	0.33331007973331406	0.33330878860502067	0.33330749754935285	0.3333062065657157	0.3333049156535358	0.3333036248122614	0.3333023340413601	0.3333010433403187	0.33329975270864265	0.3332984621458547	0.33329717165149436	0.3332958812251171	0.33329459086629404
0.0052480746024977255	0.3333333333333333	0.3333320045315407	0.3333306758364355	0.3333293472383131	0.3333280187328369	0.3333266903176708	0.3333253619912433	0.3333240337522925	0.3333227055996977	0.3333213775324167	0.3333200495494614	0.3333187216498876	0.33331739383279085	0.33331606609730263	0.33331473844258963	0.3333134108678506	0.33331208337231627	0.3333107559552467	0.3333094286159309	0.33330810135368494	0.33330677416785115	0.3333054470577963	0.33330412002291143	0.3333027930626103	0.3333014661763279	0.33330013936352043	0.3332988126236636	0.33329748595625264	0.3332961593608001	0.33329483283683636	0.3332935063839084
0.005321082592667942	0.3333333333333333	0.3333319673050432	0.33333060138907944	0.3333292355752949	0.3333278698591832	0.33332650423830656	0.3333251387110069	0.33332377327594004	0.3333224079319057	0.3333210426777852	0.3333196775125175	0.33331831243508975	0.3333169474445314	0.3333155825399122	0.3333142177203398	0.33331285298495794	0.33331148833294433	0.3333101237635096	0.33330875927589565	0.33330739486937355	0.33330603054324376	0.333304666296833	0.3333033021294942	0.3333019380406048	0.33330057402956603	0.3332992100958017	0.33329784623875647	0.3332964824578961	0.3332951187527057	0.3332937551226889	0.3332923915673674
0.005395106225151276	0.3333333333333333	0.33333192903568276	0.3333305248562983	0.33332912078457244	0.3333277168158212	0.3333263129474983	0.3333249091778525	0.33332350550545026	0.333322101929006	0.33332069844731893	0.3333192950592498	0.3333178917637116	0.33331648855966417	0.333315085446111	0.33331368242209725	0.3333122794867075	0.3333108766390639	0.333309473878324	0.3333080712036801	0.3333066686143563	0.3333052661096079	0.33330386368871967	0.3333024613510046	0.3333010590958022	0.33329965692247754	0.3332982548304205	0.33329685281904364	0.3332954508877819	0.3332940490360911	0.33329264726344704	0.33329124556934536
0.005470159628939716	0.3333333333333333	0.3333318896942461	0.33333044617968266	0.33332900277855554	0.3333275594859951	0.33332611629933867	0.33332467321673465	0.3333232302366537	0.33332178735771767	0.3333203445786377	0.33331890189819113	0.33331745931521156	0.3333160168285842	0.333314574437242	0.3333131321401639	0.3333116899363714	0.3333102478249278	0.3333088058049348	0.33330736387553145	0.3333059220358924	0.3333044802852259	0.33330303862277205	0.33330159704780177	0.3333001555596145	0.3332987141575382	0.3332972728409262	0.33329583160915777	0.33329439046163534	0.3332929493977843	0.333291508417052	0.33329006751890605
0.005546257129579108	0.3333333333333333	0.333331849250703	0.33333036529918864	0.33332888146720313	0.3333273977496819	0.3333259141438384	0.33332443064771244	0.33332294725967127	0.33332146397823725	0.333319980802027	0.33331849772972844	0.33331701476009046	0.33331553189191854	0.33331404912407064	0.33331256645545504	0.3333110838850267	0.333309601411786	0.33330811903477525	0.3333066367530784	0.33330515456581694	0.33330367247214937	0.3333021904712693	0.33330070856240296	0.3332992267448085	0.3332977450177733	0.33329626338061435	0.3332947818326746	0.33329330037332316	0.3332918190019538	0.33329033771798316	0.3332888565208503
0.005623413251903491	0.3333333333333333	0.33333180767418163	0.33333028215309063	0.3333287567579529	0.3333272314834997	0.3333257063268116	0.3333241812858112	0.33332265635875413	0.33332113154405607	0.33331960684023215	0.3333180822458742	0.33331655775964103	0.3333150333802531	0.3333135091064886	0.3333119849371805	0.3333104608712131	0.33330893690752006	0.33330741304508166	0.33330588928292204	0.33330436562010807	0.33330284205574523	0.3333013185889782	0.33329979521898645	0.33329827194498385	0.3332967487662169	0.3332952256819628	0.3332937026915276	0.3332921797942453	0.333290656989476	0.3332891342766051	0.33328761165504195
0.005701642722807475	0.33333333333333326	0.3333317649329449	0.3333301966779344	0.3333286285556519	0.33332706056061345	0.3333254926897577	0.33332392494088114	0.3333223573121189	0.33332078980177204	0.3333192224082465	0.333317655130032	0.33331608796569073	0.33331452091385255	0.3333129539732107	0.33331138714251807	0.3333098204205843	0.3333082538062727	0.3333066872984969	0.33330512089621916	0.3333035545984473	0.33330198840423253	0.33330042231266654	0.33329885632288053	0.3332972904340423	0.33329572464535473	0.3332941589560535	0.3332925933654063	0.3332910278727102	0.33328946247729063	0.3332878971785	0.33328633197571605
0.005780960474057181	0.3333333333333333	0.33333172099436814	0.3333301088084898	0.33332849676248344	0.3333268848506391	0.3333252730697429	0.3333236614174552	0.3333220498917815	0.3333204384908993	0.3333188272130984	0.33331721605675846	0.3333156050203391	0.33331399410237345	0.33331238330146445	0.3333107726162803	0.3333091620455509	0.333307551588065	0.33330594124266655	0.333304331008252	0.33330272088376733	0.3333011108682057	0.33329950096060434	0.33329789116004305	0.3332962814656412	0.33329467187655604	0.3332930623919804	0.33329145301114127	0.3332898437332972	0.3332882345577376	0.33328662548378035	0.3332850165107707
0.005861381645140287	0.3333333333333333	0.3333316758249118	0.33333001847769983	0.3333283612778931	0.3333267042195436	0.3333250472992742	0.33332339051459803	0.3333217338633813	0.3333200773436692	0.3333184209536262	0.333316764691515	0.33331510855568547	0.33331345254456796	0.33331179665666955	0.3333101408905681	0.3333084852449096	0.3333068297184037	0.33330517430982065	0.3333035190179873	0.33330186384178495	0.3333002087801453	0.33329855383204876	0.3332968989965209	0.33329524427263046	0.33329358965948697	0.33329193515623834	0.33329028076206885	0.3332886264761974	0.33328697229787535	0.3332853182263847	0.33328366426103695
0.005942921586155726	0.3333333333333333	0.33333162939009797	0.3333299256166302	0.33332822199851186	0.33332651852954365	0.3333248152061731	0.333323112025755	0.33332140898600526	0.3333197060848268	0.3333180033202508	0.3333163006904144	0.33331459819355047	0.33331289582798024	0.3333111935921085	0.3333094914844179	0.33330778950346507	0.33330608764787645	0.333304385916344	0.33330268430762167	0.33330098282052234	0.3332992814539137	0.3332975802067157	0.33329587907789743	0.3332941780664746	0.3332924771715069	0.333290776392095	0.3332890757273792	0.33328737517653645	0.33328567473877846	0.33328397441335034	0.33328227419952794
0.006025595860743578	0.3333333333333333	0.33333158165448223	0.33332983015441686	0.3333280788180776	0.3333263276390005	0.3333245766134446	0.33332282573859434	0.33332107501200353	0.3333193244314231	0.33331757399474077	0.3333158236999601	0.3333140735451894	0.3333123235286338	0.33331057364858907	0.3333088239034372	0.3333070742916406	0.333305324811737	0.3333035754623366	0.33330182624211613	0.33330007714981663	0.33329832818423805	0.3332965793442375	0.3332948306287249	0.3332930820366603	0.3332913335670511	0.33328958521894897	0.3332878369914479	0.33328608888368133	0.3332843408948199	0.3332825930240697	0.33328084527067003
0.0061094202490557204	0.3333333333333333	0.33333153258162784	0.3333297320182106	0.33332793162735297	0.33332613140231127	0.33332433133914185	0.33332253143484514	0.33332073168680176	0.33331893209259855	0.33331713264997037	0.3333153333567783	0.3333135342109977	0.33331173521071	0.33330993635409617	0.3333081376394309	0.3333063390650766	0.33330454062947856	0.33330274233115964	0.33330094416871575	0.33329914614081213	0.3332973482461783	0.3332955504836049	0.33329375285193974	0.3332919553500851	0.33329015797699346	0.3332883607316656	0.33328656361314696	0.3332847666205257	0.3332829697529297	0.3332811730095244	0.333279376389511
0.006194410750767815	0.33333333333333326	0.33333148213407804	0.33332963113312425	0.3333277803140452	0.33332592966980046	0.3333240791962294	0.33332222889013435	0.33332037874870896	0.33331852876936474	0.3333166789496733	0.3333148292873435	0.3333129797802092	0.3333111304262203	0.33330928122343617	0.3333074321700178	0.3333055832642223	0.33330373450439654	0.3333018858889719	0.3333000374164596	0.3332981890854447	0.33329634089458277	0.33329449284259527	0.333292644928265	0.33329079715043314	0.3332889495079958	0.33328710199989975	0.33328525462514047	0.3332834073827586	0.33328156027183764	0.33327971329150086	0.33327786644090945
0.0062805835881331795	0.3333333333333333	0.33333143027332657	0.33332952742217303	0.33332762476271705	0.3333257222876038	0.33332381999243954	0.33332191787381277	0.3333200159287169	0.3333181141543756	0.3333162125481858	0.33331431110769383	0.3333124098305833	0.33331050871466483	0.3333086077578682	0.3333067069582344	0.3333048063139092	0.3333029058231358	0.3333010054842497	0.33329910529567175	0.3332972052559042	0.3332953053635247	0.3332934056171816	0.3332915060155905	0.3332896065575288	0.3332877072418331	0.3332858080673944	0.33328390903315586	0.33328201013810865	0.33328011138129	0.3332782127617793	0.33327631427869664
0.006367955209079158	0.3333333333333333	0.3333313769597891	0.3333294208062174	0.3333274648547012	0.3333255090975526	0.33332355353012655	0.3333215981487822	0.3333196429502976	0.33331768793169514	0.3333157330901851	0.3333137784231412	0.3333118239280869	0.33330986960268494	0.33330791544472793	0.33330596145213004	0.3333040076229192	0.3333020539552297	0.3333001004472954	0.33329814709744354	0.3332961939040884	0.33329424086572607	0.33329228798092925	0.33329033524834223	0.33328838266667626	0.33328643023470583	0.3332844779512639	0.3332825258152389	0.33328057382557114	0.3332786219812488	0.33327667028130636	0.3332747187248203
0.006456542290346555	0.3333333333333333	0.3333313221527724	0.3333293112039022	0.3333273004680092	0.33332528993705235	0.33332327960611674	0.33332126947131435	0.33331925952919217	0.3333172497765574	0.3333152402104209	0.3333132308279724	0.3333112216265653	0.3333092126037054	0.33330720375704015	0.3333051950843496	0.3333031865835376	0.3333011782526234	0.3332991700897343	0.3332971620930988	0.33329515426103923	0.3332931465919664	0.3332911390843736	0.33328913173683095	0.3332871245479804	0.3332851175165318	0.3332831106412575	0.33328110392098925	0.33327909735461375	0.33327709094106894	0.33327508467934186	0.3332730785684643
0.006546361740672749	0.3333333333333333	0.3333312658104437	0.3333291985315941	0.33332713147723847	0.33332506463896	0.33332299801155385	0.3333209315908662	0.333318865373196	0.33331679935512015	0.33331473353343727	0.3333126679051409	0.33331060246740385	0.3333085372175653	0.3333064721531195	0.33330440727170446	0.3333023425710932	0.3333002780491842	0.33329821370399265	0.3332961495336434	0.3332940855363626	0.33329202171047156	0.33328995805438044	0.3332878945665822	0.3332858312456464	0.33328376809021576	0.33328170509899935	0.3332796422707694	0.3332775796043574	0.3332755170986491	0.3332734547525818	0.33327139256514077
0.006637430704019088	0.3333333333333333	0.33333120788979936	0.33332908270331985	0.3333269577534777	0.33332483303145705	0.33332270853174095	0.33332058424989003	0.33331846018193695	0.3333163363242132	0.3333142126732902	0.33331208922595285	0.33330996597918255	0.33330784293014193	0.3333057200761627	0.3333035974147336	0.3333014749434897	0.33329935266020205	0.33329723056276844	0.33329510864920453	0.3332929869176362	0.3332908653662912	0.33328874399349284	0.333286622797653	0.3332845017772665	0.33328238093090523	0.3332802602572131	0.3332781397549006	0.33327601942274115	0.3332738992595663	0.3332717792642619	0.3332696594357647
0.006729766562843178	0.3333333333333333	0.3333311483466305	0.3333289636306981	0.33332677916420717	0.3333245949379173	0.33332241094597603	0.33332022718363674	0.3333180436466473	0.33331586033107574	0.33331367723325245	0.33331149434974044	0.3333093116773175	0.33330712921295935	0.33330494695382634	0.3333027648972493	0.3333005830407179	0.3332984013818696	0.3332962199184787	0.33329403864844714	0.33329185756979485	0.3332896766806521	0.33328749597925167	0.33328531546392126	0.33328313513307695	0.33328095498521787	0.33327877501891895	0.33327659523282716	0.3332744156256552	0.3332722361961783	0.33327005694322864	0.33326787786569273
0.006823386941416696	0.3333333333333333	0.33333108713549076	0.3333288412228742	0.3333265955731998	0.33332435017677453	0.33332210502738546	0.333319860119956	0.3333176154499287	0.3333153710130911	0.3333131268055157	0.33331088282352994	0.3333086390636958	0.3333063955227914	0.3333041521977956	0.33330190908587276	0.3332996661843603	0.33329742349075464	0.33329518100270067	0.3332929387179808	0.333290696634505	0.33328845475030144	0.3332862130635079	0.3332839715723648	0.33328173027520624	0.33327948917045486	0.3332772482566149	0.3332750075322661	0.333272766996059	0.3332705266467095	0.33326828648299434	0.3332660465037473
0.006918309709189365	0.3333333333333333	0.3333310242096611	0.33332871538645004	0.3333264068404158	0.333324098561383	0.33332179054275113	0.3333194827790893	0.33331717526551324	0.3333148679975107	0.3333125609708799	0.33331025418169785	0.33330794762629806	0.3333056413012493	0.33330333520333894	0.33330102932955646	0.333298723677078	0.3332964182432527	0.33329411302558976	0.3332918080217466	0.3332895032295178	0.33328719864682493	0.3332848942717074	0.3332825901023134	0.33328028613689265	0.33327798237378803	0.33327567881142983	0.33327337544832825	0.3332710722830687	0.3332687693143056	0.333266466540758	0.3332641639612046
0.0070145529841997125	0.3333333333333333	0.3333309595211141	0.33332858602541326	0.3333262128218972	0.3333238398998762	0.3333214672523336	0.3333190948734577	0.3333167227580146	0.3333143509011721	0.33331197929843687	0.33330960794562003	0.33330723683881225	0.33330486597436154	0.33330249534885337	0.3333001249590927	0.3332977548020867	0.33329538487502947	0.3332930151752882	0.3332906457003896	0.3332882764480075	0.33328590741595254	0.33328353860216114	0.33328117000468616	0.3332788016216884	0.33327643345142866	0.33327406549225946	0.3332716977426191	0.3332693302010253	0.33326696286606816	0.33326459573640665	0.3332622288107621
0.007112135136533291	0.3333333333333333	0.33333089302047747	0.33332845304106395	0.3333260133696579	0.3333235739950214	0.3333211349096897	0.33331869610744347	0.3333162575826743	0.333313819330209	0.33331138134524374	0.3333089436233075	0.3333065061602344	0.3333040689521387	0.3333016319953934	0.3332991952866088	0.33329675882261456	0.33329432260044284	0.3332918866173116	0.33328945087061085	0.33328701535788885	0.3332845800768398	0.3332821450252931	0.33327971020120245	0.3332772756026361	0.3332748412277688	0.3332724070748731	0.3332699731423118	0.33326753942853193	0.3332651059320574	0.3332626726514838	0.33326023958547313
0.007211074791828996	0.3333333333333333	0.3333308246569965	0.33332831633193916	0.3333258083315709	0.33332330064406834	0.33332079326148567	0.33331828617716575	0.33331577938510026	0.33331327287975215	0.33331076665598763	0.3333082607090365	0.33330575503446136	0.33330324962812985	0.3333007444861903	0.333298239605049	0.33329573498134957	0.3332932306119534	0.33329072649392316	0.33328822262450564	0.3332857190011178	0.33328321562133323	0.3332807124828694	0.33327820958357623	0.33327570692142616	0.3332732044945045	0.333270702301	0.3332682003391973	0.33326569860746985	0.333263197104272	0.3332606958281339	0.3332581947776553
0.007311390834834174	0.3333333333333333	0.3333307543784949	0.33332817579373625	0.3333255975512534	0.333323019638597	0.3333204420473049	0.3333178647702504	0.3333152878009981	0.33331271113362326	0.3333101347626415	0.33330755868296513	0.33330498288986976	0.33330240737896255	0.3332998321461559	0.3332972571876412	0.3332946824998667	0.33329210807951565	0.3332895339234874	0.33328696002887975	0.33328438639297286	0.33328181301321375	0.33327923988720354	0.33327666701268477	0.33327409438752975	0.3332715220097302	0.33326894987738853	0.33326637798870734	0.3332638063419834	0.333261234935599	0.3332586637680154	0.33325609283776736
0.007413102413009175	0.33333333333333326	0.3333306821313356	0.3333280313192332	0.3333253808679464	0.3333227307643574	0.33332008099944943	0.33331743156559274	0.3333147824558954	0.33331213366401974	0.3333094851841091	0.33330683701074	0.33330418913888393	0.33330154156387415	0.33329889428137394	0.3332962472873494	0.3332936005780438	0.3332909541499537	0.33328830799980835	0.3332856621245496	0.33328301652131453	0.33328037118741904	0.33327772612034295	0.33327508131771655	0.33327243677730795	0.3332697924970121	0.33326714847484046	0.333264504708911	0.3332618611974403	0.33325921793873514	0.33325657493118543	0.33325393217325744
0.007516228940182055	0.3333333333333333	0.3333306078603798	0.33332788279820713	0.3333251581163941	0.33332243380110865	0.33331970984273807	0.33331698623311407	0.3333142629648574	0.33331154003119096	0.3333088174258627	0.3333060951430934	0.3333033731775338	0.33330065152422766	0.333297930178577	0.3332952091363113	0.3332924883934587	0.3332897679463209	0.3332870477914489	0.3332843279256221	0.3332816083458287	0.33327888904924735	0.33327617003323184	0.3332734512952956	0.33327073283309844	0.33326801464443445	0.33326529672722033	0.33326257907948553	0.3332598616993635	0.3332571445850817	0.3332544277349553	0.33325171114737945
0.007620790100254121	0.3333333333333333	0.33333053150894426	0.33332773011734973	0.3333249291267169	0.33332212852244997	0.33331932829429645	0.33331652843351156	0.3333137289321957	0.33331092978310495	0.33330813097956746	0.3333053325154273	0.3333025343849969	0.33329973658301504	0.3332969391046091	0.3332941419452599	0.33329134510077085	0.33328854856723933	0.3332857523410308	0.33328295641875477	0.33328016079724426	0.3332773654735354	0.33327457044485054	0.3332717757085813	0.3332689812622749	0.33326618710361977	0.3332633932304347	0.33326059964065674	0.3332578063323315	0.33325501330360463	0.3332522205527125	0.3332494280779758
0.007726805850957024	0.33333333333333326	0.333330453018759	0.3333275731601819	0.33332469372428297	0.3333218146956496	0.3333189360633426	0.33331605781800056	0.33331317995116905	0.33331030245510695	0.333307425322698	0.3333045485473878	0.33330167212313133	0.33329879604434676	0.3332959203058726	0.3332930449029293	0.3332901698310849	0.33328729508622346	0.33328442066451613	0.3332815465623959	0.333278672776534	0.3332757993038177	0.33327292614133275	0.33327005328634407	0.3332671807362813	0.33326430848872346	0.3332614365413864	0.3332585648921108	0.3332556935388512	0.3332528224796668	0.3332499517127121	0.33324708123622904
0.007834296427662117	0.3333333333333333	0.33333037232992235	0.33332741180696446	0.33332445172957514	0.3333214920814677	0.3333185328509669	0.33331557402805084	0.33331261560367426	0.33330965756956765	0.33330669991814327	0.3333037426424257	0.33330078573599353	0.33329782919292705	0.33329487300776167	0.3332919171754448	0.3332889616912985	0.33328600655098367	0.33328305175046924	0.3332800972860037	0.33327714315408974	0.33327418935146014	0.33327123587505775	0.33326828272201625	0.33326532988964197	0.3332623773754002	0.33325942517689955	0.3332564732918798	0.33325352171820033	0.33325057045382966	0.33324761949683634	0.33324466884537973
0.007943282347242816	0.33333333333333326	0.3333302893808551	0.33332724593460716	0.33332420295805454	0.333321160433975	0.33331811834990416	0.33331507669511445	0.3333120354599302	0.3333089946355213	0.33330595421380066	0.3333029141873476	0.333299874549344	0.3332968352935153	0.3332937964140786	0.3332907579056957	0.33328771976343086	0.3332846819827123	0.3332816445592981	0.3332786074892443	0.33327557076887826	0.33327253439477156	0.3332694983637188	0.3332664626727157	0.33326342731894176	0.3332603922997425	0.33325735761261466	0.33325432325519266	0.33325128922523617	0.33324825552061876	0.3332452221393184	0.3332421890794077
0.008053784411990667	0.3333333333333333	0.33333020410825437	0.3333270754165749	0.33332394722001996	0.33332081950036585	0.33331769224430174	0.33331456544034643	0.33331143907815286	0.33330831314829545	0.3333051876421582	0.3333020625518515	0.3332989378701384	0.3332958135903715	0.3332926897064344	0.3332895662126898	0.3332864431039325	0.33328332037534814	0.3332801980224743	0.33327707604116746	0.33327395442757124	0.3332708331780901	0.3332677122893637	0.3332645917582452	0.3332614715817803	0.33325835175719	0.3332552322818544	0.3332521131532975	0.33324899436917416	0.3332458759272585	0.33324275782543306	0.33323964006167933
0.008165823713585926	0.33333333333333326	0.3333301164470447	0.3333269001227924	0.3333236843204645	0.3333204690207662	0.33331725420947966	0.33331403987431807	0.33331082600422035	0.3333076125891286	0.33330439961986796	0.3333011870880526	0.3332979749860059	0.33329476330668845	0.33329155204363436	0.3332883411908932	0.3332851307429787	0.33328192069482304	0.33327871104173423	0.33327550177936005	0.3332722929036543	0.3332690844108461	0.3332658762974142	0.33326266856006254	0.33325946119569766	0.3332562542014109	0.33325304757445956	0.3332498413122521	0.33324663541233335	0.3332434298723731	0.3332402246901534	0.33323701986355925
0.008279421637123342	0.3333333333333333	0.33333002633032804	0.33332671991954266	0.333323414058926	0.33332010872803586	0.3333168039116833	0.3333134995967212	0.33331019577132875	0.3333068924247779	0.3333035895473021	0.3333002871299929	0.3332969851647106	0.3332936836440048	0.333290382561043	0.33328708190954764	0.33328378168373896	0.33328048187828446	0.33327718248825344	0.3332738835090763	0.333270584936508	0.3332672867665963	0.3332639889956518	0.3332606916202222	0.3332573946370696	0.33325409804314904	0.3332508018355894	0.3332475060116782	0.33324421056884485	0.3332409155046484	0.3332376208167657	0.33323432650297957
0.008394599865193975	0.3333333333333333	0.33332993368933417	0.33332653466936857	0.33332313622933607	0.33331973834756706	0.33331634100783186	0.3333129441960662	0.33330954789964073	0.3333061521071171	0.33330275680810373	0.33329936199314103	0.33329596765360253	0.33329257378160637	0.3332891803699368	0.333285787411974	0.3332823949016319	0.33327900283330214	0.33327561120180493	0.33327222000234447	0.33326882923046885	0.33326543888203614	0.3332620489531821	0.33325865944029176	0.33325527033997526	0.3332518816490451	0.3332484933644965	0.33324510548348873	0.33324171800333025	0.333238330921464	0.3332349442354545	0.33323155794297765
0.008511380382023764	0.3333333333333333	0.33332983845336706	0.33332634423096563	0.3333228506198628	0.3333193575970746	0.33331586514525785	0.33331237324936924	0.333308881895921	0.33330539107272156	0.3333019007687194	0.33329841097387436	0.33329492167904845	0.3332914328759077	0.33328794455683486	0.33328445671485274	0.3332809693435553	0.33327748243704736	0.3332739959898891	0.33327050999704877	0.3332670244538598	0.3332635393559821	0.33326005469936826	0.33325657048023427	0.33325308669503095	0.33324960334042203	0.3332461204132611	0.33324263791057396	0.3332391558295408	0.3332356741674819	0.33323219292184414	0.3332287120901888
0.008629785477669703	0.3333333333333333	0.33332974054975095	0.3333261484590754	0.3333225570127495	0.333318966186382	0.33331537596143873	0.3333117863218326	0.3333081972531632	0.3333046087424426	0.3333010207779217	0.3332974333489494	0.3332938464458506	0.3332902600598172	0.33328667418281227	0.3332830888074855	0.33327950392709726	0.3332759195354526	0.3332723356268415	0.33326875219598673	0.33326516923799676	0.3332615867483254	0.33325800472273487	0.33325442315726295	0.33325084204819466	0.333247261392037	0.3332436811854952	0.33324010142545424	0.33323652210895904	0.33323294323320074	0.3332293647955009	0.33322578679329967
0.00874983775227436	0.3333333333333333	0.3333296399037765	0.33332594720437553	0.3333222551841499	0.33331856381720226	0.3333148730837238	0.3333111829665155	0.33330749345020844	0.3333038045209709	0.3333001161663185	0.3332964283749574	0.33329274113664814	0.33328905444208645	0.33328536828279676	0.3332816826510388	0.3332779975397253	0.3332743129423492	0.3332706288529186	0.3332669452659001	0.33326326217616853	0.3332595795789621	0.33325589746984363	0.33325221584466524	0.33324853469953764	0.3332448540308033	0.33324117383501156	0.3332374941088986	0.33323381484936704	0.33323013605347057	0.3332264577183984	0.33322277984146254
0.00887156012037961	0.3333333333333333	0.33332953643864177	0.3333257403133655	0.333321944903958	0.3333181501829101	0.33331435612905064	0.33331056272399595	0.3333067699513491	0.3333029777963863	0.33329918624584776	0.3332953952877633	0.33329160491130216	0.3332878151066401	0.333284025864843	0.3332802371777643	0.33327644903795395	0.3332726614385795	0.3332688743733552	0.3332650878364811	0.3332613018225878	0.33325751632668876	0.333253731344138	0.3332499468705934	0.33324616290198233	0.33324237943447466	0.3332385964644554	0.33323481398850363	0.33323103200337145	0.3332272505059669	0.33322346949333903	0.3332196889626629
0.008994975815300352	0.3333333333333333	0.333329430075395	0.3333255276282494	0.3333216259356327	0.33331772496831036	0.33331382470365506	0.33330992512202234	0.33330602620592487	0.33330212793969605	0.33329823030925837	0.3332943333019311	0.3332904369062632	0.33328654111188677	0.3332826459093887	0.33327875129019824	0.3332748572464872	0.333270963771084	0.33326707085739715	0.33326317849934833	0.3332592866913131	0.3332553954280701	0.3332515047047551	0.33324761451682167	0.3332437248600054	0.3332398357302936	0.33323594712389853	0.333232059037233	0.33322817146688966	0.33322428440962254	0.3332203978623311	0.3332165118220455
0.009120108393559099	0.3333333333333333	0.333329320732874	0.333325308986817	0.33332129803601873	0.3333172878493983	0.3333132784027732	0.3333092696751573	0.3333052616479074	0.33330125430436036	0.3332972476295777	0.3332932416101324	0.33328923623392315	0.33328523149001366	0.3332812273684906	0.3332772238603404	0.3332732209573412	0.333269218651968	0.33326521693731015	0.33326121580699897	0.33325721525514407	0.33325321527627816	0.3332492158653084	0.33324521701747384	0.3332412187283081	0.33323722099360675	0.33323322380939885	0.3332292271719217	0.3332252310775988	0.33322123552302063	0.33321724050492757	0.33321324602019564
0.009246981739382225	0.3333333333333333	0.33332920832764507	0.3333250842223199	0.3333209609551616	0.33331683849311466	0.33331271681033525	0.3333085958844103	0.3333044756954719	0.3333003562258048	0.33329623745956427	0.33329211938253933	0.333288001981948	0.3332838852462594	0.33327976916503815	0.3332756537288093	0.33327153892894007	0.3332674247575374	0.33326331120735775	0.33325919827172923	0.3332550859444836	0.333250974219896	0.33324686309263396	0.3332427525577109	0.3332386426104478	0.333234533246438	0.33323042446151663	0.3332263162517352	0.3332222086133376	0.33321810154274034	0.333213995036515	0.3332098890913725
0.009375620069258803	0.33333333333333326	0.3333290927739382	0.3333248531633443	0.3333206144361186	0.33331637655709245	0.33331213949864935	0.33330790323685944	0.33330366775055775	0.3332994330209187	0.3332951990311438	0.3332909657661997	0.3332867332125918	0.33328250135816767	0.33327827019194733	0.3332740397039745	0.3332698098851884	0.33326558072731177	0.3332613522227542	0.3332571243645271	0.33325289714617123	0.3332486705616922	0.3332444446055054	0.33324021927238734	0.3332359945574348	0.33323177045602675	0.33322754696379386	0.33322332407659006	0.3332191017904686	0.333214880101661	0.3332106590065587	0.33320643850169707
0.009506047936562815	0.3333333333333333	0.3333289739835826	0.3333246156336814	0.3333202582147627	0.33331590168939756	0.33331154602807883	0.33330719120526475	0.3333028371984176	0.3332984839875405	0.3332941315548321	0.33328977988439645	0.33328542896199304	0.3332810787748208	0.3332767293113309	0.33327238056106556	0.3332680325145176	0.33326368516300936	0.3332593384985879	0.33325499251393415	0.3332506472022838	0.33324630255735954	0.3332419585733122	0.3332376152446689	0.33323327256628865	0.3332289305333249	0.3332245891411908	0.33322024838553055	0.333215908262195	0.3332115687672184	0.33320722989680035	0.3332028916472889
0.009638290236239706	0.33333333333333326	0.3333288518659392	0.3333243714521925	0.3333198920195818	0.33331541352826205	0.3333109359467087	0.33330645924766883	0.3333019834071525	0.33329750840392786	0.33329303421913964	0.3332885608359878	0.33328408823945116	0.3332796164160514	0.3332751453536468	0.3332706750412561	0.33326620546890706	0.3332617366275041	0.3332572685087157	0.33325280110487665	0.3332483344089036	0.333243868414222	0.3332394031147039	0.33323493850461317	0.3332304745785587	0.3332260113314537	0.333221548758481	0.33321708685506246	0.33321262561683274	0.3332081650396161	0.33320370511940756	0.33319924585235505
0.009772372209558107	0.3333333333333333	0.3333287263278317	0.3333241204326722	0.33331951557147443	0.33331491170180993	0.3333103087900045	0.33330570680698834	0.3333011057272362	0.3332965055282151	0.33329190618996246	0.3332873076947308	0.33328271002668364	0.3332781131716347	0.3332735171168238	0.33326892185072443	0.33326432736287875	0.3332597336437554	0.33325514068462714	0.33325054847746627	0.3332459570148545	0.3332413662899052	0.3332367762961965	0.33323218702771445	0.33322759847880246	0.3332230106441201	0.33321842351860503	0.3332138370974424	0.33320925137603663	0.33320466634998835	0.33320008201507395	0.33319549836722784
0.009908319448927677	0.3333333333333333	0.33332859727347575	0.3333238623837062	0.3333191285835361	0.33331439582777544	0.33330966408045987	0.33330493331059213	0.3333002034910241	0.3332954745978529	0.3332907466099537	0.3332860195085862	0.33328129327706163	0.33327656790045523	0.33327184336536175	0.33326711965968614	0.3332623967724638	0.3332576746937079	0.3332529534142778	0.3332482329257658	0.333243513220402	0.3332387942909709	0.3332340761307412	0.3332293587334044	0.3332246420930234	0.3332199262039879	0.3332152110609754	0.33321049665891855	0.3332057829929769	0.33320107005851207	0.3331963578510671	0.33319164636634824
0.010046157902783952	0.3333333333333333	0.33332846460440574	0.33332359710852644	0.3333187307608423	0.3333138655132135	0.33330900132723607	0.33330413816986915	0.33329927601225073	0.3332944148290358	0.3332895545978792	0.3332846952990026	0.33327983691482616	0.33327497942965423	0.333270122829409	0.33326526710140203	0.3332604122341407	0.33325555821716185	0.3332507050408915	0.33324585269652396	0.3332410011759195	0.333236150471516	0.33323130057625494	0.33322645148351715	0.3332216031870672	0.33321675568100817	0.33321190895974057	0.33320706301792824	0.33320221785046933	0.33319737345247047	0.33319252981922565	0.33318768694619705
0.01018591388054117	0.33333333333333326	0.3333283282193997	0.33332332440486023	0.3333183218002248	0.3333133203542016	0.33330832002579014	0.33330332077978364	0.333298322585511	0.3332933254161099	0.3332883292479555	0.33328333406018257	0.3332783398342808	0.33327334655375057	0.3332683542038124	0.3332633627711589	0.3332583722437453	0.3332533826106111	0.33324839386172833	0.3332434059878729	0.3332384189805161	0.33323343283173024	0.33322844753411096	0.333223463080709	0.33321847946497285	0.33321349668070077	0.333208514721998	0.3332035335832422	0.33319855325905223	0.3331935737442624	0.33318859503390047	0.33318361712316835
0.010327614057613975	0.3333333333333333	0.33332818801440334	0.33332304406477886	0.3333179013900418	0.33331275993553505	0.33330761965749484	0.33330248051842026	0.3332973424857313	0.33329220553096994	0.33328706962917	0.3332819347583297	0.3332768008989666	0.3332716680337424	0.3332665361471457	0.333261405225223	0.3332562752553531	0.33325114622605456	0.3332460181268231	0.3332408909479956	0.3332357646806328	0.3332306393164213	0.3332255148475901	0.3332203912668404	0.33321526856728445	0.33321014674239585	0.3332050257859658	0.3331999056920657	0.3331947864550169	0.3331896680693627	0.33318455052984686	0.3331794338313925
0.010471285480508997	0.3333333333333333	0.3333280438824484	0.33332275587453636	0.3333174692099406	0.3333121838304105	0.3333068996892442	0.33330161674651143	0.3332963349676189	0.3332910543224324	0.33328577478457966	0.33328049633087026	0.33327521894080714	0.33326994259617687	0.33326466728070425	0.3332593929797618	0.3332541196801251	0.3332488473697669	0.33324357603768373	0.33323830567374957	0.3332330362685926	0.33322776781349106	0.33322250030028616	0.3332172337213073	0.3332119680693091	0.33320670333741975	0.33320143951909476	0.3331961766080796	0.3331909145983774	0.3331856534842208	0.33318039326004945	0.3331751339204895
0.010616955571987247	0.3333333333333333	0.333327895713574	0.3333224596144104	0.333317024930616	0.3333115916001054	0.33330615957305304	0.33330072880695794	0.3332952992651052	0.33328987091559925	0.3332844437305953	0.3332790176856604	0.3332735927592385	0.3332681689322027	0.33326274618748125	0.333257324509742	0.3332519038851298	0.3332464843010456	0.33324106574596046	0.33323564820926127	0.33323023168111915	0.3332248161523806	0.3332194016144744	0.3332139880593353	0.33320857547933724	0.33320316386724025	0.3331977532161417	0.33319234351943894	0.3331869347707952	0.33318152696411113	0.333176120093502	0.3331707141532762
0.01076465213629835	0.3333333333333333	0.333327743394741	0.3333221550585328	0.33331656821355937	0.3333109827936437	0.33330539874564125	0.3332998160243321	0.33329423459076574	0.3332886544111979	0.33328307545624186	0.33327749770016596	0.3332719211203089	0.33326634569659097	0.33326077141110844	0.3332551982477928	0.3332496261921287	0.33324405523091644	0.3332384853520752	0.33323291654447734	0.33322734879781124	0.33322178210246506	0.33321621644943067	0.3332106518302223	0.33320508823680894	0.33319952566155686	0.3331939640971823	0.33318840353671036	0.33318284397344106	0.33317728540092084	0.33317172781291793	0.333166171203402
0.010914403364487566	0.3333333333333333	0.333327586809747	0.33332184197471953	0.3333160987108029	0.3333103569474558	0.33330461662800925	0.3332988777043684	0.33329314013522915	0.3332874038849068	0.33328166892240085	0.333275935220623	0.3332702027557579	0.333264471506732	0.3332587414547723	0.33325301258304074	0.3332472848763294	0.3332415583208084	0.33323583290381475	0.3332301086136784	0.3332243854395763	0.3332186633714106	0.33321294239970844	0.33320722251553697	0.33320150371043245	0.3331957859763425	0.33319006930557493	0.33318435369075783	0.3331786391248038	0.33317292560088024	0.3331672131123853	0.33316150165292613
0.011066237839776664	0.3333333333333333	0.3333274258391366	0.3333215201242933	0.3333156160646552	0.3333097135850277	0.3333038126250001	0.33329791313344037	0.3332920150665672	0.3332861183866604	0.33328022306103083	0.3332743290611732	0.33326843636206804	0.3332625449416037	0.3332566547800996	0.3332507658599116	0.33324487816510595	0.33323899168118964	0.33323310639488646	0.33322722229395263	0.33322133936702303	0.33321545760348426	0.3332095769933685	0.33320369752726664	0.333197819196254	0.33319194199183033	0.3331860659058684	0.33318019093057194	0.33317431705843903	0.3331684442822331	0.33316257259495663	0.33315670198983066
0.011220184543019637	0.3333333333333333	0.3333272603601121	0.3333211892619033	0.33331511990743057	0.33330905221654	0.333302986124851	0.3332969215780232	0.33329085852967	0.33328479693993673	0.333278736774368	0.33327267800297855	0.3332666205994922	0.33326056454071346	0.3332545098060125	0.3332484563769016	0.3332424042366845	0.3332363533701701	0.3332303037634352	0.33322425540362877	0.3332182082788109	0.33321216237781986	0.3332061176901613	0.33320007420591813	0.33319403191567376	0.3331879908104505	0.3331819508816557	0.3331759121210399	0.33316987452065916	0.3331638380728448	0.3331578027701776	0.33315176860546636
0.01137627285823431	0.3333333333333333	0.33332709024643914	0.33332084913533777	0.33331460986117023	0.33330837233849825	0.33330213649873064	0.33329590228414097	0.33328966964560247	0.333283438541024	0.3332772089341029	0.333270980793309	0.3332647540910535	0.333258528803009	0.33325230490755314	0.33324608238531306	0.3332398612187919	0.33323364139206313	0.3332274228905192	0.333221205700666	0.33321498980995345	0.3332087752066365	0.33320256187966	0.3331963498185654	0.33319013901341044	0.33318392945470765	0.3331777211333678	0.33317151404065726	0.3331653081681599	0.33315910350774625	0.333152900051547	0.3331466977919317
0.011534532578210924	0.3333333333333333	0.3333269153683504	0.3333204994853334	0.33331408553735586	0.3333076734333513	0.33330126310026503	0.3332948544767981	0.33328844751094383	0.33328204215826773	0.33327563838053664	0.33326923614460635	0.333262835421518	0.3332564361857613	0.3332500384146748	0.3332436420879574	0.3332372471872697	0.3332308536959089	0.33322446159854435	0.3332180708809999	0.3332116815300769	0.3332052935334092	0.3331989068793443	0.33319252155684476	0.33318613755540905	0.33317975486500395	0.33317337347601034	0.33316699337917766	0.33316061456558577	0.3331542370266133	0.33314786075391145	0.33314148573938124
0.011694993910198709	0.3333333333333333	0.33332673559244697	0.3333201400453779	0.33331354653661555	0.3333069549691009	0.3333003652650503	0.3332937773593967	0.3332871911971089	0.333280606731298	0.3332740239217124	0.33326744273352304	0.3332608631363403	0.3332542851034168	0.33324770861100306	0.3332411336378226	0.33323456016464903	0.3332279881739603	0.3332214176496594	0.33321484857684625	0.3332082809416328	0.3332017147309914	0.3331951499326318	0.33318858653490013	0.3331820245266959	0.3331754638974046	0.33316890463684057	0.3331623467352016	0.3331557901830299	0.33314923497117965	0.3331426810907909	0.333136128533266
0.0118576874816716	0.3333333333333333	0.33332655078159756	0.333319770541508	0.33331299244842083	0.33330621639889924	0.3332994423101512	0.33329267011313735	0.33328589974965117	0.33327913117023356	0.3332723643325244	0.3332655991999344	0.3332588357405794	0.3332520739264184	0.3332453137325603	0.3332385551367044	0.3332317981186887	0.33322504266012504	0.3332182887441042	0.333211536354957	0.33320478547806176	0.3331980360996855	0.3331912882068584	0.33318454178726775	0.33317779682917414	0.3331710533213419	0.3331643112529808	0.3331575706137	0.3331508313934682	0.3331440935825808	0.3331373571716332	0.33313062215149725
0.012022644346174128	0.3333333333333333	0.33332636079483324	0.3333193906921017	0.33331242285077645	0.3333054571606358	0.33329849353358576	0.3332915318964026	0.33328457218754576	0.3332776143548668	0.33327065835380165	0.33326370414592366	0.3332567516977861	0.3332498009799938	0.3332428519664583	0.33323590463380065	0.3332289589608718	0.3332220149283669	0.33321507251851507	0.33320813171483	0.3332011925019076	0.33319425486526416	0.33318731879120317	0.33318038426670943	0.3331734512793614	0.33316651981726	0.33315958986897	0.33315266142347266	0.33314573447012513	0.33313880899862797	0.33313188499899654	0.3331249624615384
0.012189895989248665	0.3333333333333333	0.3333261654872404	0.3333190002076636	0.3333118373099002	0.333304676676513	0.33329751821379766	0.3332903618441237	0.3332832075024532	0.3332760551338236	0.3332689046913678	0.33326175613473963	0.3332546094288591	0.3332474645429123	0.33324032144955307	0.3332331801242672	0.33322604054486304	0.33321890269106436	0.33321176654418566	0.33320463208687046	0.3331974993028821	0.3331903681769346	0.33318323869455724	0.3331761108419842	0.3331689846060658	0.3331618599741949	0.3331547369342484	0.3331476154745378	0.333140495583769	0.33313337725100883	0.33312626046565597	0.33311914521741826
0.012359474334445106	0.3333333333333333	0.33332596470985093	0.3333185987906061	0.33331123537989527	0.3333038743526092	0.33329651560911133	0.33328915906713164	0.3332818046579642	0.33327445232370273	0.33326710201507403	0.33325975368972605	0.3332524073108707	0.33324506284620636	0.3332377202670655	0.3332303795477365	0.3332230406649249	0.3332157035973251	0.3332083683252791	0.33320103483050434	0.33319370309587615	0.3331863731052534	0.33317904484333843	0.33317171829556413	0.3331643934480033	0.3331570702872939	0.3331497488005789	0.3331424289754564	0.33313511079993874	0.33312779426241806	0.33312047935163824	0.3331131660566696
0.01253141174941416	0.3333333333333333	0.3333257583095283	0.333318186135024	0.333310616602412	0.3333030495784315	0.3332954849571734	0.3332879226514873	0.33328036258882154	0.3332728047081901	0.3332652489578064	0.3332576952932221	0.3332501436758607	0.3332425940718603	0.33323504645116303	0.3332275007867933	0.3332199570542894	0.33321241523125356	0.3332048752969932	0.3331973372322393	0.3331898010189204	0.3331822666399822	0.33317473407924453	0.33316720332128547	0.33315967435134786	0.33315214715526453	0.3331446217193961	0.3331370980305808	0.333129576076093	0.333122055843608	0.33311453732117274	0.33310702049718216
0.012705741052085415	0.3333333333333333	0.3333255461288513	0.3333177619264609	0.33330998050630173	0.3333022017264531	0.3332944254743793	0.3332866516577962	0.3332788802001217	0.33327111103714935	0.333263344114466	0.3332555793854316	0.3332478168095968	0.33324005635146176	0.33323229797950327	0.3332245416654115	0.3332167873834879	0.3332090351101736	0.33320128482367606	0.3331935365036745	0.33318579013108746	0.3331780456878862	0.33317030315694884	0.33316256252194054	0.3331548237672193	0.3331470868777593	0.3331393518390881	0.33313161863723495	0.33312388725868913	0.3331161576903643	0.33310842991956807	0.33310070393397795
0.012882495516931339	0.3333333333333333	0.33332532800599474	0.3333173258416723	0.3333093266072599	0.3333013301516419	0.33329333635528335	0.33328534512050295	0.33327735636649575	0.3332693700256879	0.33326138604092165	0.33325340436326434	0.3332454249503035	0.3332374477648178	0.3332294727737405	0.33322149994734923	0.33321352925863457	0.3332055606828037	0.3331975941968921	0.3331896297794584	0.33318166741034283	0.33317370707047733	0.33316574874173394	0.3331577924068048	0.33314983804910414	0.3331418856526912	0.3331339352022064	0.33312598668281845	0.3331180400801826	0.333110095380403	0.33310215257000364	0.33309421163590125
0.013061708881318416	0.3333333333333333	0.3333251037746055	0.3333168775483796	0.3333086544074603	0.33330043419097255	0.3332922167719921	0.3332840020471661	0.33327578993126605	0.33326758035319753	0.3332593732529333	0.33325116857914217	0.33324296628735306	0.33323476633853344	0.3332265686979873	0.33321837333449816	0.33321018021966436	0.333201989327381	0.333193800633435	0.3331856141151893	0.33317742975133385	0.3331692475216916	0.3331610674070613	0.3331528893890967	0.33314471345020663	0.3331365395734758	0.33312836774260024	0.33312019794183445	0.33311203015594704	0.333103864370184	0.33309570057023774	0.3330875387422197
0.013243415351946647	0.3333333333333333	0.3333248732636763	0.33331641670501777	0.33330796339517776	0.3332995131629265	0.33329106587354196	0.3332826214177135	0.3332741797055803	0.33326574066236725	0.3332573042250469	0.3332488703397763	0.3332404389599239	0.33323201004455066	0.3332235835572394	0.3332151594651905	0.3332067377385236	0.3331983183497371	0.33318990127328735	0.33318148648526164	0.33317307396312335	0.33316466368551045	0.33315625563207807	0.33314784978337275	0.33313944612073176	0.33313104462620297	0.3331226452824781	0.33311424807283985	0.3331058529811162	0.33309745999164303	0.33308906908923147	0.3330806802591476
0.01342764961137864	0.3333333333333333	0.3333246362974165	0.3333159429604779	0.33330725304440256	0.3332985663669787	0.33328988278525973	0.3332812021836782	0.3332725244675238	0.3332638495581722	0.33325517738945876	0.33324650790490906	0.3332378410556224	0.3332291767986503	0.3332205150957557	0.3332118559124603	0.33320319921731223	0.3331945449813221	0.3331858931775277	0.33317724378065594	0.3331685967668605	0.3331599521135161	0.33315130979905794	0.33314266980285245	0.33313403210509646	0.33312539668673413	0.33311676352939074	0.3331081326153167	0.3330995039273421	0.33309087744883836	0.3330822531636907	0.33307363105624355
0.013614446824659503	0.33333333333333326	0.33332439269511716	0.33331545595383905	0.3333065228144414	0.33329759308306944	0.33328866660810463	0.333279743267412	0.33327082296120414	0.3332619056068323	0.3332529911348494	0.33324407948602297	0.333235170609066	0.3332262644589107	0.33321736099539456	0.3332084601822571	0.333199561986375	0.3331906663771743	0.33318177332617954	0.33317288280666635	0.33316399479339104	0.3331551092623814	0.3331462261907714	0.3331373455566716	0.3331284673390646	0.3331195915177216	0.3331107180731344	0.33310184698645867	0.33309297823946693	0.33308411181450887	0.33307524769448316	0.3330663858627808
0.01380384264602885	0.3333333333333333	0.3333241422710145	0.33331495531409683	0.3333057721495102	0.3332965925710617	0.3332874164179934	0.3332782435612778	0.3332690738958139	0.33325990733474414	0.3332507438051858	0.33324158324501335	0.33323242560042915	0.3332232708241274	0.333214118873906	0.33320496971161234	0.33319582330234376	0.3331866796138374	0.3331775386160042	0.333168400280571	0.333159264580804	0.3331501314912945	0.33314100098779076	0.3331318730470659	0.333122747646811	0.33311362476555123	0.33310450438257533	0.33309538647787806	0.3330862710321118	0.3330771580265517	0.333068047443033	0.33305893926396013
0.013995873225726183	0.3333333333333333	0.3333238848341481	0.3333144406598803	0.33330500047831313	0.33329556407018357	0.3332861312651053	0.3332767019268199	0.33326727594466565	0.33325785322738255	0.33324843369849044	0.3332390172928266	0.3332296039539491	0.3332201936321878	0.333210786283178	0.33320138186675596	0.33319198034612446	0.3331825816872203	0.3331731858582333	0.333163792829238	0.333154402571912	0.3331450150593151	0.33313563026572	0.3331262481664764	0.3331168687379036	0.333107491957203	0.33309811780238757	0.3330887462522221	0.33307937728617953	0.3330700108843714	0.3330606470275509	0.33305128569705283
0.014190575216890922	0.3333333333333333	0.3333236201882165	0.33331391159916435	0.3333042072136116	0.3332945067984558	0.3332848101731704	0.33327511719391323	0.3332654277442028	0.33325574172817407	0.333246059065578	0.33323637968806086	0.3332267035363935	0.33321703055840446	0.3332073607074353	0.33319769394118315	0.33318803022083304	0.3331783695104019	0.33316871177624363	0.3331590569866708	0.33314940511166663	0.3331397561226605	0.33313010999235404	0.3331204666945836	0.3331108262042108	0.33310118849703296	0.33309155354971043	0.3330819213397122	0.33307229184523635	0.3330626650452064	0.3330530409192048	0.333043419447445
0.014387985782558455	0.3333333333333333	0.3333233481314273	0.33331336772897235	0.3333033917517817	0.33329341995210304	0.333283452138736	0.33327348815988594	0.3332635278929816	0.3332535712373387	0.33324361810875713	0.3332336684355283	0.3332237221554832	0.3332137792138018	0.33320383956139016	0.3331939031536696	0.3331839699496748	0.33317403991137556	0.3331641130031675	0.3331541891914849	0.3331442684445051	0.33313435073192094	0.33312443602476305	0.3331145242952599	0.3331046155167253	0.33309470966346777	0.33308480671071505	0.3330749066345573	0.3330650094118667	0.33305511502029045	0.3330452234381826	0.3330353346445738
0.014588142602753484	0.3333333333333333	0.33332306845634385	0.33331280863507085	0.3333025534723568	0.33329230270494886	0.33328205613041395	0.3332718135886211	0.33326157495062575	0.33325134011069907	0.33324110898049664	0.3332308814847806	0.33322065755827557	0.33321043714335685	0.3332002201883428	0.3331900066462319	0.3331797964737664	0.33316958963073384	0.33315938607944107	0.33314918578432	0.33313898871162456	0.33312879482919955	0.33311860410629895	0.33310841651344325	0.3330982320223048	0.3330880506056142	0.33307787223708907	0.3330676968913419	0.33305752454386384	0.33304735517094813	0.33303718874965327	0.3330270252577637
0.014791083881682078	0.3333333333333333	0.3333227809497281	0.3333122338916563	0.3333016917375608	0.3332911542077947	0.3332806210881082	0.33327009220963266	0.33325956743675383	0.3332490466584603	0.3332385297820577	0.3332280167285909	0.3332175074295032	0.3332070018241946	0.3331964998582323	0.33318600148203514	0.3331755066499023	0.33316501531929266	0.3331545274502873	0.33314404300518363	0.3331335619481884	0.3331230842451799	0.33311260986352476	0.33310213877193096	0.33309167094033	0.33308120633978844	0.33307074494239935	0.33306028672125493	0.33304983165035973	0.33303937970458625	0.3330289308596272	0.33301848509195425
0.014996848355023738	0.3333333333333333	0.333322485392378	0.3333116430610317	0.3333008058918261	0.33328997358778056	0.33327914592221897	0.33326832271711565	0.33325750382987573	0.33324668914395317	0.3332358785620855	0.33322507200139945	0.333214269389867	0.33320347066373135	0.33319267576563383	0.3331818846432446	0.3331710972482579	0.3331603135356508	0.333149533463131	0.33313875699072304	0.3331279840804542	0.3331172146961133	0.3331064488030619	0.3330956863680855	0.3330849273592719	0.3330741717459189	0.3330634194984237	0.33305267058825105	0.33304192498784474	0.3330311826705785	0.33302044361070665	0.33300970778331884
0.01520547529732496	0.3333333333333333	0.33332218155896143	0.333311035693277	0.3332998952612999	0.33328875994773016	0.3332776295128276	0.33326650376897193	0.3332553825662604	0.3332442657823469	0.33323315331516656	0.33322204507771375	0.33321094099428517	0.33319984099777256	0.3331887450277032	0.33317765302881863	0.3331665649500361	0.33315548074368645	0.33314440036494886	0.33313332377142735	0.33312225092283176	0.33311118178073007	0.3331001163083569	0.3330890544704598	0.3330779962331808	0.3330669415639271	0.333055890431324	0.3330448428051124	0.3330337986560891	0.3330227579560497	0.33301172067773294	0.3330006867947746
0.015417004529495593	0.3333333333333333	0.33332186921784457	0.3333104113259066	0.33329895915333524	0.3332875123654755	0.33327607070885745	0.33326463398580786	0.3332532020387725	0.33324177473932315	0.33323035198034406	0.3332189336704666	0.3332075197300938	0.333196110088556	0.33318470468206596	0.33317330345224405	0.33316190634504705	0.33315051330998546	0.33313912429954473	0.3331277392687537	0.3331163581748581	0.3331049809770683	0.3330936076363628	0.33308223811533033	0.3330708723780469	0.3330595103899433	0.3330481521177522	0.33303679752940274	0.33302544659395683	0.3330140992815467	0.33300275556331704	0.33299141541137417
0.015631476426409538	0.3333333333333333	0.33332154813091663	0.33330976948352165	0.3332979968559697	0.33328622989316564	0.33327446832721264	0.3332627119499056	0.3332509605956776	0.3332392141297184	0.33322747243959594	0.33321573542933114	0.33320400301519937	0.33319227512274513	0.3331805516846512	0.3331688326392115	0.3331571179292272	0.3331454075012033	0.3331337013047577	0.33312199929218	0.33311030141809794	0.33309860763922017	0.33308691791413386	0.3330752322031489	0.3330635504681373	0.33305187267246134	0.33304019878085056	0.33302852875932343	0.3330168625751143	0.33300520019660446	0.33299354159326183	0.33298188673558404
0.015848931924611134	0.3333333333333333	0.33332121805340814	0.33330910967744815	0.33329700763738884	0.3332849115565537	0.33327282115189233	0.3332607362041661	0.3332486565394135	0.33323658201612516	0.33322451251626806	0.3332124479389886	0.33320038819618214	0.3331883332093667	0.3331762829074654	0.3331642372252269	0.33315219610208896	0.33314015948135567	0.3331281273095929	0.33311609953617816	0.3331040761129595	0.33309205699399247	0.3330800421353383	0.33306803149486897	0.3330560250321681	0.33304402270838684	0.3330320244861485	0.33302003032945926	0.3330080402036284	0.33299605407519517	0.3329840719118642	0.33297209368244274
0.016069412530128772	0.3333333333333333	0.3333208787337057	0.33330843140536953	0.3332959907453743	0.3332835563542669	0.33327112793308267	0.3332587052510234	0.33324628812533136	0.3332338764074595	0.3332214699734702	0.33320906871735123	0.33319667254634844	0.3331842813776954	0.33317189513631024	0.33315951375316266	0.3331471371641072	0.33313476530903974	0.33312239813127953	0.33311003557711005	0.33309767759543	0.3330853241374828	0.33307297515664896	0.33306063060824387	0.3330482904494134	0.33303595463898295	0.3330236231373558	0.3330112959064184	0.3329989729094539	0.33298665411106515	0.3329743394771022	0.33296202897459704
0.016292960326397224	0.33333333333333326	0.33332052991316075	0.3333077341509453	0.33329494540673765	0.3332821632570546	0.3332693873862215	0.33325661755132935	0.3332438535603991	0.33323109525748634	0.3332183425124239	0.33320559521373627	0.3331928532637303	0.3331801165750799	0.3331673850684356	0.3331546586707407	0.33314193731403263	0.3331292209345795	0.33311650947224947	0.33310380287004054	0.33309110107372353	0.33307840403157013	0.33306571169410454	0.33305302401396153	0.333040340945707	0.33302766244571375	0.3330149884720462	0.3330023189843594	0.3329896539438057	0.33297699331295105	0.3329643370556976	0.3329516851372122
0.01651961798229015	0.3333333333333333	0.3333201713258931	0.3333070173834214	0.333293870826739	0.3332807312070172	0.3332675981910396	0.33325447152320786	0.33324135100187213	0.33322823646330757	0.3332151277707691	0.33320202480699157	0.33318892746903306	0.3331758356647124	0.33316274931013407	0.3331496683279509	0.3331365926461359	0.333123522197098	0.33311045691703844	0.3330973967454681	0.3330843416248431	0.3330712915002824	0.33305824631931213	0.3330452060317145	0.333032170589341	0.33301913994597976	0.33300611405723274	0.33299309288040657	0.3329800763744129	0.33296706449967745	0.3329540572180561	0.3329410544927571
0.016749428760264373	0.3333333333333333	0.3333198026985893	0.33330628055722933	0.333292766188488	0.33327925911681233	0.3332657589905746	0.3332522655408781	0.33323877855592726	0.33322529786380783	0.333211823320824	0.33319835480357085	0.33318489220352576	0.33317143542333855	0.33315798437426913	0.33314453897440083	0.3331310991473799	0.3331176648215126	0.333104235929105	0.33309081240597055	0.3330773941910603	0.3330639812261387	0.3330505734555839	0.33303717082616136	0.3330237732868603	0.33301038078874656	0.33299699328483	0.3329836107299476	0.3329702330806556	0.33295686029513105	0.33294349233308074	0.3329301291556571
0.016982436524617443	0.3333333333333333	0.3333194237502952	0.33330552311157347	0.3332916306523296	0.3332777458688415	0.33326386839015826	0.3332499979334467	0.33323613427626003	0.333222277238059	0.33320842666779793	0.33319458243555705	0.33318074442687806	0.3331669125389055	0.3331530866777388	0.33313926675659467	0.33312545269451665	0.33311164441544994	0.33309784184756697	0.3330840449227619	0.3330702535762689	0.3330564677463268	0.33304268737396875	0.333028912402785	0.3330151427787492	0.33300137845006034	0.3329876193670016	0.33297386548181324	0.3329601167485766	0.33294637312310704	0.332932634562855	0.33291890102681476
0.01721868574986007	0.3333333333333333	0.33331903419220243	0.3333047444700077	0.33329046335521295	0.33327619031441186	0.3332619249563768	0.3332476669836645	0.33323341616264296	0.3332191723036816	0.333204935247957	0.33319070485863345	0.333176481014937	0.33316226360814893	0.33314805253887164	0.3331338477151418	0.33311964905110736	0.3331054564660816	0.3330912698838524	0.33307708923216883	0.3330629144423125	0.3330487454488179	0.33303458218918114	0.33302042460364534	0.33300627263500776	0.3329921262284504	0.33297798533138917	0.3329638498933353	0.33294971986576993	0.3329355952020286	0.3329214758571931	0.33290736178799285
0.017458221529205037	0.33333333333333326	0.3333186337274294	0.3333039440400001	0.33328926341004195	0.3332745912728773	0.33325992721600173	0.33324527092665335	0.33323062215944654	0.3332159807151617	0.3332013464267403	0.33318671914999975	0.3331720987574455	0.333157485134114	0.3331428781747543	0.33312827778189	0.3331136838644655	0.33309909633687673	0.3330845151182634	0.3330699401319794	0.3330553713051491	0.33304080856837387	0.3330262518554264	0.3330117011030227	0.33299715625061604	0.3329826172402155	0.332968084016222	0.3329535565252796	0.3329390347161392	0.3329245185395324	0.3329100079480555	0.3328955028960603
0.017701089583174213	0.3333333333333333	0.33331822205079653	0.33330312121248545	0.33328802990500944	0.3332729475307543	0.3332578736548926	0.3332428079485948	0.3332277501541186	0.3332127000621232	0.3331976574968243	0.33318262230623286	0.33316759435570054	0.3331525735236132	0.3331375596984881	0.3331225527769846	0.33310755266251846	0.3330925592642689	0.3330775724964574	0.3330625922777672	0.333047618530951	0.3330326511824518	0.33301769016211763	0.3330027354029499	0.33298778684088304	0.3329728444145895	0.33295790806530223	0.3329429777366533	0.3329280533745268	0.33291313492692143	0.33289822234382427	0.33288331557709333
0.017947336268325266	0.3333333333333333	0.3333177988485938	0.333302275361406	0.3332867619029117	0.33327125784081624	0.33325576271686963	0.33324027618538654	0.3332247979756246	0.33320932786755364	0.3331938656761384	0.3331784112410914	0.3331629644201489	0.3331475250846151	0.33313209311637415	0.33311666840585086	0.3331012508505899	0.33308584035423877	0.3330704368258043	0.3330550401790528	0.33303965033209815	0.3330242672070055	0.3330088907294872	0.33299352082863426	0.33297815743668	0.3329628004887894	0.33294744992286707	0.33293210567938253	0.3329167677012099	0.3329014359334798	0.3328861103234411	0.33287079082033455
0.018197008586099836	0.3333333333333333	0.3333173637983441	0.33330140584323864	0.333285458440445	0.3332695209211588	0.33325359280255545	0.3332376737212589	0.3332217633928434	0.33320586158598114	0.3331899681058238	0.3331740827832599	0.3331582054679182	0.3331423360235636	0.33312647432502296	0.333110620256095	0.3330947737080937	0.333078934578811	0.33306310277171514	0.3330472781953966	0.33303146076306733	0.3330156503921766	0.33299984700408136	0.33298405052375807	0.3329682608795486	0.33295247800293204	0.33293670182831747	0.3329209322928536	0.33290516933625575	0.3328894129006437	0.33287366293039344	0.3328579193719989
0.01845015419179474	0.3333333333333333	0.3333169165685571	0.33330051199650956	0.3332841185274822	0.33326773545424415	0.3332513622681853	0.33323499858735733	0.33321864411292235	0.33320229860160433	0.33318596184814053	0.3331696336740342	0.33315331392028363	0.3331370024426281	0.33312069910838893	0.33310440379432643	0.33308811638514574	0.33307183677242924	0.33305556485381005	0.3330393005323901	0.3330230437162176	0.3330067943178785	0.33299055225414476	0.3329743174456653	0.33295808981669145	0.33294186929483055	0.33292565581082045	0.33290944929832444	0.3328932496937419	0.3328770569360334	0.3328608709665599	0.33284469172893216
0.018706821403658005	0.3333333333333333	0.3333164568184796	0.3332995931412954	0.3332827411463301	0.33326590008591594	0.3332490694243854	0.33323224876028446	0.33321543777958584	0.33319863622636986	0.333181843884317	0.3331650605649457	0.33314828610006697	0.3331315203368799	0.3331147631347273	0.33309801436289593	0.33308127389908493	0.333064541628305	0.3330478174420198	0.33303110123753915	0.3330143929174665	0.3329976923892662	0.33298099956488575	0.3329643143604236	0.3329476366958331	0.3329309664946549	0.33291430368377295	0.33289764819319145	0.33288099995583015	0.3328643589073341	0.33284772498589943	0.3328310981321111
0.018967059212111465	0.3333333333333333	0.3333159841978361	0.3332986485787114	0.33328132525096654	0.33326401342438977	0.3332467125349188	0.3332294221606038	0.3332121419714006	0.3331948716980019	0.3331776111123437	0.3331603600153216	0.3331431182289677	0.3331258855913965	0.3331086619534711	0.3330914471765493	0.33307424113091416	0.33305704369460265	0.33303985475258274	0.33302267419604625	0.3330055019218592	0.33298833783209403	0.3329711818336241	0.3329540338377651	0.33293689375995517	0.33291976151946445	0.3329026370391314	0.33288552024512014	0.33286841106669773	0.3328513094360297	0.33283421528799073	0.3328171285599886
0.019230917289101587	0.3333333333333333	0.3333154983465633	0.33329767759038337	0.3332798697662558	0.3332620740392139	0.33324428981539383	0.33322651665130165	0.33320875419999185	0.333191002177974	0.33317326034470585	0.33315552848977975	0.3331378064248217	0.33312009397828435	0.3331023909920254	0.33308469731899276	0.3330670128216092	0.33304933737056064	0.33303167084393537	0.3330140131264804	0.3329963641090195	0.3329787236879513	0.33296109176481353	0.3329434682458966	0.33292585304189604	0.3329082460675991	0.3328906472415974	0.33287305648602433	0.3328554737263141	0.33283789889097976	0.33282033191140814	0.332802772721672
0.019498445997580455	0.3333333333333333	0.3333149988945379	0.3332966794379072	0.3332783735871425	0.3332600804602036	0.3332417994319432	0.3332235300362099	0.3332052719082139	0.3331870247494312	0.33316878830605795	0.3331505623556595	0.33313234669878955	0.33311414115363036	0.3330959455524791	0.3330777597393767	0.3330595835684066	0.3330414169025071	0.3330232596125	0.3330051115763409	0.3329869726784913	0.33296884280938166	0.33295072186494196	0.33293260974618283	0.33291450635882053	0.3328964116129357	0.3328783254226624	0.3328602477059037	0.33284217838407054	0.3328241173818416	0.3328060646269423	0.3327880200499407
0.01976969640111861	0.3333333333333333	0.333314485461296	0.33329565336229283	0.3332768355778249	0.3332580311763452	0.3332392394998616	0.3332204600583836	0.33320169246827	0.3331829364150546	0.3331641916308357	0.33314545788038225	0.3331267349524706	0.33310802265436945	0.33308932080823184	0.3330706292486547	0.3330519478209235	0.33303327637977237	0.3330146147883664	0.3329959629175062	0.3329773206449586	0.33295868785487853	0.3329400644373026	0.332921450287697	0.33290284530654934	0.3328842493990002	0.3328656624745049	0.33284708444652633	0.3328285152322517	0.33280995475233366	0.33279140293065174	0.33277285969409265
0.020044720273651617	0.3333333333333333	0.33331395765574445	0.33329459858339283	0.33327525457090434	0.33325592463467135	0.33323660808221084	0.33321730439843716	0.3331980131797829	0.33317873409486864	0.3331594668608038	0.33314021122874327	0.33312096697493987	0.33310173389507036	0.3330825118005296	0.33306330051591576	0.3330440998772132	0.3330249097304965	0.33300572993085875	0.3329865603415675	0.3329674008333461	0.33294825128375316	0.3329291115766344	0.3329099816016331	0.3328908612537484	0.3328717504329348	0.33285264904373724	0.33283355699495704	0.33281447419934707	0.3327954005733313	0.332776336036749	0.3327572805126182
0.02032357010936222	0.3333333333333333	0.3333134150758648	0.3332935142993144	0.33327362936651067	0.3332537592391044	0.3332339031883844	0.33321406067283427	0.33319423126781306	0.33317441462399094	0.33315461044253974	0.3331348184601326	0.3331150384397088	0.33309527016463936	0.333075513434922	0.33305576806455384	0.33303603387971265	0.3330163107173302	0.332996598423995	0.33297689685504495	0.33295720587379696	0.3329375253508775	0.33291785516362965	0.3328981951955833	0.3328785453359756	0.332858905479318	0.3328392755250001	0.33281965537692937	0.33280004494320164	0.3327804441357993	0.33276085287031526	0.3327412710656994
0.020606299132700002	0.3333333333333333	0.3333128573084094	0.33329239968581703	0.33327195873140614	0.3332515333492698	0.33323112277263434	0.33321072643213245	0.3331903438808235	0.3331699747503218	0.3331496187248506	0.3331292755256812	0.3331089449016054	0.33308862662293603	0.3330683204775894	0.3330480262683722	0.3330277438110852	0.3330074729330264	0.3329872134718269	0.3329669652744821	0.3329467281965226	0.3329265021012916	0.3329062868593037	0.3328860823476701	0.33286588844958	0.3328457050538305	0.3328255320543991	0.3328053693500543	0.3327852168439999	0.33276507444355097	0.3327449420598362	0.33272481960752714
0.020892961308540393	0.3333333333333333	0.3333122839285878	0.3332912538956919	0.33327024139806194	0.333249245279276	0.33322826473255845	0.3332072991591799	0.33318634808859193	0.3331654111321719	0.3331444879561211	0.3331235782653331	0.33310268179357266	0.333081798297302	0.3330609275516457	0.33304006934758135	0.33301922348995744	0.33299838979591795	0.3329775680936647	0.3329567582214178	0.33293596002652504	0.3329151733646795	0.3328943980992253	0.33287363410053555	0.3328528812454501	0.3328321394167675	0.332811408502782	0.3327906883968645	0.33276997899707883	0.33274928020583344	0.3327285919295626	0.3327079140784358
0.02118361135248502	0.3333333333333333	0.33331169449974596	0.3332900760581249	0.3332684760637128	0.3332468932964623	0.3332253269075468	0.33320377626726516	0.33318224088006493	0.33316072033582844	0.3331392142815926	0.3331177224048417	0.3330962444233845	0.33307478007900737	0.33305332913327773	0.33303189136469513	0.3330104665665484	0.33298905454528416	0.3329676551191807	0.3329462681172325	0.3329248933781887	0.3329035307497081	0.33288218008760645	0.33286084125518334	0.3328395141226129	0.3328181985663946	0.3327968944688547	0.3327756017176929	0.33275432020557094	0.33273304982973756	0.33271179049168786	0.3326905420968521
0.02147830474130534	0.3333333333333333	0.33331108857303476	0.33328886527804225	0.3332666613893816	0.3332444756201115	0.33322230707718503	0.33320015509821566	0.33317801916115636	0.33315589883305374	0.3331337937405688	0.33311170355268416	0.3330896279702742	0.3330675667195685	0.33304551954781586	0.3330234862203189	0.3330014665181844	0.33297946023659464	0.33295746718338814	0.33293548717786203	0.33291352004973274	0.3328915656382221	0.3328696237912421	0.3328476943646659	0.3328257772216693	0.332803872232137	0.3327819792721254	0.3327600982233744	0.3327382289728654	0.33271637141241983	0.3326945254383342	0.33267269095104784
0.021777097723531588	0.3333333333333333	0.3333104656870713	0.3332876206354378	0.33326479599888187	0.3332419904201292	0.3332192029596165	0.3331964329204461	0.3331736797524865	0.33315094299852166	0.33312822226354943	0.33310551719689835	0.33308282748147744	0.33306015282704127	0.3330374929657022	0.3330148476488337	0.3329922166447047	0.3329695997366387	0.33294699672149664	0.3329244074083843	0.33290183161753156	0.3328792691793003	0.33285671993330535	0.3328341837276222	0.3328116604180779	0.33278914986760927	0.33276665194568394	0.3327441665277767	0.3327216934948944	0.33269923273314667	0.33267678413335594	0.33265434759070345
0.022080047330189	0.3333333333333333	0.3333098253675897	0.3332863411846824	0.3332628784777897	0.33323943581568616	0.33321601220985914	0.33319260692695457	0.3331692193870616	0.333145849107182	0.3331224956692882	0.3330991587018352	0.33307583786869	0.33305253286214886	0.3330292433983499	0.33300596921396736	0.33298271006374447	0.3329594657185275	0.33293623596363553	0.33291302059746763	0.3328898194302894	0.3328666322831618	0.332843458986987	0.3328202993816532	0.33279715331526905	0.3327740206434714	0.3327509012288027	0.3327277949401486	0.33270470165222954	0.3326816212451419	0.332658553603941	0.3326354986182655
0.022387211385683396	0.33333333333333326	0.33330916712708225	0.3332850259538136	0.3332609073723896	0.3332368098738244	0.33321273241807725	0.3331886742332655	0.33316463470789104	0.33314061333155925	0.33311660966177264	0.33309262330482764	0.33306865390440243	0.3330447011343447	0.33302076469390196	0.33299684430425525	0.33297293970590575	0.33294905065657454	0.33292517692944956	0.33290131831168235	0.33287747460307576	0.33285364561492425	0.3328298311689819	0.3328060310965395	0.3327822452375963	0.3327584734401174	0.3327347155593635	0.33271097145728845	0.3326872410019953	0.33266352406724636	0.33263982053201935	0.3326161302801084
0.02269864851883822	0.3333333333333333	0.3333084904644307	0.3332836739438061	0.3332588811885905	0.3332341106080252	0.33320936110780675	0.33318463187531616	0.3331599222655417	0.3331352317389766	0.33311055982712534	0.3330859061127709	0.3330612702182046	0.33303665179776665	0.33301205053287586	0.33298746612838376	0.3329628983098002	0.3329383468210437	0.3329138114225542	0.3328892918896703	0.332864788011208	0.332840299588207	0.3328158264328147	0.3327913683672904	0.3327669252231129	0.33274249684018187	0.33271808306609857	0.33269368375552133	0.33266929876958434	0.33264492797537576	0.33262057124546485	0.3325962284574796
0.023014418174085085	0.3333333333333333	0.3333077948645281	0.33328228412782274	0.3332567983908126	0.3332313359767387	0.33320589573413334	0.3331804768072882	0.333155078515627	0.33312970028870886	0.3331043416304246	0.33307900209861585	0.33305368129292945	0.33302837884708897	0.3330030944237023	0.33297782771041795	0.332952578416971	0.332927346272769	0.33290213102485905	0.33287693243617267	0.33285175028398933	0.3328265843585803	0.33280143446200317	0.33277630040702855	0.33275118201617915	0.3327260791208724	0.33270099156065014	0.33267591918248945	0.3326508618401822	0.3326258193937801	0.3326007917090934	0.3325757786572414
0.02333458062281003	0.3333333333333333	0.333307079797888	0.33328085545044356	0.33325465740084437	0.33322848388187354	0.33320233368182084	0.3331762058993811	0.33315009981622984	0.3331240148290601	0.33309795041244095	0.333071906097777	0.33304588146073	0.33301987611326567	0.33299388969814714	0.332967921884907	0.3329419723666856	0.33291604085763943	0.33289012709074617	0.33286423081590794	0.3328383517982897	0.3328124898168532	0.33278664466305746	0.3327608161397005	0.3327350040598887	0.33270920824611583	0.3326834285294398	0.33265766474874586	0.332631916750088	0.33260618438609635	0.33258046751544834	0.33255476600239164
0.023659196974857584	0.3333333333333333	0.3333063447202463	0.33327938682687586	0.3332524565966677	0.3332255521672469	0.33319867226339006	0.33317181593552575	0.3331449824252579	0.3331181710943646	0.33309138138628996	0.3330646128044145	0.33303786489904996	0.33301113725916776	0.33298442950662	0.33295774129186734	0.3329310722905997	0.3329044222009463	0.3328777907411069	0.33285117764730066	0.33282458267197035	0.33279800558219885	0.3327714461583077	0.3327449041926125	0.3327183794883149	0.33269187185851723	0.33266538112534266	0.3326389071191499	0.33261244967783266	0.33258600864619137	0.33255958387537254	0.3325331752223656
0.023988329190194904	0.3333333333333333	0.3333055890721488	0.33327787714214085	0.33325019431125225	0.33322253861699036	0.33319490871714647	0.3331673036110382	0.33313972249772794	0.33311216470190824	0.3330846296339964	0.3330571167676866	0.33302962562648936	0.33300215577510806	0.33297470681336117	0.3329472783716396	0.33291987010728596	0.3328924817015901	0.33286511285723064	0.3328377632960569	0.3328104327571494	0.33278312099511165	0.33275582777855983	0.332728552888786	0.3327012961185707	0.33267405727112787	0.33264683615916746	0.3326196326040593	0.33259244643508834	0.3325652774887906	0.3325381256083592	0.33251099064311374
0.024322040090738156	0.3333333333333333	0.33330481227852915	0.3332763252502381	0.33324786883131535	0.33321944095391515	0.3331910402051536	0.3331626655302097	0.33313431608297894	0.33310599114877054	0.3330776901029703	0.3330494123878395	0.33302115749856515	0.3329929249742519	0.3329647143915101	0.33293652535961626	0.33290835751662795	0.3328802105261446	0.3328520840745428	0.3328239778685804	0.3327958916333019	0.3327678251101966	0.3327397780555747	0.33271175023913246	0.3326837414426806	0.3326557514590184	0.3326277800909339	0.33259982715031616	0.3325718924573655	0.33254397583989026	0.3325160771326811	0.3324881961769508
0.024660393372343395	0.3333333333333333	0.33330401374827423	0.33327472997328833	0.33324547839605007	0.33321625683783174	0.3331870638111542	0.3331578982038341	0.33312875912181183	0.333099645808584	0.3330705576023976	0.3330414939122278	0.33301245420336434	0.33298343798791274	0.3329544448180472	0.3329254742808379	0.33289652599407493	0.3328675996027743	0.33283869477619127	0.332809811205232	0.33278094860019397	0.3327521066887824	0.332723285214366	0.3326944839344383	0.3326657026192589	0.3326369410506522	0.33260819902094474	0.3325794763320217	0.33255077279449197	0.3325220882269451	0.33249342245529084	0.33246477531217145
0.02500345361696432	0.3333333333333333	0.33330319287377885	0.33327309010065154	0.33324302119581756	0.3332129838638255	0.3331829765384348	0.33315299804666915	0.33312304744355536	0.3330931239282079	0.3330632267995044	0.33303335543122903	0.3330035092570851	0.3329736877607275	0.33294389046861067	0.3329141169444547	0.3328843667847533	0.3328546396150023	0.33282493508647365	0.3327952528734214	0.33276559267064537	0.3327359541913587	0.3327063371653151	0.3326767413371621	0.3326471664649907	0.33261761231905645	0.33258807868064943	0.3325585653410955	0.3325290721008736	0.3324995987688313	0.33247014516149054	0.33244071110242884
0.025351286304979077	0.3333333333333333	0.33330234903048656	0.3332714043880227	0.33324049537080513	0.33320961956048534	0.3331787753076336	0.33314796137483105	0.3331171767630524	0.33308642062431687	0.3330556922157917	0.33302499087405146	0.3329943159994647	0.3329636670457113	0.3329330435121818	0.3329024449380501	0.33287187089743386	0.33284132099532504	0.3328107948641057	0.3327802921605332	0.33274981256311786	0.33271935576983036	0.33268892149609625	0.3326585094730348	0.33262811944591286	0.3325977511727845	0.33256740442329336	0.33253707897761553	0.3325067746255267	0.3324764911655775	0.33244622840436244	0.332415986155871
0.02570395782768864	0.3333333333333333	0.33330148157641826	0.3332696715564992	0.3332378990096455	0.3332061613880842	0.3331744569544891	0.3331427844031184	0.3331111426775686	0.33307953087989906	0.33304794822310485	0.3330163940044348	0.33298486758909185	0.3329533683991861	0.3329218959056387	0.3328904496218227	0.3328590290983484	0.3328276339186701	0.3327962636953243	0.3327649180666814	0.33273359669412395	0.33270229925958694	0.33267102546341104	0.33263977502246234	0.33260854766848713	0.33257734314666687	0.3325461612143495	0.33251500163993297	0.33248386420188203	0.3324527486878597	0.33242165489396036	0.33239058262403043
0.02606153549998896	0.3333333333333333	0.33330058985168887	0.3332678902916273	0.33323523014800244	0.3332026067367119	0.3331700182275303	0.3331374632422686	0.3331049406636209	0.33307244954067194	0.33303998903963816	0.33300755841624236	0.3329751569986009	0.33294278417558454	0.33291043938817366	0.33287812212262646	0.332845831904858	0.3328135682956963	0.3327813308868264	0.3327491192972907	0.3327169331704577	0.3326847721713856	0.33265263598452716	0.33262052431172634	0.3325884368704684	0.3325563733923486	0.3325243336217294	0.33249231731456313	0.3324603242373569	0.3324283541662595	0.33239640688625827	0.3323644821904669
0.02642408757321947	0.3333333333333333	0.3332996731780091	0.33326605924242003	0.3332324867671147	0.3331989529243574	0.3331654557857049	0.33313199389613934	0.3330985660737219	0.33306517131137087	0.33303180872582644	0.3329984775289399	0.3329651770097432	0.332931906522121	0.33289866547557184	0.3328654533278618	0.33283226957896134	0.3327991137659281	0.3327659854585329	0.33273288425549646	0.3326998097812346	0.3326667616830365	0.3326337396286153	0.33260074330397554	0.3325677724115551	0.3325348266686036	0.3325019058057656	0.3324690095658386	0.332436137702685	0.332403289980275	0.3323704661718444	0.33233766605915027
0.026791683248190326	0.3333333333333333	0.33329873085817463	0.33326417702034766	0.33322966679230315	0.3331951971949395	0.33316076619594404	0.33312637225881697	0.3330920141330398	0.3330576907520091	0.3330234011801344	0.3329891445829603	0.33295492020833556	0.3329207273733312	0.33288656545434886	0.33285243387921687	0.3328183321206488	0.3327842596907249	0.3327502161361814	0.3327162010343653	0.33268221398974496	0.332648254630895	0.3326143226078842	0.332580417590009	0.3325465392638239	0.33251268733142714	0.33247886150896566	0.33244506152532927	0.3324112871210072	0.3323775380470856	0.33234381406436597	0.3323101149425881
0.027164392688390833	0.3333333333333333	0.33329776217553986	0.3332622421983025	0.33322676809143487	0.3331913367162847	0.33315594593066256	0.3331205941116484	0.33308527993597153	0.333050002273973	0.3330147601347375	0.33297955263495044	0.33294437897908186	0.33290923844547476	0.3328741303757423	0.3328390541662561	0.332804009261092	0.33276899514608094	0.3327340113437399	0.3326990574089285	0.33266413292511415	0.3326292375011525	0.33259437076850706	0.3325595323788431	0.33252472200194383	0.33248993932389903	0.332455184045531	0.3324204558810218	0.3323857545567148	0.33235107981006423	0.3323164313887149	0.33228180904969007
0.027542287033381664	0.3333333333333333	0.33329676639347966	0.3332602533095352	0.33322378847334944	0.3331873685780522	0.3331509913651942	0.33311465512019645	0.3330783584426269	0.33304210013605273	0.3330058791510919	0.33296969455289815	0.3329335455002639	0.33289743123079985	0.3328613510495556	0.3328253043198506	0.33278929045566874	0.3327533089152492	0.3327173591956372	0.33268144082802587	0.33264555337376334	0.3326096964209202	0.33257386958133384	0.33253807248805856	0.33250230479316145	0.3324665661658139	0.3324308562906349	0.33239517486625075	0.33235952160403937	0.3323238962270315	0.33228829846894986	0.3322527280733626
0.02792543841237338	0.3333333333333333	0.333295742754833	0.3332582088465599	0.3332207256862391	0.33318328978960154	0.33314589877515743	0.33310855083111324	0.3330712444752275	0.333033978440362	0.33299675161539277	0.3329595630111359	0.33292241173830067	0.33288529699166436	0.33284821803785053	0.3328111742054488	0.33277416487681855	0.3327371894811895	0.33270024748880916	0.33266333840595497	0.33262646177066946	0.3325896171491056	0.33255280413239036	0.3325160223339248	0.33247927138705735	0.3324425509430744	0.3324058606694594	0.3323692002483834	0.33233256937539024	0.3322959677582496	0.33225939511595326	0.3322228511778338
0.02831391995799379	0.3333333333333333	0.333294690481334	0.33325610726003285	0.333217577415988	0.3331790972778053	0.33314066433375233	0.3331022766689342	0.33306393271437984	0.333025631128154	0.3329873707339157	0.3329491504852195	0.332910969442171	0.33287282675451246	0.3328347216484851	0.3327966534161837	0.33275862140672613	0.33272062501883437	0.3326826636945551	0.33264473691392454	0.3326068441904199	0.33256898506707505	0.3325311591131534	0.3324933659212961	0.33245560510506755	0.3324178762968434	0.33238017914598283	0.3323425133172483	0.33230487848943036	0.33226727435415143	0.33222970061481805	0.3321921569856965
0.028707805820246908	0.3333333333333333	0.3332936087730255	0.3332539469575981	0.3332143412844651	0.33317478788480265	0.33313528410898685	0.3330958279327866	0.33305641769531874	0.3330170519755308	0.33297772952824223	0.33293844924667737	0.3328992101376979	0.33286001130370196	0.332820851928493	0.3327817312658113	0.33274264862982744	0.3327036033871705	0.3326645949501996	0.3326256227713037	0.33258668633805805	0.3325477851690989	0.33250891881060307	0.33247008683327495	0.3324312888297651	0.3323925244124496	0.33235379321151537	0.33231509487330646	0.3322764290588881	0.3322377954427985	0.3321991937119504	0.33216062356470233
0.029107171180666053	0.3333333333333333	0.3332924968076584	0.33325172630270244	0.33321101484777227	0.3331703583656925	0.3331297540608286	0.3330891997930132	0.3330486938039874	0.3330082345890427	0.3329678208303636	0.33292745135762924	0.3328871251216918	0.3328468411751815	0.33280659865730233	0.3327663967814807	0.3327262348251377	0.3326861121211318	0.3326460280505586	0.332605982036668	0.3325659735397131	0.332526002052576	0.3324860670970452	0.33244616822064144	0.3324063049939006	0.33236647700804517	0.3323266838729797	0.33228692521556163	0.332247200678103	0.33220750991706166	0.33216785260193255	0.3321282284142105
0.029512092266663854	0.3333333333333333	0.33329135374007174	0.333249443613379	0.33320759559444446	0.33316580538616647	0.33312407003828376	0.33308238728770767	0.3330407552730482	0.3329991724011755	0.33295763727766026	0.3329161486652702	0.33287470545594766	0.3328333066500102	0.3327919513397882	0.332750638696327	0.3327093679583929	0.332668138423298	0.33262694943920246	0.3325858003986336	0.33254469073301374	0.33250361990802924	0.33246258741970036	0.33242159279103806	0.33238063556919145	0.33233971532300627	0.3322988316409294	0.3322579841292016	0.33221717241029614	0.33217639612155453	0.3321356549140298	0.33209494845141063
0.02992264636608189	0.33333333333333326	0.33329017870155797	0.3332470971609959	0.33320408094360154	0.3331611255200784	0.3331182277763963	0.3330753853191599	0.3330325961777865	0.3329898586657224	0.33294717130775625	0.3329045327962161	0.33286194196109375	0.33281939774772035	0.3327768991991571	0.33273444544188674	0.3326920356740058	0.33264966915539745	0.3326073451995134	0.33256506316647655	0.3325228224572769	0.3324806225088743	0.33243846279005407	0.3323963427979121	0.33235426205486107	0.33231222010607575	0.3322702165173014	0.3322282508729687	0.3321863227745595	0.3321444318392185	0.3321025776984817	0.3320607599972236
0.030338911841942706	0.3333333333333333	0.33328897079921116	0.33324468516897404	0.33320046824305244	0.3331563152469504	0.33311222289317244	0.3330681886502178	0.3330242104319099	0.3329802864530416	0.3329364151532448	0.33289259515071157	0.3328488252102919	0.33280510421951925	0.3327614311696613	0.33271780514033367	0.3326742252868303	0.3326306908296105	0.3325872010455354	0.3325437552605376	0.33250035284347423	0.33245699320095246	0.33241367577296743	0.3323704000292088	0.33232716546592417	0.3322839716032462	0.33224081798290445	0.33219770416625294	0.3321546297325997	0.332111594277694	0.3320685974124702	0.3320256387619162
0.030760968147407083	0.3333333333333333	0.33328772911525417	0.33324220581146624	0.33319675476734517	0.3331513709494101	0.3331060508864206	0.333060791900517	0.3330155917832357	0.332970448645189	0.33292536083628016	0.33288032689669067	0.33283534552277877	0.3327904155413222	0.33274553588913314	0.3327007055965244	0.33265592377372843	0.33261118959966474	0.3325665023126062	0.33252186120240007	0.3324772656039625	0.33243271489182347	0.33238820847553774	0.33234374579580866	0.3322993263212057	0.33225494954537005	0.3322106149846278	0.3321663221759329	0.33212207067512634	0.33207786005536183	0.3320336899057967	0.331989559830413
0.031188895840939368	0.3333333333333333	0.33328645270635116	0.3332396572120042	0.33319293771576797	0.3331462889105641	0.3330997071305121	0.3330531895426862	0.33300673380927515	0.3329603379309325	0.3329140001630367	0.3328677189636944	0.33282149295725294	0.33277532090662065	0.33272920169134473	0.3326831342898585	0.3326371177649405	0.3325911512517251	0.3325452339477768	0.33249936510484335	0.33245354402198296	0.33240777003981775	0.33236204253571167	0.3323163609197092	0.3322707246311006	0.3322251331355047	0.3321795859223715	0.3321340825028738	0.33208862240802384	0.3320432051871039	0.331997830406266	0.33195249764731716
0.0316227766016838	0.3333333333333333	0.3332851406028983	0.33323703744210625	0.3331890142102948	0.33314106531129883	0.33309318687305545	0.33304537589838246	0.33299762991269827	0.3329499468006386	0.33290232471802783	0.3328547620366351	0.3328072573050978	0.33275980921917464	0.33271241659818035	0.3326650783659427	0.3326177935352495	0.33257056119506817	0.3325233805000031	0.33247625066156516	0.3324291709409194	0.33238214064283844	0.3323351591106416	0.3322882257219433	0.3322413398850624	0.33219450103597137	0.33214770863572607	0.332100962168201	0.3320542611381957	0.332007605069765	0.33196099350477315	0.33191442600159093
0.03206269324505466	0.33333333333333326	0.3332837918082969	0.3332343445198487	0.33318498129347673	0.33313569622751166	0.3330864852314839	0.3330373451342611	0.332988273316689	0.33293926754103076	0.33289032585828526	0.3328414465494094	0.33279262808344146	0.33274386908553066	0.33269516831162455	0.3326465246280584	0.33259793699493895	0.33254940445253944	0.33250092611011395	0.33245250113666736	0.3324041287533124	0.33235580822691324	0.3323075388647825	0.33225932001023073	0.3322111510388175	0.3321630313551696	0.3321149603903005	0.3320669375992513	0.33201896245911944	0.3319710344673147	0.3319231531400527	0.33187531801099496
0.03250872973854344	0.3333333333333333	0.3332824052982052	0.3332315764083981	0.33318083592627784	0.33313017762726915	0.33307959718955604	0.33302909125783386	0.3329786570601787	0.332928292229817	0.33287799470739365	0.33282776267835495	0.33277759452804634	0.33272748880735886	0.3326774442055575	0.3326274595284266	0.3325775336805395	0.3325276656507914	0.33247785450054895	0.3324280993539039	0.3323783993896256	0.3323287538344909	0.33227916195772667	0.33222962306636017	0.33218013650129824	0.33213070163404246	0.3320813178638287	0.3320319846152378	0.33198270133610397	0.3319334674957123	0.331884282583189	0.3318351461061495
0.03296097121774578	0.3333333333333333	0.3332809800197712	0.3332287310145047	0.3331765749858516	0.33312450536788996	0.3330725175937636	0.3330206081132223	0.3329687739929621	0.33291701273018304	0.33286532214937753	0.3328137003355456	0.33276214558602824	0.3327106563736072	0.33265923131735653	0.3326078691592695	0.33255656874535827	0.33250532901029284	0.3324541489648596	0.33240302768568214	0.3323519643067608	0.33230095801247495	0.3322500080317695	0.33219911363329	0.3321482741213264	0.33209748883231993	0.3320467571319511	0.3319960784126144	0.3319454520912509	0.3318948776074324	0.331844354421747	0.33179388201431487
0.03341950400261143	0.3333333333333333	0.33327951489084284	0.3332258061869541	0.33317219526325986	0.33311867519295135	0.3330652411496547	0.33301188937680193	0.33295861677068717	0.3329054206851476	0.3328522988224384	0.33279924916192394	0.3327462699083995	0.3326933594524675	0.332640516339299	0.3325877392436595	0.33253502694978954	0.3324823783351104	0.33242979235697123	0.3323772680418196	0.3323248044763144	0.33227240079999565	0.33222005619920403	0.3321677699020028	0.3321155411739459	0.3320633693144394	0.332011253653704	0.3319591935501489	0.3319071883880762	0.3318552375757472	0.33180334054362387	0.3317514967428481
0.033884415613920256	0.33333333333333326	0.3332780087991575	0.3332227997149769	0.33316769346113034	0.33311268272921835	0.33305776241802604	0.3330029285527347	0.3329481778497211	0.33289350751177804	0.33283891511253605	0.3327843985202673	0.33272995584243087	0.3326755853831501	0.33262128560976056	0.332567055126157	0.3325128926513996	0.3324587970024546	0.3324047670802025	0.33235080185804405	0.332296900372575	0.332243061715912	0.33218928502933287	0.3321355694980107	0.33208191434653306	0.33202831883517775	0.3319747822567113	0.33192130393365527	0.33186788321588967	0.3318145194786281	0.3317612121205773	0.33170796056233964
0.03435579478998746	0.3333333333333333	0.33327646060150884	0.33321970932661793	0.33316306619125213	0.33310652348348996	0.3330500758110875	0.332993718968389	0.33293744948188664	0.3328812643952625	0.3328251611468159	0.3327691374879825	0.33271319142383304	0.3326573211674637	0.33260152510420893	0.332545801763228	0.3324901497947854	0.33243456795198867	0.3323790550760358	0.3323236100842403	0.3322682319602542	0.33221291974604067	0.33215767253523365	0.33210248946764215	0.3320473697245808	0.3319923125249853	0.3319373171220795	0.33188238280048776	0.33182750887379686	0.3317726946823666	0.3317179395914343	0.3316632429894276
0.03483373150360118	0.3333333333333333	0.33327486912289145	0.33321653268705803	0.3331583099721071	0.33310019283936604	0.33304217558845717	0.3329842537696428	0.3329264237090658	0.33286868228283484	0.33281102678687086	0.3327534548497264	0.332695964368749	0.33263855346119514	0.3325812204259842	0.332523963713441	0.3324667819011973	0.33240967367489205	0.3323526378126356	0.33229567317243386	0.3322387786819491	0.33218195333010203	0.3321251961601733	0.3320685062640035	0.3320118827771936	0.33195532487502427	0.3318988317689511	0.33184240270365395	0.3317860369544169	0.3317297338248677	0.3316734926449778	0.33161731276928785
0.0353183169791957	0.3333333333333333	0.33327323315562174	0.3332132673968938	0.3331534212263365	0.3330936860539272	0.33303405585308954	0.33297452591606747	0.3329150923576698	0.33285575187755	0.332796501621844	0.33273733908984926	0.3326782620655552	0.3326192685652861	0.3325603567968659	0.33250152512743636	0.3324427720579266	0.3323840962026801	0.33232549627311064	0.33226697106450975	0.3322085194453249	0.3321501403484188	0.33209183276380194	0.33203359573265434	0.33197542834228266	0.3319173297218705	0.3318592990388174	0.33180133549565016	0.3317434383272793	0.3316856067986244	0.3316278402025101	0.33157013785779565
0.0358096437102636	0.3333333333333333	0.333271551458435	0.33320991099036934	0.3331483962781404	0.3330869982543303	0.3330257105470916	0.3329645281759905	0.33290344703297087	0.33284246363190667	0.33278157496136007	0.3327207783846558	0.33266007156647087	0.3325994524168032	0.33253891904741933	0.33247846973766626	0.3324181029074527	0.33235781709577017	0.33229761094351523	0.3322374831796632	0.3321774326100535	0.33211745810826265	0.33205755860802255	0.3319977330969845	0.3319379806114646	0.3318783002319723	0.3318186910794503	0.33175915231197234	0.33169968312189735	0.3316402827333669	0.3315809504000884	0.33152168540336036
0.03630780547701014	0.3333333333333333	0.33326982275555583	0.33320646093356054	0.33314323135060725	0.3330801244343136	0.3330171334474311	0.3329542531214319	0.3328914791132915	0.33282880774131174	0.332766235828286	0.3327037605944809	0.3326413795789642	0.3325790905796941	0.3325168916071187	0.332454780847897	0.3323927566363406	0.33233081743179105	0.33226896180058485	0.3322071884015666	0.33214549597440146	0.3320838833299779	0.3320223493425688	0.33196089294328907	0.3318995131146187	0.33183820888573007	0.3317769793285514	0.3317158235543052	0.3316547407105177	0.33159372997838443	0.3315327905704309	0.33147192172842443
0.036812897364253146	0.3333333333333333	0.33326804573574814	0.3332029146225123	0.33313792256297514	0.33307305945061283	0.3330083181615373	0.3329436931229176	0.33287917974405334	0.3328147741373878	0.332750472951319	0.332686273255577	0.3326221724569598	0.33255816823533185	0.33249425849424324	0.3324304413224765	0.332366714963894	0.3323030777936366	0.33223952829920494	0.33217606506529845	0.3321126867616048	0.3320493921327844	0.3319861799902906	0.3319230492055498	0.3318599987042055	0.3317970274612996	0.3317341344970788	0.3316713188733945	0.3316085796905506	0.3315459160845243	0.3314833272244958	0.33142081231063714
0.037325015779572056	0.3333333333333333	0.3332662190513331	0.33319926938132366	0.3331324659278197	0.3330657980192907	0.33299925812278736	0.33293284034415693	0.332866539831674	0.3328003524811141	0.3327342747573927	0.332668303571807	0.33260243619183605	0.33253667017283495	0.332471003305539	0.3324054335753528	0.3323399591305487	0.33227457825725026	0.33220928935959576	0.3321440909439166	0.33207898160591504	0.33201396002028283	0.3319490249321362	0.3318841751498681	0.3318194095391994	0.3317547270180646	0.3316901265522471	0.3316256071515876	0.3315611678666628	0.3314968077858515	0.33143252603272083	0.33136832176368247
0.03784425847170933	0.3333333333333333	0.3332643413171844	0.3331955224601828	0.3331268573481673	0.33305833471193574	0.33298994658587877	0.33292168673659056	0.332853550037318	0.3327855321558023	0.33271762936390264	0.33264983840614065	0.3325821564032136	0.33251458077916685	0.33244710920564724	0.3323797395588495	0.3323124698860117	0.332245298379145	0.3321782233542585	0.33211124323481855	0.33204435653836367	0.33197756186566796	0.33191085789180136	0.33184424335866064	0.33177771706874504	0.3317112778797955	0.3316449247002103	0.3315786564850531	0.3315124722325496	0.3314463709809846	0.33138035180593517	0.331314413817782
0.03837072454922788	0.3333333333333333	0.33326241110969523	0.3331916710333498	0.3331210926145337	0.33305066395183447	0.3329803766220849	0.33291022403380166	0.3328402007704888	0.3327703022599012	0.3327005245707457	0.33263086427194993	0.3325613183295275	0.33249188402900487	0.3324225589162892	0.33235334075218553	0.3322842274771342	0.3322152171836483	0.33214630809456736	0.3320774985457755	0.3320087869722269	0.3319401718966414	0.331871651920133	0.33180322571446974	0.33173489201548356	0.3316666496174809	0.3315984973684125	0.33153043416566674	0.3314624589523677	0.3313945707140912	0.3313267684759294	0.33125905129985034
0.03890451449942806	0.3333333333333333	0.3332604269657163	0.3331877121970848	0.3331151674018854	0.33304278000997456	0.3329705411143896	0.33289844374578736	0.3328264821824698	0.33275465159962847	0.3326829478521687	0.3326113673240996	0.33253990681838086	0.3324685634743783	0.33239733470520844	0.33232621814974106	0.3322552116355214	0.33218431314986585	0.33211352081714957	0.3320428328806827	0.331972247688193	0.3319017636799853	0.3318313793791564	0.33176109338349247	0.33169090435856124	0.3316208110318368	0.3315508121876144	0.3314809066625691	0.3314110933418398	0.3313413711555502	0.33127173907569196	0.3312021967194728
0.03944573020752784	0.33333333333333326	0.3332583873814655	0.333183642967521	0.33310907726651884	0.3330346770009785	0.33296043275249904	0.3328863371530868	0.33281238415959863	0.3327385686814226	0.3326648863484233	0.332591333349828	0.33251790631667444	0.3324446022340679	0.33237141837486217	0.33229835224906157	0.33222540156486735	0.3321525641983974	0.3320798381699367	0.3320072216250101	0.3319347128192299	0.33186231010589345	0.33179001192581775	0.33171781679878193	0.33164572331631104	0.3315737301354871	0.33150183597358696	0.33143003960338746	0.33135833984901986	0.33128673558227695	0.3312152263630246	0.33114380964067536
0.03999447497610975	0.3333333333333333	0.3332562908114083	0.33317946027848117	0.33310281764286076	0.3330263488789285	0.3329500440277279	0.33287389530076583	0.332797896316381	0.3327220417042144	0.3326463268572226	0.33257074775941387	0.3324953008605082	0.332419982982765	0.3323447912508599	0.3322697230385964	0.3321947759280103	0.3321199476777002	0.3320452361979347	0.3319706395309552	0.3318961558351144	0.33182178337192275	0.33174752049540446	0.331673365643126	0.33159931732860926	0.3315253741348134	0.3314515347084717	0.3313777977551241	0.3313041620347219	0.3312306270444384	0.3311571900464887	0.33108385083955255
0.04055085354483839	0.3333333333333333	0.3332541356671068	0.33317516097923605	0.3330963838401846	0.33301778943308347	0.33293936722775713	0.33286110899225174	0.33278300798843663	0.3327050585515139	0.33262725582499714	0.33254959557662755	0.33247207406485263	0.3323946879399866	0.3323174341701449	0.3322403099851707	0.332163312833743	0.3320864403502329	0.33200969032869465	0.3319330607022967	0.33185654952671706	0.3317801549666616	0.3317038752846446	0.3316277088316025	0.3315516540389044	0.3314757094114755	0.3313998735218096	0.33132414500470764	0.3312485225526126	0.3311730054244578	0.33109759115489035	0.3310222793273547
0.04111497211045223	0.3333333333333333	0.3332519203160379	0.3331707418322032	0.33308977103923926	0.33300899228348524	0.33292839443125977	0.33284796878301526	0.3327677082252719	0.3326876067833068	0.332607659337943	0.3325278614289592	0.3324482091129808	0.33236869885873854	0.33228932746891165	0.33221009202117413	0.3321309898232693	0.3320520183782723	0.3319731753574843	0.33189445857890965	0.33181586598990687	0.33173739565307325	0.33165904573448	0.33158081449380455	0.33150270027591255	0.33142470150359454	0.33134681667122967	0.33126904433920457	0.3311913836958481	0.33111383204902567	0.3310363889242374	0.33095905310787893
0.04168693834703355	0.33333333333333326	0.3332496430803803	0.3331661995105839	0.33308297428879285	0.3329999508764548	0.3329171175023927	0.3328344649740983	0.33275198578288	0.332669673627758	0.3325875231128612	0.3325055295376208	0.33242368874566336	0.33234199701392525	0.3322604509702597	0.33217904753150973	0.33209778385644506	0.3320166573094412	0.33193566543216146	0.3318548059210343	0.33177407660917296	0.3316934754515176	0.33161300051251735	0.3315326499557381	0.33145242203498126	0.3313723150866034	0.33129232752280235	0.33121245845192493	0.3311327049314655	0.33105306642024157	0.3309735415879712	0.3308941291555374
0.042266861426560304	0.3333333333333333	0.3332473022357667	0.3331615305959389	0.33307598850208525	0.3329906584799724	0.3329055280851505	0.3328205876054829	0.3327358291161616	0.33265124597271967	0.33256683248778296	0.33248258370731976	0.3323984952501162	0.33231456319050345	0.3322307839715758	0.33214715434019104	0.3320636712976922	0.33198033206193767	0.3318971340377095	0.3318140747931674	0.33173115204092096	0.33164836362244865	0.33156570749514824	0.3314831817213868	0.3314007844591196	0.3313185139537591	0.33123636853105376	0.33115434704543656	0.33107244680617476	0.3309906670434357	0.3309090063551116	0.3308274633930792
0.04285485203974396	0.3333333333333333	0.33324489601000384	0.33315673157569825	0.33306880845318776	0.332981108178941	0.33289361759757813	0.33280632644929664	0.3327192263711623	0.3326323103570355	0.33254557241237503	0.33245900731579553	0.33237261044870026	0.33228637767137037	0.33220030523163496	0.3321143896967235	0.33202862790162385	0.3319430169094665	0.331857553980526	0.3317722365476673	0.3316870621964459	0.33160202864878463	0.3315171337493389	0.3314323754539426	0.33134775181968923	0.3312632609963144	0.3311789017443062	0.33109467107507007	0.3310105681418206	0.3309265914054029	0.3308427393880528	0.3307590106689632
0.043451022417157155	0.3333333333333333	0.3332424225817566	0.33315179884060653	0.3330614287732714	0.3329712928703298	0.33288137722584143	0.332791671002854	0.33270216537712555	0.332612852961643	0.33252372743812486	0.33243478330312065	0.33234601568736727	0.3322574202249873	0.3321689929574563	0.33208073026216167	0.33199262879837377	0.3319046854658314	0.3318168973723336	0.3317292618080353	0.3316417762245814	0.3315544382179507	0.33146724551408785	0.33138019595670065	0.3312932874967585	0.3312065187851657	0.33111988650778823	0.33103338972633956	0.3309470267485831	0.3308607959522928	0.3307746957800155	0.33068872473438915
0.044055486350655336	0.33333333333333326	0.3332398800791983	0.33314672868209955	0.3330538439467824	0.33296120525819395	0.33286879791814905	0.33277661048152735	0.3326846336383549	0.3325928596004648	0.3325012817082973	0.3324098941607565	0.33231869182384943	0.33222767009273263	0.33213682479081097	0.33204615209488214	0.33195564847862186	0.3318653106692855	0.3317751356138069	0.33168512045187326	0.3315952624940221	0.3315055592035883	0.3314160081815487	0.3313266071536176	0.3312373539591178	0.33114824697647066	0.3310592831109733	0.3309704611810061	0.3308817794029743	0.3307932360671522	0.33070482953215286	0.33061655821998587
0.04466835921509632	0.3333333333333333	0.33323726657862185	0.3331415172896132	0.33304604830748735	0.33295083784857016	0.332855870378525	0.33276113381144534	0.3326666183258822	0.33257231571108736	0.332478218947661	0.3323843219203635	0.3322906192155856	0.3321971059759716	0.3321037777945083	0.33201063063605735	0.3319176607783219	0.3318248647664987	0.33173223937787233	0.3316397815935164	0.33154748857531396	0.3314553576469321	0.33136338627781636	0.3312715720695303	0.3311799132675244	0.33108840639414255	0.3309970501581417	0.3309058425951974	0.33081478182548585	0.3307238660471201	0.33063309353031217	0.3305424626121562
0.045289757990362084	0.3333333333333333	0.3332345801030162	0.33313616074781954	0.3330380360344834	0.33294018294424277	0.33284258506042735	0.33274522962201514	0.3326481062689386	0.3325512063452224	0.33245452245198004	0.33235804814235864	0.33226177770738247	0.33216570602288253	0.33206982843835997	0.33197414069483167	0.3318786388630861	0.33178331929624644	0.3316881785926871	0.3315932135663392	0.3314984212225166	0.3314037987378521	0.3313093434433742	0.3312150528100335	0.33112092479272004	0.33102695611883703	0.3309331452371037	0.33083949007718316	0.33074598865789406	0.3306526390802823	0.3305594395214576	0.33046638822908797
0.04591980128368686	0.3333333333333333	0.3332318186206011	0.33313065503379097	0.3330298011480379	0.33292923263937757	0.3328289321602097	0.33272888623826274	0.33262908394622237	0.3325295161589462	0.3324301750772644	0.332331053904218	0.3322321466188046	0.3321334478149316	0.3320349525848554	0.33193665643319803	0.3318385552123249	0.33174064507276846	0.33164292242429133	0.3315453839047291	0.3314480263545273	0.3313508467955562	0.33125384241320205	0.3311570109983915	0.33106034883074836	0.3309638542250979	0.3308675248971149	0.33077135866479945	0.3306753534402158	0.33057950722217944	0.33048381808975075	0.33038828419642663
0.046558609352295895	0.3333333333333333	0.3332289800433261	0.33312499601409135	0.3330213375053564	0.3329179788140243	0.33281490161042326	0.33271209167299254	0.3326095374769638	0.33250722940271493	0.33240515922877967	0.33230331978852035	0.3322017047312866	0.3321003083531293	0.33199912547454147	0.33189815135053635	0.3317973816030058	0.33169681216880986	0.3315964392589351	0.3314962593257324	0.3313962690360732	0.33129646524895795	0.33119684499654467	0.3310974057590617	0.3309981440011197	0.3308990577594393	0.33080014462644736	0.3307014023025334	0.3306028285873277	0.3305044213719813	0.33040617863230165	0.330308098422622
0.04720630412635905	0.33333333333333326	0.3332260622253256	0.3331191794417875	0.33301263879623433	0.3329064131284772	0.3328004830729545	0.33269483361875496	0.33258945261177664	0.3324843299111479	0.33237945684980585	0.33227482587072404	0.33217043027499504	0.3320662640439608	0.33196232171109685	0.331858598267906	0.331755089093125	0.33165178989833344	0.33154869668507253	0.3314458057103605	0.3313431134583622	0.3312406166166991	0.33113831246093184	0.33103619693417097	0.3309342679071326	0.33083252271807473	0.3307309588296107	0.33062957381825875	0.330528365365238	0.33042733124831913	0.3303264693345812	0.33022577757394417
0.04786300923226383	0.3333333333333333	0.33322306296133514	0.3331132009533857	0.333003698538598	0.3328945270174997	0.33278566593199543	0.3326770994396259	0.3325688147232987	0.3324608010925784	0.3323530494101461	0.332245551706679	0.3321383009153469	0.33203129068503046	0.3319245152461139	0.33181796931195906	0.3317116480048533	0.3316055467989076	0.3314996614750263	0.33139398808456455	0.3312885229193978	0.3311832624868355	0.3310782037286606	0.33097334274680457	0.33086867711379203	0.3307642040243055	0.3306599208042325	0.3305558248996338	0.3304519138670273	0.3303481853647897	0.3302446371455131	0.3301412686702905
0.048528850016212106	0.3333333333333333	0.33321997998506214	0.3331070560656858	0.33299451007393255	0.3328823116844013	0.33277043928684286	0.3326588761627881	0.3325476087966119	0.33243662591836554	0.3323259178943775	0.3322154763198567	0.33210529373930453	0.3319953634504059	0.3318856793635316	0.331776235898569	0.3316670279073568	0.33155805061376303	0.33144929956631564	0.33134077059986866	0.3312324598039507	0.33112436386252586	0.33101647827146274	0.33090880039516657	0.33080132712537824	0.33069405550555836	0.3305869827175949	0.330480106070159	0.3303734229884512	0.330266931005128	0.3301606293467977	0.33005451257913476
0.049203953568145095	0.3333333333333333	0.333216810967516	0.3331007401725544	0.3329850665625932	0.33286975809497044	0.33275479194452384	0.3326401504699148	0.33252581941944265	0.33241178691196327	0.3322980427898425	0.3321845781883393	0.3320713852413484	0.3319584568756628	0.33184578666383036	0.3317333687161341	0.33162119759929115	0.3315092682735176	0.3313975760426494	0.3312861165136663	0.3311748855631895	0.33106387951434346	0.33095309398895195	0.33084252603035597	0.3307321723626695	0.3306220298700825	0.3305120955828296	0.3304023666648994	0.33029284040321405	0.3301835157619882	0.3300743871597906	0.3299654536768148
0.04988844874600123	0.33333333333333326	0.33321355351529003	0.3330942485416125	0.33297536097899655	0.3328568569712559	0.33273871241224223	0.33262090868834737	0.33250343077213285	0.332386266137743	0.33226940407437394	0.3321528352314589	0.332036551309163	0.33192054484262823	0.33180480904783993	0.3316893377085562	0.33157412509096656	0.3314591658775675	0.3313444551145803	0.3312299881691726	0.3311157610374529	0.3310017686372272	0.33088800774878757	0.33077447473379806	0.3306611661398206	0.3305480786833052	0.3304352092347788	0.33032255480587547	0.3302101140660716	0.33009788127402273	0.32998585522799684	0.3298740334048703
0.050582466200311406	0.3333333333333333	0.3332102051688008	0.3330875763108392	0.332965386106692	0.332843598785195	0.3327221888896442	0.33260113678206904	0.33248042661738303	0.332360045189565	0.33223998120375337	0.3321202247962223	0.33200076720902405	0.3318816005637832	0.3317627177002654	0.33164411205789557	0.3315257775861818	0.3314077086751411	0.3312899000998187	0.3311723469750374	0.3310550449037687	0.3309379888893113	0.3308211753643379	0.33070460049432804	0.3305882606408985	0.33047215234384697	0.3303562723055201	0.33024061886309675	0.3301251861016439	0.33000997250235664	0.3298949752986883	0.3297801918335668
0.05128613839913648	0.3333333333333333	0.33320676340047684	0.333080718485084	0.332955134533307	0.3328299737520851	0.3327052092608955	0.3325808203424626	0.3324567902897583	0.3323331051790943	0.3322097530988861	0.3320867236434101	0.3319640075708841	0.33184159656641943	0.3317194830728847	0.3315976601666956	0.3314761214637227	0.33135486104601436	0.3312338734032063	0.3311131537211827	0.33099269618455124	0.33087249689148746	0.33075255157199646	0.3306328561849303	0.3305134068960763	0.3303942000592028	0.3302752321995625	0.3301565015216338	0.3300380018413013	0.3299197315565024	0.329801687753815	0.3296838676350871
0.0519995996533516	0.33333333333333326	0.3332032256129015	0.3330736699324913	0.33294459864536574	0.33281597182389455	0.3326877610865736	0.3325599445788563	0.33243250468495716	0.3323054267238569	0.3321786981327361	0.3320523079333936	0.33192624637316126	0.33180050467641414	0.3316750748674213	0.33154994963997975	0.331425122258527	0.3313005864808891	0.33117633649634637	0.3310523670585963	0.3309286723883915	0.3308052482049836	0.3306820900081542	0.33055919353913854	0.330436554757493	0.3303141698210923	0.3301920365510981	0.3300701485379448	0.32994850381658375	0.3298270991877257	0.32970593158325856	0.32958499805643526
0.05272298614228227	0.3333333333333333	0.33319958913690406	0.3330664253808306	0.332933770622977	0.33280158268241034	0.33266983159536156	0.33253849430884624	0.33240755224883545	0.3322769899350325	0.3321467941169093	0.3320169532116526	0.3318874569271833	0.33175829600171824	0.3316294620180914	0.33150094726691115	0.3313727446425089	0.33124484756142547	0.3311172498968899	0.33098994595276654	0.3308629299833428	0.33073619730859355	0.33060974318582537	0.3304835631270912	0.33035765287477475	0.3302320098142824	0.3301066272909913	0.3299815029288715	0.32985663320905106	0.3297320147623709	0.32960764435779355	0.32948351889205774
0.05345643593969717	0.3333333333333333	0.33319585122960127	0.3330589794137325	0.332922642434389	0.33278679573221825	0.33265140767554807	0.3325164539483983	0.33238191496618374	0.33224777440497966	0.33211401828802156	0.3319806343939957	0.3318476118613902	0.33171494091551873	0.33158261267382133	0.33145061900212197	0.33131895240504583	0.33118760593993557	0.3310565733459868	0.3309258478656384	0.330795424374446	0.33066529757556584	0.33053546247093546	0.33040591433125777	0.3302766486702315	0.33014766268992235	0.3300189494243233	0.3298905063708223	0.32976232982370435	0.329634416234902	0.3295067622017726	0.3293793644562037
0.05420008904016238	0.3333333333333333	0.33319200907238633	0.33305132646682717	0.33291120583040745	0.33277160009351237	0.3326324758663245	0.33249380750171853	0.3323555743492523	0.33221775919448066	0.3320803472937407	0.33194332575147467	0.3318066831051506	0.3316704090390731	0.3315344941801322	0.33139892994669984	0.33126370843312236	0.33112882231873053	0.3309942648423099	0.330860029217549	0.3307261098809041	0.3305925012501433	0.3304591980582665	0.3303261953218246	0.3301934897347102	0.33006107401685136	0.3299289451907097	0.32979709917329303	0.32966553206210714	0.32953424012065075	0.3294032197655367	0.3292724675550145
0.054954087385762455	0.3333333333333333	0.3331880597688634	0.33304346082378333	0.33289945233867546	0.33275598459473005	0.332613022348877	0.3324705385508929	0.3323285114260197	0.33218692281974527	0.3320457571785446	0.3319050008950003	0.33176464187229693	0.3316246692242197	0.33148507306069197	0.33134584432884073	0.3312069746911328	0.3310684564291247	0.33093028226201104	0.3307924453647338	0.3306549397129175	0.33051775942376727	0.3303808989470709	0.33024435439379196	0.33010811814124263	0.32997218667032735	0.3298365554738808	0.3297012202520945	0.3295661768952242	0.329431421468301	0.3292969501975623	0.3291627594584098
0.055718574893192985	0.3333333333333333	0.33318400034272755	0.33303537661224547	0.33288737325780837	0.3327399377650089	0.33259303293726933	0.3324466302452902	0.33230070672820244	0.33215524323906576	0.33201022336918107	0.331865632759613	0.33172145864432917	0.33157768953555616	0.3314343149985295	0.33129132548415513	0.33114871220033765	0.33100646709598114	0.3308645820952027	0.33072305057648177	0.33058186594816846	0.3304410220109391	0.33030051420461454	0.33016033453095706	0.33002047885202307	0.3298809421822181	0.3297417197750246	0.32960280710228723	0.3294641998359804	0.32932589383209576	0.32918788511639385	0.3290501698716787
0.05649369748123026	0.33333333333333326	0.3331798277355893	0.33302706779967384	0.3328749596513867	0.3327234478264616	0.3325724930691128	0.3324220652907236	0.33227214027899876	0.3321226978392562	0.3319737206598268	0.3318251935885067	0.33167710315329746	0.33152943723228595	0.33138218481691234	0.3312353358356379	0.3310888810179789	0.33094281172669504	0.33079711976933085	0.3306517980119484	0.3305068395079726	0.3303622377247506	0.3302179878403395	0.33007408141725036	0.32993051412542584	0.3297872807144857	0.32964437618583975	0.3295017957708386	0.32935953491155734	0.329217589243834	0.32907595458228533	0.3289346269068943
0.057279603098582925	0.3333333333333333	0.33317553880473894	0.33301852818904243	0.3328622023417954	0.33270650268626567	0.33255138779601656	0.3323968259383666	0.3322427915805637	0.33208926342176787	0.33193622319694266	0.33178365491666884	0.33163154436435405	0.33147987874973006	0.33132864645988136	0.3311778368732882	0.3310274402160447	0.3308774472426169	0.33072784962634905	0.3305786396966235	0.33042981013308587	0.33028135531653346	0.330133266331266	0.3299855381207067	0.329838164864149	0.32969114103236885	0.3295444613613016	0.3293981208290072	0.32925211463542536	0.3291064381845672	0.3289610870686548	0.3288160570541613
0.058076441752131204	0.3333333333333333	0.33317113032085377	0.3330097514144965	0.33284909190391526	0.3326890899285636	0.3325297017738188	0.3323708939734211	0.33221263960120573	0.33205491618852057	0.33189770446382716	0.3317409875542323	0.3315847504579772	0.3314289796805011	0.33127366297244587	0.3311187891333887	0.3309643478615123	0.33081032927642207	0.33065672489954784	0.3305035264984577	0.330350726359181	0.33019831853970927	0.3300462936433889	0.3298946463696275	0.3297433705885525	0.3295924604772806	0.32944191049215443	0.32929171534446366	0.3291418699791709	0.32899236955610756	0.32884320943337214	0.32869438515262295
0.0588843655355589	0.3333333333333333	0.3331665989656437	0.3330007309368307	0.3328356186586562	0.33267119680616897	0.3325074192525912	0.33234425070353	0.3321816627623389	0.3320196317274373	0.33185813726482405	0.331697161569499	0.3315366888118632	0.3313767047553402	0.331217196480435	0.33105815217743767	0.3308995608478257	0.33074141237961474	0.3305836976900417	0.3304264081036533	0.3302695367236118	0.3301130735491247	0.3299570124207528	0.3298013465260956	0.3296460694097034	0.3294911749394249	0.3293366572771344	0.32918251085320016	0.32902873034403585	0.32887531065236464	0.3287222468898028	0.3285695343613433
0.05970352865838369	0.3333333333333333	0.3331619413294339	0.33299146003888547	0.33282177266633184	0.3326528102320769	0.3324845240664124	0.33231687694693324	0.3321498389250871	0.33198338499767893	0.3318174937092848	0.33165214627163514	0.33148732598248165	0.3313230178236106	0.33115920817000266	0.3309958845707335	0.3308330353036193	0.33067064999941675	0.33050871894291217	0.3303472341206265	0.3301861848571178	0.3300255640003857	0.3298653639591674	0.32970557755919117	0.3295461980021364	0.32938721883014355	0.32922863389497437	0.32907043733114416	0.3289126235322779	0.3287551871304311	0.32859812297771707	0.3284414261300378
0.06053408747539135	0.3333333333333333	0.3331571539086842	0.3329819318208203	0.33280754371987264	0.33263391677077153	0.3324609996229086	0.33228875302036087	0.3321171453766704	0.3319461503145753	0.3317757451951428	0.33160591019303876	0.33143662768629445	0.33126788183344963	0.331099658266789	0.33093194380865865	0.3307647261427471	0.3305979944553139	0.33043173842301454	0.3302659496025633	0.33010061669697366	0.3299357322208573	0.3297712881796212	0.3296072770179179	0.3294436915763391	0.32928052505400024	0.32911777097610156	0.3289554231655903	0.3287934757183709	0.3286319229815321	0.3284707595340491	0.3283099810208776
0.06137620051647942	0.3333333333333333	0.3331522331034433	0.3329721391952663	0.332792921337872	0.33261450262933046	0.3324368288925547	0.3322598587266604	0.3320835588164685	0.33190790133424863	0.3317328623922008	0.3315584210713745	0.3313845587806359	0.33121125881157804	0.3310385060147338	0.33086628637055426	0.33069458718242273	0.33052339691526017	0.3303527057681407	0.3301825015894479	0.3300127757062174	0.3298435191833019	0.3296747236013979	0.3295063810038493	0.32933848385096853	0.32917102498065437	0.3290039975741888	0.32883739512646604	0.32867121141996736	0.3285054405018155	0.32834007745759897	0.3281751154300498
0.06223002851691595	0.3333333333333333	0.3331471752147338	0.33296207488235696	0.33277789475746405	0.3325945536483176	0.33241199439773333	0.3322301733421466	0.3320490553417983	0.3318686110379342	0.3316888152250884	0.33150964583127485	0.3313310832442513	0.33115310984276086	0.3309757096545429	0.33079886778403467	0.33062257111987303	0.3304468073715409	0.33027156621480136	0.33009683479091656	0.32992260401570317	0.32974886447921364	0.32957560731490565	0.3294028241435021	0.3292305070248467	0.329058648416441	0.3288872411374265	0.3287162783373493	0.32854575346873566	0.32837566099187077	0.3282059936616185	0.3280367461760548
0.06309573444801933	0.33333333333333326	0.3331419764418718	0.3329517314046331	0.3327624529270267	0.332574055292465	0.33238647820154704	0.3321996756037102	0.3320136104333935	0.33182825171595076	0.33164357285589086	0.3314595505657041	0.331276164157492	0.3310933950489252	0.3309112264018079	0.33072964241052905	0.3305486295086496	0.33036817563093546	0.330188266836373	0.33000889260922245	0.3298300423976861	0.3296517062918608	0.32947387495422925	0.3292965395604466	0.3291196917486542	0.3289433235757707	0.3287674274796806	0.32859199624635865	0.32841702363600733	0.3282425019730002	0.32806842531291885	0.3278947875737601
0.0639734835482648	0.3333333333333333	0.33313663287971207	0.3329411010818182	0.33274658449871	0.33255299264113575	0.33236026189637846	0.3321683436955809	0.3319771989405851	0.33178679495142316	0.331597103666448	0.33140810051698344	0.3312197636821673	0.3310320735679285	0.33084501242477704	0.330658563502947	0.330472713590278	0.3302874472945935	0.33010275242739984	0.32991861711310533	0.329735030239108	0.329551981369041	0.32936946066941486	0.3291874588472019	0.3290059670964701	0.32882497705236297	0.32864448075140756	0.3284644705968881	0.32828494014769116	0.32810588102785954	0.327927287139713	0.3277491520815538
0.06486344335482384	0.3333333333333333	0.33313114051582343	0.33293017602546476	0.33273027782078207	0.33253135037856685	0.33233332659219633	0.3321361552358739	0.331939795066175	0.3317442116036144	0.33154937524032013	0.3313552600574752	0.33116184304104895	0.3309691035319793	0.3307770225025844	0.3305855831821517	0.3303947709290368	0.3302045696134903	0.3300149664766229	0.3298259490113562	0.3296375055145874	0.329449624995562	0.32926229709849153	0.3290755120368378	0.32888926053703715	0.3287035337902349	0.32851832341044984	0.32833362213709644	0.32814942107394074	0.3279657133750359	0.32778249202026344	0.3275997502717937
0.06576578373554205	0.3333333333333333	0.3331254952275894	0.3329189481334637	0.3327135209297928	0.3325091127838849	0.3323056529046009	0.3321030872628171	0.33190137235100453	0.3317004717909691	0.33150035434441993	0.33130099266992474	0.3311023624970304	0.33090444204571107	0.33070721116384927	0.3305106531718993	0.33031475026055723	0.3301194876283716	0.32992485114086384	0.32973082762608097	0.3295374047591291	0.3293445709654515	0.32915231533928624	0.3289606275743931	0.3287694979049105	0.32857891705456377	0.3283888768412883	0.32819936778554665	0.32801038220542067	0.3278219123909618	0.32763395095332337	0.32744649080128563
0.06668067692136222	0.3333333333333333	0.3331196927792318	0.33290740908441824	0.3326963015425475	0.3324862637208932	0.3322772209426056	0.3320691162206929	0.3318619036582143	0.33165554487382204	0.3314500069103045	0.3312452609274569	0.3310412813319369	0.33083804516390686	0.33063553164373105	0.3304337218245585	0.33023259831886054	0.3300321450789933	0.3298323472186007	0.3296331908656699	0.3294346630405564	0.32923675155394727	0.3290394449209468	0.328842732288123	0.3286466033713622	0.3284510484023948	0.3282560588863883	0.3280616245634497	0.3278677374997913	0.3276743895803448	0.32748157302859543	0.3272892803818145
0.06760829753919817	0.3333333333333333	0.33311372881875867	0.33289555033187673	0.3326786070478912	0.3324627866276251	0.33224801029615175	0.3320342179454863	0.3318213611571591	0.3316093994367777	0.33139829801512966	0.3311880264732283	0.33097855782498886	0.33076986786887685	0.3305619347077175	0.3303547383802496	0.3301482605710741	0.3299424843780574	0.3297373941232419	0.3295329751974858	0.32932921393167713	0.3291260974891818	0.3289236137752873	0.32872175136050363	0.3285204994151678	0.3283198483602613	0.32811978722484536	0.3279203070978767	0.3277213990521347	0.3275230545466126	0.3273252653972427	0.327128023750766
0.06854882264526617	0.3333333333333333	0.3331075988748301	0.33288336309842204	0.33266042449829525	0.3324386645056579	0.3322180000233425	0.3319983676502326	0.3317797163070687	0.3315620032707567	0.33134519186226086	0.3311292499997308	0.33091414923091444	0.3306998640474883	0.3304863713762474	0.3302736501883568	0.3300616811917798	0.3298504465848353	0.329639929856107	0.3294301156202766	0.32922098948222983	0.32901253792371443	0.3288047482079693	0.3285976082991014	0.32839110679325006	0.3281852337101045	0.3279799772468336	0.32777532816392585	0.32757127706538214	0.3273678149623978	0.32716493324247736	0.3269626236418656
0.06950243175887968	0.3333333333333333	0.33310129835354396	0.3328708383696136	0.3326417406012446	0.33241387990918525	0.3321871686374353	0.3319615399100647	0.3317369398403201	0.33151332335470646	0.3312906517615406	0.33106889122774746	0.33084801175771533	0.3306279864678502	0.33040879104733417	0.3301904033437534	0.3299728030370419	0.32975597137848994	0.32953989097912306	0.32932454563631963	0.3291099201905256	0.3288960004057859	0.3286827728694411	0.32847022490728833	0.32825834525900266	0.3280471212524238	0.3278365425027394	0.3276265986551387	0.3274172798207733	0.3272085765400927	0.32700047975026014	0.32679298075607066
0.0704693068967147	0.3333333333333333	0.3330948225351361	0.3328579668877796	0.33262254171042266	0.33238841493384275	0.33215549409348544	0.33192370864695153	0.3316930017454186	0.3314633258369738	0.3312346401092102	0.33100690888495954	0.330780100544082	0.33055418675565174	0.33032914190638907	0.33010494266129625	0.32988156761812365	0.32965899703110146	0.32943721258724556	0.3292161972233491	0.3289959349749414	0.3287764108504544	0.328557610725751	0.3283395218866467	0.3281221306741888	0.32790542541423856	0.32768939467356534	0.3274740275539346	0.32725931364837685	0.3270452430025066	0.32683180608014706	0.3266189937326527
0.07144963260755134	0.3333333333333333	0.33308816657059814	0.332844739145657	0.3326028138166881	0.33236225120528307	0.3321229537747743	0.3318848471141288	0.3316478712496449	0.3314119760163406	0.3311771183674865	0.3309432606842057	0.330710369636465	0.3304784153701618	0.33024737090125805	0.33001721165000303	0.32978791507489974	0.3295594603804087	0.32933182828061336	0.3291050008061801	0.3288789611451383	0.32865369351048956	0.3284291830292148	0.3282054164201669	0.32798237904880906	0.32776005876706876	0.3275384435413452	0.32731752190209684	0.32709728289770434	0.3268777160536622	0.32665881133631725	0.3264405591205079
0.072443596007499	0.3333333333333333	0.3330813254782028	0.33283114537987313	0.33258254253883923	0.3323353698674957	0.33208952447891316	0.331844927880222	0.33160151680137046	0.33135923832271286	0.3311180470437882	0.33087790330139005	0.3306387719657953	0.33040062157988487	0.3301634237169251	0.3299271524869093	0.32969178414896827	0.32945729680227326	0.32922367013648157	0.32899088522818287	0.32875892437316256	0.3285277709471419	0.32829740993733253	0.3280678254964053	0.3278390039546685	0.32761093199733105	0.3273835969595944	0.32715698677133853	0.3269310899084475	0.3267058953497595	0.3264813925388169	0.32625757134973193
0.07345138681571149	0.33333333333333326	0.33307429413994305	0.33281717556426776	0.3325617131141637	0.3323077515708662	0.3320551824036607	0.3318039228130171	0.3315539060520373	0.3313050762974683	0.33105738566961374	0.33081079235304045	0.3305652593238604	0.3303207534378798	0.3300772447498911	0.3298347059906168	0.32959311215647397	0.3293524401828692	0.32911266868084965	0.3288737777224812	0.328635748664304	0.32839856400076817	0.3281622080213229	0.3279266638044958	0.3276919170941907	0.3274579538767538	0.3272247608238243	0.3269923252339767	0.326760634981372	0.3265296784703454	0.3262994445950589	0.3260699227035
0.0744731973905989	0.3333333333333333	0.3330670672978778	0.33280281940305323	0.3325403103887684	0.332279376459974	0.332019903132447	0.33176180306298175	0.3315050058378054	0.3312494525734583	0.3309950927790707	0.3307418823735209	0.3304897823393405	0.3302387577567486	0.32998877708223584	0.329739811594543	0.32949183496065376	0.32924482289065726	0.32899875285994246	0.3287536038830375	0.32850935632783723	0.3282659924100646	0.3280234937146197	0.32778184418194123	0.3275410282708117	0.32730103123285115	0.3270618390421608	0.3268234383337592	0.3265858163494127	0.32634896088973364	0.32611286027162356	0.32587750329030174
0.0755092227665434	0.3333333333333333	0.3330596395503824	0.33278806632380453	0.33251831880768484	0.332250224161114	0.33198366161959275	0.33171853904639126	0.3314547821608574	0.3311923288546612	0.3309311258870542	0.33067112679189303	0.3304122904534985	0.33015458008329	0.3298979624553614	0.32964240731987327	0.32938788694410986	0.3291343757480458	0.32888185001141257	0.3286302876354949	0.3283796679476207	0.32812997231199015	0.3278811811169637	0.32763327758498295	0.32738624535940536	0.32714006891947334	0.32689473350608894	0.3266502250568674	0.3264065301489959	0.3261636359487074	0.3259215301663955	0.3256802010165671
0.07655966069112563	0.3333333333333333	0.333052005348304	0.33277290547028177	0.3324957224047474	0.3322202737695812	0.3319464321752279	0.331674100428165	0.3314032001703648	0.3311336658954884	0.33086544146707525	0.3305984779084327	0.33033273189553597	0.33006816467283373	0.32980474124343323	0.32954242974823134	0.32928120098082064	0.3290210280029032	0.3287618858354252	0.32850375120790126	0.3282466029859229	0.327990419714038	0.3277351824667809	0.32748087305899093	0.3272274742767749	0.32697496978747564	0.32672334406136644	0.32647258230314025	0.32622267039163655	0.32597359482654953	0.325725342681087	0.3254779015597356
0.07762471166286918	0.3333333333333333	0.3330441589910167	0.332757325695077	0.33247250479223844	0.33218950383661044	0.3319081884498994	0.33162845610436287	0.33135022414310933	0.3310734234797401	0.3307979949287391	0.33052388687080186	0.3302510536576123	0.3299794544632502	0.32970905242651766	0.32943981399407163	0.3291717084079382	0.32890470729978755	0.32863878436550326	0.32837391510129216	0.32811007733899167	0.32784724827522493	0.327585408111543	0.3273245377088998	0.32706461895224426	0.32680563465553536	0.32654756847913813	0.32629040485755473	0.32603412893585043	0.32577872651344614	0.32552418399419014	0.3252704883418164
0.07870457896950987	0.3333333333333333	0.33303609462237616	0.3327413155520822	0.3324486491502979	0.33215789235610343	0.33186890341886793	0.33158157418435186	0.3312958174637589	0.33101156039920987	0.3307287405948742	0.3304473036498766	0.33016720146953343	0.32988839104865064	0.32961083356342985	0.32933449367680395	0.3290593389972932	0.3287853396510568	0.3285124679392475	0.32824069866264816	0.3279700067350142	0.32770036978597195	0.32743176647815453	0.32716417666972164	0.32689758129837415	0.32663196228115055	0.3263673024272904	0.326103585362004	0.32584079545942046	0.3255789177833058	0.3253179380344088	0.3250578425034873
0.07979946872679766	0.3333333333333333	0.3330278062265705	0.33272486328877904	0.3324241382160919	0.33212541675103935	0.3318285493660973	0.331533421972635	0.3312399426047993	0.33094803443194165	0.3306576316783145	0.33036867701523653	0.3300811197731162	0.3297949146527782	0.32951002076430125	0.3292264008926987	0.3289440209267186	0.32866284940773394	0.328382857168919	0.32810401775939	0.3278263045583203	0.32754969413845547	0.32727416404339754	0.32699969307716886	0.3267262611818479	0.3264538493318654	0.3261824394420886	0.32591201428741834	0.3256425574320685	0.32537405316704604	0.32510648645462115	0.3248398428787921
0.08090958991783824	0.33333333333333326	0.3330192876238648	0.33270795683834004	0.33239895427273625	0.332092053859601	0.3317870978678892	0.33148396595034246	0.3311825611061133	0.3308828023201309	0.33058462025833163	0.33028795451031634	0.3299927516962291	0.32969896410210137	0.32940654866287283	0.3291154661864849	0.32882568075120167	0.32853715923024396	0.3282498714680317	0.3279637880063307	0.32767888232001585	0.3273951292969896	0.3271125053044596	0.3268309880384178	0.32655055639455377	0.32627119035675	0.3259928709001328	0.32571557990626754	0.325439300088574	0.3251640149263916	0.3248897086064201	0.32461636597048277
0.08203515443298183	0.3333333333333333	0.333010532466237	0.33269058381154204	0.33237307913797176	0.3320577799210102	0.3317445197762636	0.3314331717563832	0.3311236335542145	0.3308158197476794	0.3305096572567247	0.33020508242722524	0.32990203902652165	0.32960047679861615	0.3293003503885232	0.32900161852279936	0.32870424337379484	0.32840819005900745	0.3281134269081118	0.3278199226985343	0.32752764962832204	0.32723658126847305	0.326946692749584	0.32665796060305363	0.32637036262490865	0.3260838777581878	0.32579848599068306	0.32551416826549917	0.32523090640239377	0.324948683028244	0.32466748151529434	0.3243872859260721
0.0831763771102671	0.3333333333333333	0.3330015342329026	0.3326727314884876	0.3323464941525851	0.3320225705610658	0.33170078520194735	0.33138100416825134	0.3310631195611259	0.33074704131739663	0.33043269241356615	0.3301200057812371	0.3298089221848425	0.329499388692368	0.32919135753808104	0.3288847852573562	0.32857963201639084	0.32827586157887195	0.3279734391779548	0.3276723332561561	0.3273725141589488	0.32707395407292683	0.3267766268288703	0.3264805077342251	0.3261855734294587	0.3258918017640014	0.32559917168839236	0.3253076631599521	0.32501725705982787	0.3247279351196667	0.3244396798564978	0.32415247451464785
0.08433347577642754	0.3333333333333333	0.33299228622572635	0.3326543868101282	0.33231918016857354	0.3319864007773824	0.3316558634970664	0.33132742708249074	0.33100097774291226	0.3306764205278544	0.33035367426260864	0.33003266828495836	0.32971334019836074	0.3293956342537031	0.32907950014733645	0.3287648921080002	0.3284517681903467	0.3281400903225128	0.32782982169051716	0.3275209291947666	0.32721338162553715	0.3269071497141615	0.3266022059252671	0.3262985242800592	0.32599608020480286	0.3256948503999725	0.32539481272650217	0.3250959461063052	0.3247982304347931	0.3245016465035521	0.32420617593167567	0.32391180110451967
0.08550667128846834	0.3333333333333333	0.33298278156451644	0.33263553636958826	0.3322911175370463	0.3319492449243223	0.33160972323749915	0.331272403494809	0.33093716569785625	0.33060390974989073	0.33027255010635376	0.3299430123221768	0.32961523067339255	0.32928914644525276	0.3289647066624055	0.32864186312551436	0.32832057166698025	0.32800079226404355	0.3276824859854464	0.3273656180957105	0.3270501557501962	0.32673606815060163	0.3264233263257876	0.32611190294536463	0.32580177215987693	0.32549290946279363	0.3251852915705435	0.3248788963176044	0.3245737025642518	0.32426969011502055	0.32396683964629924	0.3236651326417528
0.08669618757582166	0.3333333333333333	0.3329730131822	0.33261616640328334	0.33226228609585506	0.33191107669762193	0.33156233220489717	0.33121589547984664	0.33087163998428515	0.3305294602027699	0.3301892659907895	0.3298509789213993	0.3295145297679461	0.3291798566937054	0.3288469039108219	0.3285156206643054	0.3281859609710577	0.3278578811659677	0.3275313416993855	0.3272063055765332	0.32688273823417235	0.32656060726631064	0.32623988219299377	0.32592053426367484	0.32560253628865016	0.32528586249350544	0.3249704883925995	0.324656390678431	0.32434354712435737	0.32403193649861606	0.32372153848797924	0.32341233362966254
0.08790225168308843	0.3333333333333333	0.33296297381987827	0.33259626278183096	0.3322326651569865	0.3318718691187044	0.3315136573683656	0.3311578641705936	0.33080435609804565	0.3304530219299968	0.3301037666797997	0.3297565077290866	0.3294111721639953	0.32906769486127757	0.3287260170725156	0.32838608535294506	0.328047851353999	0.3277112689227694	0.32737629653631023	0.3270428952615063	0.3267110287286842	0.3263806628422478	0.32605176553678616	0.325724306569672	0.32539825734327743	0.32507359075146824	0.32475028104618164	0.3244283037207614	0.3241076354073761	0.32378825378636145	0.32347013750572073	0.32315326610933426
0.08912509381337456	0.3333333333333333	0.33295265602175406	0.3325758110007477	0.33220223349361294	0.3318315945186771	0.3314636648658059	0.33109826973745554	0.3307352684496261	0.33037454377479025	0.33001599562924866	0.3296595369825904	0.32930509103948274	0.3289525892170383	0.3286019696505517	0.3282531764915344	0.3279061576027632	0.3275608655311934	0.32721725623792974	0.3268752887522827	0.3265349248059577	0.32619612852780205	0.32585886618654336	0.32552310597203604	0.32518881780775777	0.324855973188921	0.32452454504177497	0.32419450760058127	0.3238658362994472	0.32353850767673553	0.32321249929018914	0.32288779068747525
0.09036494737223015	0.33333333333333326	0.3329420521299349	0.33255479617093114	0.3321709693269337	0.33179022452201057	0.33141231998491466	0.33103707136696886	0.33066433034093135	0.33029397335521893	0.3299258949607525	0.3295600034828049	0.32919621804011	0.32883446640796477	0.3284746834417548	0.3281168104103978	0.32776079223025445	0.3274065790605537	0.3270541245541849	0.3267033855987206	0.326354321930502	0.3260068958126395	0.3256610717636568	0.3253168163267721	0.3249740978721506	0.32463288642618204	0.3242931535231114	0.3239548720753141	0.32361801625924347	0.32328256141464173	0.32294848498814116	0.32261576228403976
0.09162204901219999	0.3333333333333333	0.3329311542791048	0.3325332030089201	0.3321388503126977	0.33174773002990166	0.33135958714383934	0.3309742272401631	0.3305914939417074	0.3302112570390032	0.32983340543513634	0.3294578425665406	0.32908448325082373	0.32871325142988383	0.32834407850719155	0.32797690270135355	0.3276116658610764	0.32724831562310047	0.32688680321387437	0.32652708326990815	0.32616911343066635	0.32581285399891435	0.3254582676545081	0.3251053192110623	0.32475397540740625	0.3244042047275503	0.32405597724423185	0.3237092644821291	0.32336403929760504	0.32302027678999834	0.3226779501102876	0.3223370365194227
0.09289663867799364	0.3333333333333333	0.33291995439106203	0.33251101582693027	0.33210585352744754	0.3317040812032755	0.33130542987148454	0.3309096945105693	0.3305167102656191	0.33012633991798546	0.3297384664255915	0.32935298807862323	0.3289698151671523	0.3285888675981765	0.3282100735531145	0.32783336679152586	0.3274586872018041	0.3270859793444731	0.3267151918954419	0.3263462771254292	0.3259791904705156	0.32561389017388054	0.3252503369839348	0.32488849389769514	0.32452832594086006	0.3241697999779629	0.3238128845473973	0.32345754971719	0.3231037669582061	0.32275151001632685	0.32240075081549313	0.32205146541661034
0.09418895965228413	0.3333333333333333	0.33290844416912174	0.3324882185226613	0.3320719554544712	0.33165924744552755	0.33124981078747295	0.33084342928187666	0.3304399291459843	0.3300391657822777	0.329641015890536	0.32924537234377405	0.3288521406662716	0.32846123651836784	0.32807258434563247	0.3276861142339342	0.32730176301130604	0.3269194723342767	0.32653918819796546	0.3261608603869112	0.32578444202207457	0.3254098891829587	0.3250371605892398	0.324666217330129	0.3242970226324552	0.3239295416604745	0.32356374134191757	0.3231995902159191	0.3228370592744893	0.3224761178945863	0.322116739688776	0.3217588984575618
0.0954992586021436	0.3333333333333333	0.33289661509237933	0.3324647945688704	0.3320371319694615	0.3316131973848653	0.3311926915817545	0.33077538658523736	0.33036109921116685	0.3299496770940896	0.329540990346191	0.32913492613817796	0.32873138497795334	0.32833027805657844	0.3279315258726713	0.32753505467773103	0.32714079807114194	0.32674869465681383	0.32635868761238307	0.325970724109895	0.32558475483798077	0.32520073360330365	0.32481861699479375	0.3244383640982438	0.3240599362517496	0.3236832968346194	0.32330841108396025	0.32293524689661596	0.32256377080379267	0.32219395367949505	0.32182576677648506	0.3214591825713087
0.09682778562612493	0.3333333333333333	0.332884458409831	0.33244072700271016	0.3320013583258727	0.3315658988563484	0.3311340329938642	0.33070552035621886	0.3302801678596307	0.329857814961244	0.329438324838881	0.329021578660899	0.3286074716552727	0.32819591067898524	0.3277868109539191	0.32738009583847155	0.3269756951560693	0.32657354430200647	0.32617358349299563	0.3257757571560709	0.3253800134245974	0.3249863037179247	0.3245945823872889	0.32420480641484206	0.32381693515577187	0.3234309301157233	0.3230467557014033	0.3226643752567801	0.3222837565841247	0.32190486809005736	0.3215276795740428	0.32115216212375086
0.09817479430199844	0.3333333333333333	0.33287196513434936	0.3324159984148223	0.3319646091399775	0.33151731888358416	0.33107379479182775	0.33063378341140615	0.3301970812346602	0.3297635191103865	0.3293329529170615	0.32890525750501287	0.3284803225451983	0.3280580500249071	0.32763835052483786	0.327221143468443	0.326806355004694	0.32639391715654853	0.32598376702928894	0.3255758461659276	0.3251701000156327	0.3247664774904135	0.32436493059169763	0.32396541409295765	0.32356788526779034	0.3231723036552339	0.3227786317750212	0.3223868312185332	0.3219968681229547	0.3216087092969553	0.3212223230153618	0.3208376786294208
0.0995405417351527	0.3333333333333333	0.33285912603651063	0.3323905909381885	0.33192685837561575	0.3314674236600821	0.3310119357507147	0.33056012742465635	0.3301117841987513	0.3296667278598993	0.329224806603129	0.3287858886286167	0.3283498577590396	0.32791661084311907	0.3274860536068821	0.3270581013270878	0.32663267629029913	0.3262097069753257	0.3257891272181184	0.32537087553186034	0.3249548945463214	0.3245411305403326	0.3241295330479992	0.32372005452403807	0.32331265005706167	0.32290727802907454	0.3225038962368434	0.3221024672018667	0.3217029543826742	0.321305322911457	0.32090953914904663	0.3205155720164899
0.10092528860766845	0.3333333333333333	0.3328459316382695	0.3323644862367241	0.3318880793286336	0.3314161785302673	0.3309484136308375	0.3304845029030056	0.33002422030767886	0.3295673780925263	0.3291138163649231	0.3286633963255914	0.32821599564278375	0.32777150574362324	0.3273298272777582	0.32689087115155263	0.32645455559188924	0.3260208053531487	0.32558955083630414	0.3251607273717913	0.32473427462821886	0.32431013611932735	0.32388825878873717	0.3234685926570685	0.3230510914060295	0.32263570855770896	0.3222224025525362	0.3218111330856769	0.32140186176893365	0.32099455162195045	0.3205891685398285	0.3201856784817344
0.10232929922807542	0.3333333333333333	0.3328323722064789	0.3323376654936494	0.33184824461100654	0.3313635479701448	0.3308831851555953	0.33040685916223267	0.3299343317842439	0.32946540522771733	0.3289999110870743	0.32853770319623066	0.32807865312600554	0.3276226454483864	0.3271695766417504	0.3267193526273942	0.3262718873654884	0.3258271016968337	0.325384922413677	0.3249452815033462	0.32450811552466385	0.32407336508801254	0.3236409744174632	0.32321089097869465	0.32278306602640283	0.3223574508141174	0.32193400165150554	0.3215126761955219	0.32109343412068436	0.3206762367474414	0.32026104792471144	0.3198478320657851
0.10375284158180126	0.33333333333333326	0.33281843774625347	0.33231010939953937	0.33180732613464703	0.3313094955676212	0.3308162059889683	0.3303271443020826	0.3298420594917122	0.329360743193702	0.3288830180420765	0.32840873011772564	0.32793774424179967	0.32746993876153396	0.32700520480015327	0.3265434433594849	0.3260845639157349	0.3256284831976884	0.32517512420663575	0.3247244154186524	0.3242762901269719	0.3238306858937086	0.3233875440881479	0.32294681034487194	0.3225084307994672	0.3220723569224704	0.3216385419141187	0.3212069412930634	0.32077751244525005	0.3203502156722384	0.3199250119146756	0.3195018642217373
0.1051961873823223	0.3333333333333333	0.33280411799416765	0.33228179814017444	0.33176529509488917	0.33125398400247313	0.3307474307126547	0.33024530518115197	0.32974734290694535	0.32925332439933597	0.3287630628612346	0.3282763962145213	0.32779318216523695	0.32731329253958275	0.32683661282183485	0.32636303884314977	0.32589247536781213	0.3254248348044381	0.3249600361722568	0.32449800425980346	0.3240386689314142	0.3235819645490795	0.32312782948561364	0.32267620653492335	0.32222703919967655	0.3217802764631045	0.32133586916032814	0.32089377025878774	0.32045393608028794	0.32001632368831523	0.31958089253252375	0.3191476038163972
0.10665961212302578	0.3333333333333333	0.33278940241129285	0.3322527113840941	0.33172212195364936	0.3311969750259678	0.33067681280285904	0.3301612873914428	0.32965012009323863	0.3291430797056389	0.32863996950536856	0.32814061882857415	0.32764487788204055	0.3271526116617472	0.3266636997139729	0.3261780324355773	0.32569550963976224	0.3252160391966491	0.32473953594301724	0.32426592079505634	0.3237951200170489	0.32332706461174704	0.32286169061953274	0.3223989353967209	0.3219387421639805	0.3214810564603948	0.3210258266400286	0.320573003455672	0.3201225407206483	0.31967439349894894	0.31922851921361295	0.31878487713378145
0.1081433951297938	0.3333333333333333	0.3327742801760622	0.3322228282698837	0.3316777764222648	0.33113842944012994	0.33060430460672885	0.3300750352325874	0.32955032767286974	0.3290299383971749	0.32851366023539036	0.3280013138408013	0.3274927404636813	0.32698779900035074	0.3264863623929976	0.32598831532754785	0.32549355241522865	0.325001976758698	0.3245134988021837	0.3240280353958177	0.32354550902446955	0.32306584795126925	0.32258898252682167	0.32211484939327883	0.3216433880789734	0.32117454137231805	0.32070825479451337	0.3202444774601244	0.3197831598689528	0.319324255218846	0.3188677188088138	0.31841350788097744
0.1096478196143185	0.3333333333333333	0.3327587401769669	0.33219212739318893	0.33163222744396803	0.33107830707665625	0.33052985731844287	0.3299864916857528	0.3294479007993704	0.3289138281531494	0.3283840555827327	0.32785839428914304	0.3273366770375697	0.3268187553913721	0.3263044956557776	0.32579377651551783	0.3252864871166755	0.32478252555433873	0.3242817976599249	0.32378421601448293	0.32328969913553407	0.32279817157315205	0.3223095602023529	0.32182379844406567	0.3213408227694462	0.3208605727877718	0.3203829923061373	0.3199080267019589	0.319435624438229	0.3189657363764633	0.31849831558979913	0.31803331719646394
0.11117317272815914	0.3333333333333333	0.332742771005074	0.3321605867934503	0.33158544317609473	0.33101656677547636	0.33045342095495384	0.3298955983872272	0.3293427731295269	0.32879467501838033	0.32825107431965894	0.32771177227770343	0.3271765927573158	0.32664537960516815	0.3261179921510957	0.3255943027741113	0.3250741948791344	0.32455756130192714	0.32404430303021203	0.32353432816319494	0.32302755180250786	0.3225238923375567	0.3220232752836578	0.3215256299126757	0.3210308894886712	0.3205389907237477	0.3200498743067836	0.31956348302057414	0.3190797627535054	0.31859866191863917	0.3181201312567797	0.3176441236610179
0.11271974561755105	0.3333333333333333	0.33272636094636726	0.33212818394035243	0.33153739097188595	0.3309531663629586	0.330374944331388	0.3298022956016994	0.3292348767951563	0.3286724033740177	0.3281146334294737	0.3275613577191924	0.32701239077308714	0.3264675683174038	0.32592674235144886	0.3253897786290616	0.32485655452453266	0.3243269573503553	0.3238008830085649	0.3232782348935869	0.32275892372351334	0.3222428638014239	0.321729976859786	0.32122018859603657	0.3207134286742773	0.3202096314695043	0.319708733700359	0.3192106756657168	0.3187154005556749	0.31822285421763025	0.31773298494878716	0.31724574331130706
0.11428783347897718	0.3333333333333333	0.3327094979739044	0.3320948957199911	0.33148803736198557	0.3308880626297633	0.3302943750361039	0.3297065221952357	0.329124142374575	0.328546935908131	0.32797464837188317	0.3274070585946721	0.32684397220209693	0.32628521608023076	0.32573063452522255	0.32518008633065376	0.32463344253665405	0.3240905846557589	0.32355140325071097	0.323015797486122	0.3224836713362969	0.3219549369823317	0.3214295114593575	0.3209073164061287	0.3203882790106326	0.31987232914283786	0.31935940079967917	0.31884943130047594	0.3183423610077335	0.3178381330806728	0.3173366932566254	0.3168379896562922
0.1158777356155126	0.3333333333333333	0.332692169739788	0.33206069842074337	0.331437348035588	0.33082121130833947	0.3302116594054172	0.3296082156079648	0.3290104988639124	0.3284181935861433	0.32783103191729523	0.3272487809237452	0.3266712360992604	0.3260982152937575	0.3255295547092829	0.32496510582772165	0.3244047330367942	0.323848311759061	0.3232957269522254	0.32274687258639806	0.3222016478086006	0.32165996034548144	0.32112172304031966	0.3205868537180211	0.3200552756324472	0.3195269152693717	0.31900170332849	0.3184795740066174	0.3179604647035086	0.3174443157621796	0.31693107023860223	0.316420673696557
0.11748975549395294	0.3333333333333333	0.3326743635669461	0.3320255677188463	0.3313852878212421	0.33075256705007033	0.33012674249799306	0.32950731182647847	0.32889387364814227	0.32828609562113803	0.3276836957447323	0.32708642873482596	0.3264940794280534	0.3259064561778472	0.3253233866820344	0.32474471474225053	0.3241702977601652	0.3236000047644125	0.3230337154956432	0.32247131645630767	0.3219127037658125	0.32135777979208036	0.32080645271066205	0.3202586371531046	0.31971425144062127	0.3191732187834928	0.318635466425779	0.31810092529236034	0.31756952967898405	0.3170412169786838	0.3165159274391611	0.31599360394668446
0.11912420080273747	0.3333333333333333	0.3326560664407205	0.3319894786636749	0.33133182066730743	0.3306820834020656	0.3300395680689125	0.3294037453559536	0.3287741924719917	0.32815055944406146	0.3275325493821073	0.3269199040355264	0.3263123970316131	0.3257098267442949	0.32511201193699507	0.3245187883446413	0.32393000603311417	0.3233455273186006	0.32276522575869104	0.32218898212636377	0.321616687278131	0.32104823864944965	0.3204835399181728	0.3199225011642902	0.3193650367430714	0.31881106603152626	0.3182605126524864	0.31771330410271226	0.3171693714263365	0.316628648926651	0.3160910739105292	0.3155565864607994
0.120781383510678	0.3333333333333333	0.3326372650002557	0.33195240566271855	0.3312769096220636	0.3306097127836036	0.32995007854342107	0.3292974491920456	0.3286513794105989	0.3280115006738417	0.3273775004190027	0.32674910678319324	0.32612608160411954	0.32550821276942443	0.32489530965693975	0.3242871995296972	0.32368372475121654	0.3230847412123054	0.32249011410283845	0.3218997200830252	0.32131344384914035	0.3207311774192819	0.3201528204787031	0.31957827761039265	0.3190074592566521	0.3184402807772592	0.31787666200072595	0.3173165268324736	0.3167598029108022	0.3162064213032761	0.31565631623750895	0.3151094248614084
0.12246161992650487	0.3333333333333333	0.33261794552968804	0.3319143224662483	0.3312205168134672	0.33053540646222335	0.3298582149903606	0.3291883547924631	0.32852535684004314	0.3278688333449641	0.3272184544768298	0.32657393485562797	0.32593502366250243	0.3253014977671563	0.32467315668866636	0.32404981879338907	0.32343131835831385	0.32281750387591396	0.3222082337026889	0.3216033782558908	0.321002816406125	0.32040643485380527	0.3198141279956165	0.31922579575667925	0.3186413441113689	0.31806068420992173	0.31748373190562823	0.3169104073420293	0.31634063459049255	0.31577434133039034	0.3152114585655348	0.31465192037165984
0.1241652307592411	0.3333333333333333	0.33259809394912876	0.33187520215167665	0.33116260342856046	0.3304591145294711	0.32976391709529784	0.3290763920483747	0.3283960454077216	0.3277224688808351	0.3270553151790776	0.3263942840220323	0.32573911151851465	0.32508956296259606	0.32444542751844224	0.3238065142104655	0.32317264882656016	0.32254367207881945	0.3219194351885185	0.32129980200631014	0.32068464506462596	0.3200738461628986	0.319467293477016	0.31886488227764254	0.3182665138569846	0.31767209495473175	0.31708153725991894	0.31649475697604146	0.3159116744392748	0.3153322137815957	0.31475630263211823	0.31418387185114816
0.12589254117941673	0.3333333333333333	0.3325776958054395	0.33183501710760066	0.3311031296925243	0.33038078587630404	0.3296671231333543	0.3289614892555645	0.32826336400260336	0.3275723175017468	0.32688798412168063	0.3262100479142138	0.32553823125122056	0.3248722872661972	0.3242119942481877	0.32355715141297114	0.32290757621190425	0.3222630994551932	0.32162356663333497	0.3209888341177352	0.32035876813477887	0.3197332443105939	0.3191121453369526	0.3184953612621053	0.3178827884721355	0.31727432908612496	0.3166698904313524	0.3160693845851693	0.31547272797284887	0.3148798410127599	0.3142906478018154	0.3137050758354021
0.12764388088113438	0.3333333333333333	0.3325567362627927	0.33179373901752923	0.3310420548473799	0.33030036816815256	0.32956776994174547	0.32884357308535345	0.3281272297253793	0.3274182872786353	0.32671636084354216	0.3260211179980964	0.3253322666799451	0.3246495472485487	0.3239727265724608	0.32330159356973887	0.32263595632870934	0.32197563709625926	0.3213204735413465	0.32067031456590744	0.3200250204421859	0.31938445966455414	0.31874850939888916	0.31811705422076164	0.3174899853760639	0.316867200143779	0.31624860128311705	0.31563409655093233	0.31502359827813703	0.3144170229959924	0.3138142911048413	0.313215326579178
0.1294195841449986	0.3333333333333333	0.3325352000930182	0.3317513388432892	0.3309793371303363	0.3302178078196471	0.3294657928920368	0.3287225685553953	0.3279875578585336	0.32726028432082166	0.32654034279724975	0.32582738354557816	0.3251210993377366	0.3244212171158505	0.3237274917563029	0.3230397018906015	0.32235764419607293	0.32168113353703315	0.3210099988381651	0.3203440814968066	0.31968323454368475	0.319027319997766	0.3183762089015306	0.31772978009627084	0.3170879194430866	0.31645051915155586	0.3158174771973366	0.3151886968138462	0.31456408604612063	0.31394355735723706	0.31332702727946415	0.31271441610369954
0.13121998990192033	0.3333333333333333	0.33251307166572786	0.3317077868081063	0.33091493375178355	0.3301330499690156	0.3293611258621618	0.328598399000231	0.3278442618363583	0.32709821274618656	0.3263598253200171	0.32562873160677897	0.3249046084453916	0.32418716868613007	0.3234761546140145	0.3227713335125091	0.322072491723738	0.3213794347444519	0.3206919826368811	0.32000996959950945	0.31933324039855915	0.31866165049251116	0.3179950645071256	0.31733335527601314	0.31667640301991384	0.31602409463947806	0.3153763231017883	0.31473298690495555	0.31409398960824647	0.3134592394176068	0.312828648818313	0.3122021342479706
0.1330454417978091	0.33333333333333326	0.3324903349382149	0.3316630523793605	0.3308488008729332	0.3300460384521513	0.32925370120811714	0.32847098604172054	0.3276972534336723	0.32693197465145907	0.326174701604898	0.3254250469827299	0.3246826708860998	0.3239472713662647	0.3232185774889271	0.32249634461367077	0.3217803482680546	0.32107038410722144	0.32036626322519857	0.3196678112812692	0.3189748653705142	0.3182872737467291	0.3176048943123548	0.31692759360762573	0.31625524594593885	0.31558773266886564	0.3149249414999663	0.3142667659808906	0.31361310497653866	0.31296386223859596	0.31231894601873167	0.31167826872430426
0.13489628825916536	0.3333333333333333	0.3324669734451272	0.3316171042510095	0.3307808935831052	0.32995671577636454	0.32914344973547915	0.3283402495593292	0.32754644188157644	0.32676147008264667	0.32598486267230786	0.32521621219854774	0.32445516118076245	0.32370139212987303	0.3229546207065875	0.32221458832784683	0.3214810606196598	0.3207538224272365	0.3200326754342787	0.3193174363504279	0.3186079342319455	0.3179040097828766	0.3172055138619173	0.3165123064174336	0.3158242555766181	0.31514123686075357	0.3144631325046131	0.3137898308625794	0.3131212258875415	0.3124572166713015	0.31179770703731136	0.3111426051781947
0.13677288255958492	0.33333333333333326	0.33244297028790615	0.33156991032567995	0.33071116587666166	0.32986502309381677	0.3290303006706551	0.3282061076603001	0.3273917350821035	0.32658659700564774	0.32579019734190123	0.3250021074771507	0.32422195146404437	0.32344939549613855	0.32268414066456336	0.3219259152405284	0.3211744729926073	0.3204295877586154	0.3196910518092837	0.3189586720184469	0.31823226917061365	0.3175116760593999	0.31679673616493353	0.316087302531901	0.3153832368100684	0.3146844084277216	0.3139906938748539	0.3133019760777459	0.3126181438502333	0.31193909140979	0.31126471794874333	0.3105949272526769
0.13867558288718884	0.3333333333333333	0.3324183081239903	0.3315214376964233	0.3306395706295936	0.3297709001746538	0.3289141816319324	0.3280684766497308	0.32723303877661924	0.3264072512770818	0.32559059220484765	0.3247826107135676	0.32398291146122304	0.32319114391805176	0.32240699264624495	0.32163017337583577	0.3208604270152766	0.32009751610349246	0.31934122229490025	0.3185913429042389	0.3178476897988351	0.3171100874849347	0.3163783717142852	0.3156523883022217	0.3149319921170073	0.31421704620926344	0.3135074210570628	0.31280299390732846	0.3121036481980427	0.3114092730487465	0.31071976280912605	0.3100350166573095
0.1406047524129914	0.3333333333333333	0.3323929691557786	0.3314716526281323	0.33056605957575486	0.3296742853798357	0.32879501860028804	0.32792727100057845	0.32707025670859247	0.32622332661537534	0.3253859315965545	0.3245575974498911	0.32373790846589073	0.3229264961388729	0.32212302893207334	0.32132720818481997	0.32053876154269606	0.3197574402300014	0.31898301423716935	0.3182152710409052	0.31745401316529664	0.31669905643534524	0.31595022850900656	0.3152073676321724	0.31447032157415616	0.31373894671081953	0.31301310722958786	0.3122926744359492	0.31157752614509937	0.3108675461455376	0.3101626237238587	0.3094626536834689
0.14256075936021884	0.3333333333333333	0.33236693511935034	0.33142052053861826	0.33049058328275294	0.3295751156336739	0.328672735890085	0.32778240332361963	0.3269032905938569	0.3260347145721483	0.3251760975698871	0.3243269408509418	0.32348680731858537	0.3226553095860799	0.321832099248156	0.3210168625355003	0.3202093134489307	0.3194091905418941	0.31861625238761515	0.31783027588499646	0.3170510537696168	0.31627839277373193	0.31551211207985996	0.31475204200935974	0.3139980229012487	0.31324990414661547	0.31250754335147835	0.31177080560657455	0.3110395628468634	0.31031369328683206	0.3095930813429266	0.3088776155238133
0.14454397707459277	0.3333333333333333	0.3323401872729357	0.331368005979345	0.3304130911274952	0.32947332639612237	0.3285472561195296	0.32763378433738805	0.32673204009101836	0.3258413045039391	0.3249609698689355	0.32409051168069547	0.323229470734579	0.3223774387709684	0.32153405075358343	0.3206989767044866	0.31987191630982975	0.3190525948420719	0.31824075890976816	0.31743617432840077	0.31663862357976386	0.31584790387351747	0.31506382551821077	0.3142862105399829	0.3135148915017615	0.31274971048642974	0.31199051821533996	0.3112371732794973	0.31048954146526186	0.30974749556096826	0.3090109132594634	0.3082796789667217
0.14655478409559117	0.33333333333333326	0.3323127063851355	0.3313140726158198	0.3303335312713961	0.3293688516347318	0.3284185001810158	0.32748132300567306	0.32655640277205183	0.3256429835443195	0.3247404259033848	0.32384817827953827	0.3229657579031406	0.32209273566129076	0.32122872802918556	0.32037338822919065	0.3195264013533793	0.31868747833621325	0.3178563533882053	0.3170327807129848	0.3162165320524568	0.31540739464474726	0.3146051695083384	0.31380966998724985	0.3130207205075129	0.3122381555064325	0.3114618185044614	0.31069156129578407	0.3099272436146523	0.3091687310466966	0.3084158965760004	0.3076686187761048
0.1485935642287007	0.3333333333333333	0.33228447272288536	0.3312586832076371	0.33025185063524676	0.32926162379641366	0.3282863872113322	0.3273249258472368	0.32637627409311865	0.3254396365764391	0.3245143407235417	0.32359980654241627	0.3226955265150431	0.3218010496671783	0.320915973068046	0.3200399325377901	0.319172597204211	0.31831366363877767	0.31746285284021014	0.31661990684809493	0.3157845861566676	0.31495666756371865	0.314135942363304	0.31332221481357064	0.31251530082725115	0.3117150268442245	0.31092122885434215	0.31013375154531875	0.3093524479540915	0.30857717723343825	0.3078078063717554	0.30704420783130276
0.1506607066186742	0.3333333333333333	0.3322554660391584	0.33120179958817464	0.3301679948737555	0.3291515737789258	0.3281508345617605	0.3271644978772934	0.3261915473656481	0.32523114620605453	0.32428258699607804	0.32334525989794355	0.32241863140613675	0.3215022276285633	0.32059562526763463	0.3196984418883686	0.3188103298864039	0.31793097078149885	0.31706007173017386	0.3161973620310466	0.31534259040034723	0.3144955227060744	0.31365594006450964	0.31282363722666606	0.31199842119937526	0.3111801100582168	0.3103685319187632	0.30956352441523965	0.308764932440473	0.30797260958794576	0.30718641581739503	0.30640621876253527
0.1527566058238073	0.33333333333333326	0.3322256655604077	0.3311433826439448	0.3300819083497607	0.32903863090213326	0.3280117577680908	0.3269999419454225	0.3260021137277246	0.32501739273509167	0.3240450349805509	0.3230843995847386	0.32213492486891504	0.3211961138040473	0.3202675213044588	0.31934874614375397	0.31843942282862914	0.3175392172244828	0.31664782198685326	0.31576495307072133	0.31489034686050854	0.31402375778348646	0.31316495630508323	0.3123137272297253	0.31146986824892325	0.31063318869148804	0.3098035087889418	0.30898065737760255	0.30816447300856953	0.3073548020130861	0.3065514978079721	0.3057544216818387
0.1548816618912481	0.3333333333333333	0.33219504997373883	0.33108339229359274	0.32999353410812426	0.32892272287905777	0.32786907052057185	0.3268311588594347	0.3258078621158209	0.32479825413579455	0.32380155250676124	0.3228170834546552	0.3218442566381717	0.3208825498615381	0.3199314956692707	0.31899067256255503	0.31805969687174546	0.31713821787001906	0.3162259130236064	0.31532248431439436	0.3144276552167853	0.313541168184062	0.31266278253721674	0.31179227267574655	0.31092942654896194	0.3100740443402556	0.3092259376949563	0.3083849272727152	0.30755084399838917	0.3067235266155809	0.3059028227020649	0.3050885859141289
0.15703628043335524	0.3333333333333333	0.3321635974138113	0.33102178746654864	0.32990281384931075	0.3288037757866914	0.3277226846338267	0.32665804735580567	0.3256086792369263	0.32457360602551566	0.32355200495301767	0.3225431677040895	0.3215464738781465	0.32056137487051456	0.3195873797612354	0.3186240458030743	0.31767097027895896	0.31672778507922733	0.31579415176172654	0.31486975767791975	0.3139543127886037	0.3130475470166045	0.31214920802359863	0.31125905932619846	0.3103768786865177	0.309502457069653	0.3086355961033421	0.30777610896383806	0.3069238179160608	0.306078555177576	0.30524016003998583	0.30440847970219365
0.159220872705117	0.3333333333333333	0.33213128544946885	0.33095852608132903	0.3298096879026534	0.3286817140366926	0.32757251001675697	0.32648050407031365	0.3254044495411158	0.324343321642208	0.3232962554511499	0.32226250570948156	0.32124142117110316	0.32023242518431416	0.3192350025531729	0.3182486879296218	0.31727305874866174	0.3163077286916596	0.3153523426569995	0.3144065726794041	0.31347011457609486	0.31254268515886274	0.31162401989307287	0.3107138709141394	0.309812005644605	0.30891820413381804	0.30803225949795277	0.3071539754396768	0.3062831669186644	0.305419657138335	0.30456327825158425	0.30371387032940506
0.16143585568264862	0.33333333333333326	0.3320980910700869	0.3308935650234904	0.3297140951993561	0.3285564603458468	0.32741845464246555	0.32629842350891536	0.325195055194608	0.3241072718206752	0.32303416397616663	0.3219749482935873	0.32092894050766324	0.3198955349377428	0.3188741904124909	0.3178644184213316	0.31686577543006306	0.31587785604797447	0.3149002877296116	0.3139327264764947	0.3129748533048809	0.31202637130990535	0.31108700320066274	0.3101564892119323	0.30923458565207396	0.30832106206370846	0.3074157017847644	0.30651829930618973	0.30562866078047446	0.3047466011654939	0.3038719447775782	0.3030045242484504
0.16368165214278085	0.3333333333333333	0.33206399067164133	0.330826860123233	0.32961597324513636	0.32842793570640916	0.32726042451822446	0.3261116980189016	0.3249803760533669	0.3238653249696443	0.3227655886382461	0.32168034371186627	0.3206088712787546	0.3195505352099698	0.31850476710579295	0.31747105418360366	0.316448930941736	0.3154379720158137	0.3144377865975342	0.3134480139074146	0.31246831947487186	0.3114983920467542	0.31053794099209686	0.3095866944053196	0.3086443960586116	0.30771080545072105	0.30678569508334314	0.30586885074713954	0.3049600684652363	0.30405915490280483	0.3031659261968809	0.30228020721630666
0.16595869074375605	0.3333333333333333	0.3320289600424906	0.3307583661326594	0.329515258092657	0.3282960593563142	0.32709832376563236	0.3259202177603776	0.32476028963729753	0.3236173470497265	0.32249038481303893	0.3213785376404031	0.32028105015432606	0.3191972546362989	0.3181265538059217	0.3170684095622798	0.31602233339319763	0.3149878790190034	0.3139646365135174	0.3129522275358828	0.31195030141320557	0.31095853188541805	0.30997661463710885	0.309004263979346	0.3080412122625038	0.3070872070457966	0.30614201109171074	0.3052053990898157	0.3042771578728519	0.30335708509580195	0.30244498836014405	0.3015406844355343
0.16826740610704674	0.3333333333333333	0.3319929743488705	0.330688036702686	0.3294118843136545	0.32816074874927426	0.3269320541511269	0.32572387067810804	0.3245346711050944	0.32336320171717214	0.3222084053322025	0.321069373165312	0.3199453115857364	0.31883551924460124	0.3177393691015423	0.3166562963606746	0.3155857884096476	0.31452737707020784	0.3134806324058219	0.31244515770004455	0.31142058533146905	0.31040657334645827	0.30940280287058375	0.30840897455232363	0.3074248080790843	0.30645003913783164	0.3054844192394609	0.30452771255229605	0.3035796959631092	0.3026401577236507	0.301708896529596	0.3007857207020097
0.17060823890031235	0.3333333333333333	0.3319560081200945	0.3306158243596124	0.3293057849708133	0.32802191952479365	0.3267615157122678	0.3255225424737774	0.3243033932297998	0.3231027496568291	0.32191950046858553	0.3207526907739495	0.31960148697297774	0.31846515246011425	0.317343029009387	0.31623452385958206	0.3151390991599914	0.31405626380716806	0.31298556692282586	0.31192659256555827	0.31087895538734006	0.30984229727555745	0.3088162833728353	0.3078006008283274	0.30679495555401814	0.3057990716911	0.30481268813561413	0.30383555836502446	0.3028674488855627	0.30190813813726386	0.3009574155252965	0.30001508055920767
0.17298163592151014	0.3333333333333333	0.33191803523346186	0.3305416804813488	0.32919689158939647	0.32787948547812	0.32658660629491904	0.32531611657871073	0.32406632637513116	0.3228358495099486	0.3216235179228299	0.3204283283477925	0.31924940526447465	0.3180859751126826	0.316937346989272	0.31580289884037804	0.31468206638827284	0.3135743345326546	0.31247923048163634	0.31139631818296776	0.31032519375078244	0.3092654819380194	0.3082168318927823	0.30717891596352964	0.30615142623452846	0.30513407379109436	0.3041265853482019	0.30312870289839144	0.30214018211564336	0.30116079120380473	0.30019030987791706	0.2992285284591345
0.1753880501841761	0.3333333333333333	0.3318790288988652	0.330465555273305	0.3290851341286408	0.3277333585301576	0.3264072216308458	0.32510447412710775	0.3238233384726426	0.32256235724449567	0.3213203028115251	0.3200961210711585	0.318888892798122	0.3176978054465567	0.31652213396200757	0.31536122561134555	0.3142144884486483	0.31308138225826776	0.311961411320847	0.3108541185495009	0.30975908090783477	0.30867590452707855	0.3076042225655033	0.30654369140708393	0.3054939894708196	0.3044548134229923	0.30342587752927264	0.30240691179654444	0.30139766059712036	0.3003978814576892	0.29940734398815283	0.29842582893001146
0.1778279410038923	0.33333333333333326	0.3318389616430988	0.33038739774394676	0.3289704409529345	0.3275834486973713	0.3262232553086678	0.324887493929841	0.3235742951012413	0.3222821262859808	0.32100969765686393	0.31975590181030433	0.318519773305671	0.3173004591328609	0.31609719833032407	0.3149093060373487	0.31373616134403354	0.3125771977522218	0.31143189555757445	0.3102997756754348	0.3091803948237349	0.3080733403330327	0.30697822774128347	0.3058946980725844	0.304822413759936	0.3037610575938253	0.3027103305460793	0.3016699501175064	0.30063964889103345	0.29961917325819554	0.29860828229286673	0.2976067467508035
0.1803017740859569	0.3333333333333333	0.3317978052938605	0.3303071556800195	0.32885273880279614	0.32742966406170787	0.32603459874511076	0.32466505244887467	0.32331905907344655	0.32199500750222654	0.32069154237812225	0.3194075004803621	0.3181418679195409	0.31689374928484854	0.3156623460029336	0.3144469395729818	0.31324687876855173	0.3120615695912452	0.3108904672489129	0.3097330698674263	0.3085889123534549	0.30745756305186955	0.30633861917760086	0.3052317047935441	0.3041364665521725	0.3030525724606695	0.3019797096185236	0.30091758247971906	0.29986591133119633	0.2988244309537781	0.2977928894380556	0.2967710471326714
0.1828100216142743	0.3333333333333333	0.33175553096344956	0.3302247756214473	0.3287319527656337	0.3272719107405627	0.32584114115660057	0.3244370237723599	0.32305749098135506	0.32170084918953135	0.32036567428482693	0.31905074450621995	0.3177549951821735	0.31647748647606566	0.31521738042185593	0.31397392329933027	0.31274643215392506	0.3115342842167401	0.31033690845794704	0.3091537789736561	0.3079844084743643	0.3068283446361282	0.3056851664673727	0.3045544795697854	0.3034359143760169	0.3023291234650851	0.30123377946298835	0.30014957321513047	0.2990762121863831	0.2980134190531881	0.29696093045873295	0.29591849590743724
0.18535316234148114	0.3333333333333333	0.3317121090321538	0.33014020283591217	0.3286080062463994	0.3271100928568266	0.3256427695312436	0.32420327959046585	0.32278944881845373	0.32139949706036636	0.3200319280718447	0.31868545870153164	0.31735897105803906	0.31605147876153966	0.3147621025931352	0.31349005196446666	0.31223461071993575	0.3109951259953307	0.30977099951305476	0.3085616796736372	0.30736665658069573	0.30618545640475875	0.3050176382876224	0.30386278940062494	0.3027205229691713	0.301590475473876	0.30047230444266076	0.2993656865289207	0.29827031582928554	0.2971859024034831	0.2961121709657993	0.2950488597231221
0.18793168168032684	0.3333333333333333	0.3316675091313255	0.3300533812931172	0.3284808209380262	0.3269441125090417	0.3254393686012438	0.3239636891720099	0.32251478804683265	0.3210907942325498	0.31969013577308647	0.3183114652743686	0.3169536089484168	0.31561553170212375	0.31429631112107637	0.3129951180278243	0.3117112015291029	0.31044387728394707	0.3091925183476151	0.3079565467898829	0.3067354283534966	0.3055286675987703	0.3043358022292839	0.30315640041213154	0.3019900574158817	0.30083639292630016	0.29969504872446434	0.29856568666597844	0.29744798691234553	0.2963416463750149	0.2952463773399855	0.29416190624662986
0.19054607179632474	0.3333333333333333	0.3316217001261441	0.32996425363874293	0.32835031679176513	0.3267738697417042	0.32523082081580146	0.3237181193954458	0.32223336158079485	0.3207745812202255	0.3193401269633362	0.3179285838353628	0.31653871970906194	0.31516944839211636	0.31381980224613326	0.3124889117085773	0.311175989545705	0.3098803186614003	0.30860124164750646	0.30733815356345456	0.3060904947959402	0.30485774654713277	0.30363942492034324	0.3024350779906123	0.30124428229064404	0.30006663998783156	0.29890177644269267	0.29774933808420995	0.29660899055053314	0.2954804170534651	0.2943633169329195	0.29325740437362247
0.1931968317016924	0.3333333333333333	0.3315746500980625	0.3298727611681027	0.32821641198740553	0.326599262515746	0.3250170063145498	0.32346643452385787	0.3219450197718052	0.32045069592650344	0.31898172841003	0.3175366314084532	0.3161141116708882	0.31471302949028734	0.31333236988658086	0.3119712210381673	0.3106287576992923	0.3093042283751878	0.3079969442560796	0.3067062715404509	0.30543162490526726	0.30417246051885893	0.3029282721550365	0.3016985869224176	0.3004829618084134	0.2992809807105863	0.29809225186944954	0.296916405634779	0.2957530925111608	0.29460198143899946	0.29346275827538587	0.2923351244456369
0.195884467350599	0.3333333333333333	0.3315263263269376	0.3297788437995061	0.32807902290340596	0.32642018667923817	0.32479780290158083	0.32320849647133887	0.3216496103948554	0.320118973638001	0.31861476434073266	0.3171354224443534	0.3156795906637828	0.3142460732544421	0.3128338056841076	0.31144183191711405	0.31006928708459447	0.30871538332528276	0.30737939942628223	0.3060606715394768	0.30475858676136497	0.3034725758475637	0.30220210902932176	0.3009466915401781	0.2997058599814225	0.2984791792005108	0.29726623959198356	0.2960666547493521	0.29488005941079826	0.2937061076526021	0.2925444712928184	0.29139483847447833
0.19860949173573716	0.3333333333333333	0.33147669527284074	0.3296824400473376	0.3279380640869597	0.3262365359383518	0.3245730860201164	0.3229441646057968	0.3213469786363796	0.3197792470213353	0.3182390563756848	0.3167247688368581	0.3152349600436854	0.31376837557964976	0.31232389905346125	0.31090052817624525	0.3094973565283171	0.30811355857625833	0.3067483787216336	0.3054011224297353	0.30407114739939345	0.30275785806210664	0.3014607000827052	0.3001791558755904	0.29891274078270974	0.2976609997914223	0.2964235046969976	0.29519985163442386	0.29398965891934775	0.2927925651496303	0.2916082275280635	0.29043632037390815
0.20137242498623883	0.3333333333333333	0.3314257225575484	0.329583486994862	0.3277934482240207	0.3260482018286193	0.3243427287314375	0.3226732957712952	0.32103696708366314	0.31943134609610035	0.3178544235363751	0.3163044799421078	0.3147800207230533	0.31327973004027493	0.31180243723628676	0.31034709164249064	0.30891274338753694	0.30749852758156454	0.3061036529203348	0.304727392147113	0.3033690729352153	0.3020280720235432	0.3007038094465424	0.2993957438188562	0.29810336831645873	0.2968262072259955	0.2955638129620165	0.29431576347278887	0.2930816599713388	0.29186112494064265	0.2906538003714427	0.28945934619864744
0.20417379446695297	0.33333333333333326	0.3313733729457126	0.32948192026676754	0.327645086109315	0.3258550736865415	0.324106601686027	0.3223957442708997	0.3207194157160783	0.31907509835907866	0.31746068225674307	0.31587436260093765	0.3143145712048502	0.3127799279359458	0.31126920535929764	0.3097813023302322	0.3083152231825933	0.3068700622787006	0.305444990892365	0.3040392475856566	0.30265212869693253	0.3012829820684624	0.2999312009989274	0.2985962192848781	0.29727750699523914	0.29597456684377255	0.2946869310538772	0.293414158632217	0.2921558329844818	0.29091155981952055	0.28968096529813187	0.2884636943906925
0.2070141348791042	0.33333333333333326	0.3313196103257099	0.3293776740014543	0.3274928866163671	0.32565703862158296	0.32386457309313793	0.32211136185082057	0.3203941618979986	0.3187103285686467	0.3170576463971243	0.31543422116443326	0.3138384076201838	0.31226875834159323	0.31072398649691285	0.30920293804961735	0.3077045697891617	0.3062279330261373	0.30477216054591894	0.30333645472326654	0.3019200793627531	0.3005223521588298	0.2991426385262709	0.29778034638630546	0.296434921724233	0.29510584477626867	0.2937926267344056	0.2924948068813775	0.2912119500855158	0.2899436445989083	0.2886895001128563	0.2874491460329324
0.2098939883623524	0.3333333333333333	0.33126439769016713	0.3292706808230855	0.3273367566675692	0.32545398148860527	0.3236165087141154	0.3218199976859333	0.3200610403736344	0.3183368589186476	0.3166451272610625	0.3149838575228215	0.31335132376972713	0.31174600816170106	0.31016656173850643	0.3086117751564962	0.30708055553153696	0.3055719093868237	0.30408492873641135	0.3026187787535056	0.3011726891052636	0.29974594603844634	0.2983378858916709	0.2969478896135191	0.2955753780925232	0.29421980814924054	0.29288066907332555	0.29155747961305073	0.2902497853433711	0.28895715635297436	0.2876791852018967	0.28641548511004083
0.21281390459827118	0.33333333333333326	0.3312076971161662	0.3291608718134107	0.32717660120432535	0.3252457848607873	0.3233622718346394	0.32152149836675714	0.3197198832638412	0.3179545089984849	0.316222933615106	0.3145230711378257	0.312853111169062	0.3112114621889054	0.3095967103647746	0.3080075882163034	0.30644295112804987	0.3049017591949037	0.3033830613917532	0.3018859842237496	0.30040972174222946	0.29895352739612835	0.29751670721016804	0.2960986140216405	0.29469864257151696	0.29331622529217205	0.29195082866845073	0.2906019500746546	0.2892691150096617	0.2879518746674937	0.28664980379238475	0.28536249892577054
0.21577444091526662	0.33333333333333326	0.3311494697451272	0.3290481764833786	0.32701232315730333	0.3250323290030853	0.32310172324457953	0.32121570788802634	0.3193705200424742	0.3175630958035932	0.31579087171171566	0.314051659078619	0.3123435590980784	0.31066490316708206	0.30901420952063907	0.30739015019308974	0.3057915264267456	0.3042172493864316	0.3026663236437419	0.30113783517975434	0.2996309408940332	0.2981448600357061	0.29667886703097307	0.2952322854246364	0.29380448272056203	0.2923948659550264	0.291002877873184	0.2896279936061031	0.2882697177665038	0.28692758189723105	0.28560114236021755	0.2842899777809568
0.21877616239495523	0.3333333333333333	0.3310896757623705	0.3289325227445514	0.3268438234168287	0.32481349184628583	0.3228347212189521	0.32090246763879926	0.31901277764218805	0.31716243374862696	0.31534874531540813	0.31356941606150446	0.31182245465456815	0.31010611192700677	0.308418834877492	0.3067592325455968	0.30512604954615563	0.3035181459425093	0.3019344799657901	0.30037409531676146	0.2988361101478533	0.2973197080529359	0.2958241305267484	0.29434867059659015	0.2928926673998121	0.2914555015323005	0.2900365910313507	0.28863538788499893	0.28725137498165143	0.285884063563121	0.28453299033995183	0.28319771614512
0.22181964198002188	0.3333333333333333	0.33102827437635773	0.3288138368803472	0.3266710008034557	0.3245891489617078	0.3225611215000572	0.32058161639443783	0.3186464802777963	0.3167523346834873	0.3148963557322631	0.31307613449346045	0.31128958281215185	0.3095348672033665	0.3078103603542023	0.3061146051996457	0.3044462876487484	0.30280421401948254	0.3011872943170671	0.2995945281372506	0.29802499322868015	0.2964778360194082	0.29495226369001365	0.2934475374801913	0.29196296699037977	0.290497905294407	0.2890517447193696	0.28762391317915226	0.2862138709709167	0.28482110809810157	0.28344514124142667	0.2820855122391327
0.2249054605835781	0.3333333333333333	0.33096522379761684	0.3286920435170858	0.32649375203875475	0.32435917353661425	0.3222807772808728	0.3202529903103143	0.3182714495877061	0.316332607912309	0.31443350184292657	0.3125716045196871	0.31074472648268064	0.30895094606650647	0.30718855829509006	0.3054560371885917	0.3037520068968804	0.3020752180854561	0.3004245302931799	0.29879889711544466	0.29719735417726684	0.29561900917353434	0.29406303353674196	0.29252865540250095	0.29101515362181335	0.2895218526264022	0.28804811799576546	0.2865933526064074	0.2851569933969099	0.2837385079016591	0.28233739226917487	0.2809531689927405
0.2280342072000418	0.3333333333333333	0.330900481217347	0.3285670655949568	0.32631197171635645	0.32412343635039176	0.32199353918978624	0.3199164229174878	0.31788750460441817	0.3159030602155293	0.3139599801392382	0.31205561407528976	0.31018766663043956	0.3083541237907268	0.30655319956775945	0.30478329594519243	0.30304297258099705	0.30133092206320794	0.2996459512834987	0.29798696586866336	0.29635295753509217	0.29474299361867984	0.29315620831720146	0.29159179529802426	0.2900490014069167	0.28852712127406055	0.2870254926580019	0.2855434925218837	0.2840805330290196	0.28263605912363854	0.28120954526360886	0.2798004935408208
0.23120647901755947	0.3333333333333333	0.3308340027857124	0.328438824338799	0.32612555227329226	0.3238818057515651	0.321699255276743	0.3195717451204015	0.3174944617654489	0.3154634958751686	0.31347558476462384	0.3115279489412423	0.30961818216979875	0.3077441739894366	0.30590405355783407	0.30409614797938234	0.3023189492540205	0.3005710894796287	0.29885132063523795	0.2971584983356223	0.295491568536425	0.2938495565285132	0.29223155773409193	0.29063672993912715	0.2890642866839273	0.2875134915972917	0.2859836535066125	0.28447412231409697	0.2829842847968478	0.28151356197127453	0.28006140620714265	0.2786272980849128
0.2344228815319922	0.3333333333333333	0.33076574358982347	0.32830723922880906	0.32593438396167707	0.32363414763570897	0.32139777100093503	0.3192187851967131	0.3170921349269977	0.31501371670344563	0.3129801075583797	0.3109883928047655	0.30903605027757886	0.3071208687081167	0.30524088872690136	0.3033943588618065	0.3015797008721423	0.29979548362179065	0.2980404018243847	0.29631325896175675	0.2946129533075478	0.292938466359614	0.2912888531680061	0.28966323417380485	0.2880607882660434	0.28648074683087	0.28492238873158515	0.2833850353934917	0.2818680474697328	0.28037082145697856	0.2788927860742586	0.2774334000695982
0.23768402866248767	0.3333333333333333	0.3306956576314094	0.3281722279711645	0.3257383548207786	0.32338032542432865	0.3210889292200265	0.31885736879936444	0.3166803353804818	0.314553522074863	0.3124733381039949	0.3104367273242659	0.3084410463368342	0.3064839785227488	0.3045634720355797	0.30267769335519057	0.3008249909421037	0.2990038676997613	0.2972129586335748	0.29545101289165554	0.29371687907321375	0.2920094930713973	0.2903278679102495	0.28867108517082063	0.28703828769829337	0.28542867345799905	0.2838414897299218	0.2822760289135472	0.28073162452634515	0.27920764700537104	0.2777035010096477	0.2762186225052651
0.24099054286865948	0.3333333333333333	0.33062369780418754	0.328033706468591	0.3255373506495215	0.32312020004477776	0.3207725701811029	0.3184873189628016	0.3162588718720585	0.31408270896189117	0.3119550637816433	0.30987273223728934	0.30783294405303907	0.3058332725525286	0.30387156953574695	0.3019459155519638	0.30005458267507934	0.29819600501625304	0.29636875533699797	0.29457152616866833	0.2928031143703804	0.29106240835337743	0.289348377403027	0.28766006267219657	0.28599656952171415	0.2843570610657742	0.2827407520783406	0.2811469046243459	0.2795748237617335	0.278023853247997	0.27649337264965146	0.2749827942970198
0.2443430552693972	0.3333333333333333	0.3305498158709326	0.32789158879089875	0.3253312549794771	0.3228536299112905	0.32044853151343605	0.3181084561098627	0.3158275506252617	0.31360107197438825	0.31142506982498946	0.3092961852924414	0.3072115155462867	0.30516851894619107	0.30316494637818736	0.3011987890183607	0.29926823914727796	0.2973716591432145	0.2955075568924159	0.29367456594175634	0.2918714292692713	0.29009698585980404	0.2883501594870041	0.28662994925304713	0.2849354216444971	0.28326570324773825	0.281619975280971	0.27999746848484963	0.2783974580757925	0.2768192602202839	0.27526222844991755	0.2737257505795437
0.24774220576332856	0.3333333333333333	0.3304739624402503	0.32774578714551583	0.32511994904838937	0.3225804709071991	0.3201166482230695	0.3177205980493921	0.31538617536687796	0.3131084034028888	0.3108831393824476	0.3087068625238526	0.30657653144894237	0.3044894844180342	0.3024433669459477	0.30043607694507374	0.29846572346735634	0.29653059410544164	0.2946291291403592	0.29275990067963215	0.2909215956017934	0.28911300145167496	0.28733299465622764	0.28558053067759215	0.28385463522198967	0.2821543974908145	0.28047896357413593	0.27882753144082	0.2771993456701124	0.27559369368766107	0.2740099020190505	0.2724473330576507
0.251188643150958	0.3333333333333333	0.3303960869430647	0.32759621184804694	0.32490331177429266	0.3223005763684217	0.3197767526894193	0.31732356000470896	0.31493454735619353	0.31260449326590184	0.31032905359826835	0.3081045382201266	0.3059277609328909	0.3037959347637821	0.3017065949940991	0.299657542304577	0.2976467989507527	0.2956725745712979	0.29373323901057313	0.29182730039223914	0.28995338719733676	0.2881102334461329	0.2862966663203882	0.2845115958218467	0.28275400553494856	0.28102294548643114	0.2793175256176129	0.2776369096222709	0.2759803103722702	0.27434698547774633	0.27273623345803094	0.27114739035229285
0.2546830252585041	0.3333333333333333	0.33031613760881917	0.3274427712928857	0.32468121973027764	0.3220137970682969	0.3194286746639503	0.31691715462229153	0.314472465417741	0.3120891293613544	0.30976259163228337	0.3074889850392244	0.305264972130603	0.30308763488862994	0.30095439379598254	0.2988629480152285	0.2968112293010231	0.2947973660506118	0.29281965473576155	0.29087653685959697	0.28896658012596405	0.2870884628732291	0.2852409611570059	0.2834229374718449	0.281633331810619	0.27987115377972294	0.2781354752288627	0.27642542466559955	0.27474018196626127	0.27307897381837354	0.27144106970515214	0.26982577835173194
0.25822601906345966	0.3333333333333333	0.33023406144140516	0.32728537192391594	0.3244535471199653	0.3217199812038467	0.319072241271042	0.3165011919896581	0.31399972597768244	0.31156209732232354	0.3091835307945968	0.30685997410365773	0.3045879317716093	0.30236434894133546	0.3001865262960615	0.29805205711225	0.29595877879827065	0.29390473509982135	0.2918881460726758	0.2899073838680436	0.2879609529489933	0.2860474737400297	0.2841656690601696	0.28231435227912605	0.2804924179688845	0.27869883353777625	0.27693263159560955	0.27519290404194263	0.2734787965288543	0.27178950368121546	0.2701242648861946	0.2684823605675748
0.26181830082189855	0.3333333333333333	0.33014980419482026	0.3271239182053304	0.32422016575374696	0.3214189743835922	0.31870727701115276	0.31607547965630406	0.3135161231039612	0.3110231806771969	0.30859164659912686	0.306217275101362	0.30389640562733977	0.3016258404547406	0.29940275526949134	0.297224632925681	0.29508921249474096	0.2929944495344198	0.29093848453058363	0.288919617453877	0.28693628697695517	0.28498705337756436	0.28307058390828604	0.28118564106143185	0.2793310723821974	0.27750580123994256	0.27570881960176763	0.2739391813915487	0.2721959967716313	0.2704784271307311	0.26878568066954556	0.2671170084953444
0.265460556197554	0.3333333333333333	0.3300633103485688	0.326958312592607	0.32398094502586	0.32111061961691184	0.3183336037663898	0.3156398226578163	0.31302144855036024	0.31047216091827634	0.3079867128526978	0.3055606563356706	0.30319015855641657	0.3008718724927999	0.29860284348851196	0.2963804392653944	0.2942022964176545	0.2920662786487482	0.28997044360713964	0.28791301615440057	0.28589236653489947	0.2839069924189428	0.2819555035418638	0.28003660941768604	0.2781491085621187	0.2762918789053176	0.27446387015948126	0.27266409686393367	0.2708916323884496	0.26914560367815027	0.2674251866259394	0.26572960197923834
0.2691534803926916	0.33333333333333326	0.32997452308281117	0.3267884555036752	0.3237357518923602	0.32079475730517826	0.31795104080860354	0.31519402354330317	0.3125154918046076	0.30990881756339683	0.3073685017460066	0.30488988507003045	0.30246895463798656	0.3001022078042441	0.29778655389576314	0.29551924061325635	0.293297797779336	0.2911199934431787	0.2889837990316737	0.2868873612663574	0.28482897930294293	0.28280708552929273	0.2808202300709833	0.27886706755064694	0.27694634538453433	0.27505689442206577	0.27319762054706237	0.27136749746356914	0.26956556040804547	0.2677909006401776	0.26604266059247694	0.2643200295806974
0.27289777828080414	0.3333333333333333	0.3298833842532736	0.32661424529031285	0.32348445085006267	0.3204712252346235	0.317559404810118	0.31473788240626127	0.31199804014066607	0.3093329282292189	0.30673678395003356	0.30420472728928527	0.30173255731137644	0.29931660898298296	0.2969536497846157	0.2946408023225022	0.2923754851946907	0.29015536685870613	0.28797832901589293	0.2858424371117244	0.28374591632573876	0.2816871314103859	0.2796645704567124	0.2776768309168969	0.2757226074158228	0.27380068188275625	0.27190991475257664	0.2700492374008265	0.2682176455514688	0.26641419350207857	0.2646379890405499	0.2628881889503861
0.27669416454115114	0.3333333333333333	0.3297898343659289	0.32643557820981706	0.3232269039165214	0.320139858571177	0.3171585098660284	0.31427119691901895	0.3114688786753511	0.30874426872043015	0.3060913287180436	0.30350494806634987	0.3009807295222961	0.2985148386353582	0.2961038949866076	0.2937448908243953	0.2914351289060701	0.28917217401897033	0.2869538145119883	0.28477803137078883	0.2826429726992727	0.28054693311165124	0.27848833639037207	0.27646572046433054	0.274477725245169	0.27252308192548313	0.27060060382281714	0.26870917844788045	0.266847760594021	0.2650153662847879	0.2632110674472823	0.2614339872031598
0.2805433637951713	0.3333333333333333	0.32969381255145963	0.32625234839698586	0.3229629706111241	0.3198004898572321	0.3167481674772588	0.3137937623708895	0.3109277904236506	0.30814261310932034	0.3054319039523678	0.3027903116316107	0.3002132338756651	0.2976966595543436	0.2952370540660605	0.29283127384222385	0.2904765010155593	0.2881701924797087	0.28591003947811855	0.28369393512412233	0.2815199475446215	0.2793862985821997	0.2772913449096523	0.2752335629609609	0.2732115358227972	0.27122394208051	0.2692695462173744	0.26734719029924786	0.2654557867313398	0.2635943119156481	0.2617618006700644	0.2599573412955653
0.28444611074479154	0.3333333333333333	0.32959525653951743	0.32606444783645966	0.3226925079373739	0.31945294901054755	0.316328186616457	0.3133053717101713	0.3103745563930398	0.30752773382551535	0.3047582764861672	0.3020605815098668	0.2994298327951814	0.29686183490078777	0.2943528925219539	0.29189972061268477	0.28949937572470075	0.28714920248563164	0.28484679120292516	0.28258994349211297	0.28037664462344447	0.2782050405997113	0.27607341864726576	0.2739801913297968	0.27192388280388624	0.2699031171221673	0.2679166081674942	0.26596315093662054	0.2640416139492558	0.26215093260237077	0.26029010332373737	0.2584581784054037
0.28840315031266056	0.3333333333333333	0.32949410263279155	0.3258717663354684	0.3224153703664433	0.31909706332535037	0.31589837372215024	0.312805815590132	0.30980895560204386	0.3068994017511414	0.30407021194515815	0.30131552066378214	0.29863028868974045	0.29601012839178453	0.293451176997113	0.2909500021146861	0.28850352958166714	0.2861089872346938	0.2837638603807531	0.28146585570141786	0.2792128722570398	0.27700297735599017	0.27483438616192807	0.2727054449895594	0.2706146168978952	0.268560469425695	0.2665416640393825	0.264556946997615	0.2626051413970065	0.26068514020977707	0.258795900159955	0.256936436312843
0.29241523778433354	0.3333333333333333	0.32939028568090145	0.3256741914970317	0.32213140982207866	0.31873265747575574	0.31545853273083124	0.31229488241912184	0.3092307651965096	0.3062573863215631	0.3033674750480718	0.300554891643927	0.29781436412680623	0.29514130449625375	0.29253167549477355	0.2899818913056025	0.28748874173587796	0.28504933319283454	0.28266104170034845	0.280321475394868	0.2780284439054389	0.27577993271544815	0.2735740822753574	0.2714091702009976	0.2692835962230232	0.26719586932871736	0.26514459670160795	0.2631284741480551	0.26114627776339405	0.25919685663886305	0.25727912644823214	0.25539206378256585
0.2964831389524342	0.33333333333333326	0.329283739054131	0.3254716086936652	0.32184047566693547	0.31835955352161605	0.31500846510609837	0.3117723584041943	0.308639760518185	0.30560145563183233	0.3026498296946222	0.2997784567455324	0.2969818220128292	0.2942551286377994	0.29159415760255847	0.2889951633649901	0.28645479420004	0.2839700302030749	0.28153813394469607	0.2791566111360196	0.2768231784219483	0.2745357365477743	0.2722923484150498	0.27009122041851574	0.2679306866654803	0.26580919549699183	0.2637252978962059	0.2616776374573553	0.25966494165541554	0.25768601420768894	0.2557397283581469	0.25382502094638126
0.30060763026282306	0.3333333333333333	0.32917439461701753	0.32526390104164327	0.3215424146904694	0.31797757091691337	0.31454796987131683	0.31123802765634273	0.3080357151903094	0.3049313765231283	0.3019170391038973	0.29898597817206507	0.29613242578079996	0.29335136740491286	0.29063839472390673	0.2879895959457663	0.2854014721537298	0.28287087201989775	0.2803949402969711	0.27797107641708374	0.27559690038080087	0.27327022506658294	0.2709890329625797	0.26875145664682737	0.2665557622432443	0.26440033529406637	0.26228366861308344	0.2602043517765678	0.2581610619788939	0.2561525560335841	0.25417766334215597	0.25223527968573
0.3047894989627983	0.3333333333333333	0.32906218270181864	0.32505094937587764	0.32123707109837824	0.3175865265208148	0.31407684364593813	0.31069167217886207	0.307418401208579	0.30424691480752386	0.3011688659593071	0.29817721820573284	0.2952659395850204	0.2924297887685711	0.2896641603169757	0.2869649694328446	0.28432856408691387	0.2817516564435761	0.2792312688252349	0.2767646901928341	0.27434944041098963	0.27198324117379746	0.26966399160714033	0.26738974780231073	0.2651587054739398	0.26296918515444445	0.2608196194672847	0.2587085421186157	0.25663457832059844	0.2545964364161224	0.25259290051844163	0.2506228240134679
0.30902954325135906	0.3333333333333333	0.32894703208187237	0.32483263222546593	0.3209242865038173	0.3171862346115087	0.31359488067480973	0.3101330719889703	0.30678758903749087	0.30354783522868634	0.3004050725601647	0.2973519393850148	0.2943821285031662	0.29149016230727715	0.2886712301410278	0.2859210672092019	0.2832358622765363	0.2806121856203545	0.2780469325219157	0.275537277154543	0.2730806355360612	0.27067463480951026	0.26831708770402585	0.2660059710787247	0.26373940774645993	0.26151565095983825	0.2593330710786615	0.25719014404022	0.2550854413313228	0.25301762122030025	0.2509854210531914	0.24898765051630328
0.31332857243155854	0.3333333333333333	0.32882886994487454	0.3246088257899735	0.3206038999203862	0.31677650690294634	0.31310187291671165	0.30956200517644256	0.30614304771244266	0.3028339017038142	0.2996254209800244	0.2965099046893131	0.293480758745706	0.2905322594395761	0.28765938251030165	0.2848576759582463	0.2821231629561003	0.27945226650808097	0.2768417498151421	0.274288668064402	0.27179032951962667	0.26934426330703026	0.26694819263772407	0.264600012316917	0.2622977696959181	0.2600396484180609	0.2578239544534574	0.25564910402499197	0.2535136131093591	0.25141608825932327	0.24935521854168102	0.24732976848296598
0.31768740706497706	0.33333333333333326	0.3287076218660907	0.3243794039165085	0.3202757477570323	0.31635715256461316	0.31259761002394515	0.30897824798149504	0.30548454494749566	0.3021048774325882	0.2988296732318866	0.2956508777308078	0.29256159787273045	0.2895558536640641	0.2866283985553513	0.2837745858310303	0.2809902666424618	0.27827171094421305	0.27561554484847894	0.2730187000959066	0.2704783732163215	0.2679919917528106	0.26555718618926816	0.2631717663781252	0.26083370158149566	0.25854110344407677	0.2562922113672906	0.25408537986713764	0.25191906758377636	0.24979182767637093	0.24770229944543826	0.24564920065546283
0.32210687912834346	0.3333333333333333	0.32858321178153177	0.32414423807765697	0.3199396638149269	0.3159279782444578	0.3120818794414046	0.30838157487780643	0.3048118472490846	0.3013605250407413	0.2980175914403753	0.2947746229535971	0.2916244150182438	0.28856072080691114	0.2855780624918292	0.2826715908996631	0.2798369784123013	0.2770703361351048	0.27436814781529234	0.2717272171799688	0.26914462492793273	0.2666176933509258	0.2641439569074773	0.26172113752046444	0.25934712366673013	0.2570199525427228	0.25473779474900426	0.2524989410552057	0.25030179089690036	0.24814484238049986	0.24602668323285248	0.24394598330725725
0.32658783217233583	0.3333333333333333	0.32845556196111336	0.3239031973503468	0.31959547928651844	0.31548878809511094	0.31155446645138735	0.30777175866082346	0.3041247200220598	0.300600606730297	0.2971889380209874	0.2938809058401911	0.29066898112194656	0.2875466392768859	0.28450816191967926	0.28154848934714677	0.27866310833619845	0.2758479649405046	0.2730993952991126	0.27041407035648407	0.26778895076437303	0.26522124979173844	0.2627084024836761	0.26024803977814304	0.25783796660174985	0.2554761431925586	0.2531606690648076	0.2508897691552645	0.2486617818385618	0.24647514819807115	0.24432840306399506	0.2422201668673311
0.3311311214825911	0.3333333333333333	0.3283245929818274	0.3236561483957078	0.3192430227567359	0.3150393838035235	0.3110151542347972	0.30714857054149436	0.3034229277523236	0.2998248844365563	0.296343475866504	0.29296949312541826	0.2896950691685395	0.28651339032787415	0.28341848801601977	0.28040508376837026	0.27746847160640287	0.2746044262071279	0.2718091306197593	0.269079118131068	0.26641122500917325	0.2638025516243766	0.2612504301294743	0.2587523973429457	0.25630617180694854	0.25390963423030144	0.2515608107021201	0.24925785819288365	0.24699905201022126	0.24478277458903674	0.24260750611675	0.24047181597666906
0.3357376142429547	0.3333333333333333	0.3281902237009525	0.3234029554400033	0.3188821202065556	0.3145795646241617	0.3104637239370005	0.3065117802455776	0.3027062340513386	0.29903311999195525	0.295480968540654	0.2920401530178001	0.28870245443456216	0.285460758343535	0.2823088359582506	0.27924118158857586	0.2762528889944942	0.27333955510829877	0.27049720418496315	0.26772222683664865	0.2650113304891292	0.2623614986326123	0.25976995695714894	0.2572341449474841	0.25475169185755686	0.25232039623526314	0.2499382083525002	0.2476032150827575	0.24531362652344696	0.24306776475247296	0.24086405370522837	0.23870101005783642
0.34040818970100084	0.3333333333333333	0.3280523712293326	0.32314348025670875	0.3185125950190018	0.3141091274158947	0.3098999547384772	0.30586115611866727	0.301974401854841	0.29822507529689724	0.2946011804790998	0.29109265542843227	0.28769091474276276	0.284388531058417	0.2811790051374301	0.27805659520988685	0.27501618714947007	0.272053193489419	0.26916347384719413	0.2663432709995771	0.26358915894771806	0.26089800021370996	0.25826691036215144	0.25569322824968926	0.2531744908685448	0.2507084119131773	0.24829286344007612	0.24592585980501583	0.2436055441199808	0.24133017621325073	0.23909812184908713	0.23690784361165074
0.34514373933585624	0.3333333333333333	0.3279109509047553	0.3228775821498143	0.3181342679877054	0.31362786668271464	0.30932362393042084	0.305196465237081	0.3012271935527892	0.29740051249766253	0.29370387719782254	0.29012677220740546	0.2866602307239926	0.28329649992227257	0.28002879946336984	0.2768511424500447	0.27375819893584685	0.2707451902190088	0.26780780526538894	0.2649421337098963	0.26214461142187384	0.2594119757597846	0.2567412284072336	0.2541296042179979	0.2515745448792621	0.24907367647879	0.24662479031050347	0.24422582608411128	0.24187485775982331	0.2395700809230369	0.2373098015728568	0.23509242656087936
0.34994516702835726	0.3333333333333333	0.32776587626546183	0.3226051179384336	0.3177469573281404	0.31313557461842895	0.3087345069954284	0.304517473524749	0.3004643711413218	0.29655919417149257	0.2927888255089619	0.2891422773877831	0.28561018608659583	0.28218446034321865	0.2788580277600564	0.2756246468422983	0.27247876377769115	0.26941540154503407	0.266430072271241	0.2635187069953801	0.26067759862168494	0.2579033550411858	0.2551928602076634	0.25254324151665547	0.24995184223719852	0.24741619808000084	0.24493401689288644	0.24250316152335774	0.24012163472116155	0.2377875657964933	0.23549919925172927	0.23325488458574617
0.35481338923357547	0.3333333333333333	0.32761705902382127	0.32232594194279585	0.3173504786916566	0.3126320411554685	0.30813237769342605	0.30382394586963174	0.2996856963815191	0.2957008835189345	0.29185579374416204	0.2881389474371463	0.28454056790477955	0.2810522119979959	0.2776665039543679	0.2743769379709887	0.2711777280083368	0.26806369145621445	0.26503015723969237	0.26207289219893265	0.25918804131255163	0.25637207859139366	0.2536217663169652	0.25093412089053074	0.2483063840210752	0.24573599799935666	0.2432205848487914	0.24075792816171232	0.2383459571398651	0.2359827330126978	0.23366643694935688	0.23139535945037307
0.3597493351557423	0.3333333333333333	0.3274644090402087	0.32203990597174775	0.31694464518243737	0.31211705401795603	0.3075170081530213	0.30311564628031695	0.29889093096509034	0.29482534456352716	0.29090455198546594	0.2871165615166977	0.28345116685789395	0.2798995591382957	0.27645404749073643	0.2731078518132123	0.26985494522550735	0.2666899320479836	0.2636079514632452	0.2606046003589081	0.2576758706993132	0.2548180980928907	0.2520279191126055	0.24930223554881295	0.24663818425616071	0.24403311129591104	0.24148455013312745	0.2389902026097386	0.23654792231365718	0.23415570035556282	0.23181165274679444	0.2295140093192678
0.3647539469256078	0.3333333333333333	0.3273078342971214	0.3217468593117552	0.3165292673775053	0.3115903987791792	0.3068881689682931	0.3023923379796221	0.29807983668709215	0.2939323423589034	0.28993487230378656	0.28607490174790756	0.2823417775868586	0.27872631089191074	0.275220483640351	0.2718172310863164	0.26851027665154886	0.2652940038927433	0.2621633555296803	0.2591137525918869	0.2561410288118289	0.2532413767634403	0.25041130318100635	0.2476475915844758	0.2449472705382834	0.24230758696896373	0.23972598312673	0.23720007655998682	0.23472764304547306	0.23230660154563765	0.22993500106169257	0.22761100906294476
0.3698281797802662	0.3333333333333333	0.3271472408735735	0.32144664871762874	0.3161041533499076	0.31105185892361586	0.3062456293013932	0.3016537835756182	0.2972521756257809	0.293021643203367	0.2889465290049717	0.2850137534932665	0.28121219895216265	0.27753228163469973	0.27396564383931	0.2705049256009693	0.26714359149845	0.2638757964140358	0.260696279702747	0.2576002804774191	0.2545834688914706	0.25164188974218304	0.24877191570124949	0.24597020820176732	0.24323368421348024	0.24055948849284817	0.2379449691527289	0.23538765709304604	0.23288524797848636	0.23043558656241192	0.22803665295683945	0.22568655055175552
0.3749730022454835	0.3333333333333333	0.3269825329198121	0.32113911840497156	0.3156691086952111	0.31050121591365953	0.3055891569908768	0.3008997452032298	0.29640771032969493	0.2920930148620043	0.28793929888347014	0.2839329056126579	0.28006223434926975	0.2763172912348334	0.2726893660327998	0.2691707926195111	0.26575476733730075	0.2624352082642239	0.2592066443053616	0.25606412644421517	0.25300315577795496	0.2500196244749274	0.24710976686095232	0.24427011832131199	0.24149748091784928	0.2387888939790095	0.23614160878579005	0.2335530670161428	0.2310208819219181	0.22854282195621317	0.22611679643712293	0.2237408429369841
0.3801893963205612	0.3333333333333333	0.3268136126323977	0.32082411004448486	0.3152239365614449	0.3099382492611943	0.304918518666042	0.300129984679961	0.2955462040120521	0.29114622679637137	0.2869129614835917	0.2828321507878521	0.27889169201258374	0.27508116544374644	0.2713914950250571	0.2678146972192848	0.2643436904718244	0.26097214770525334	0.257694380104827	0.25450524415724185	0.2514000662959221	0.2483745811292606	0.2454248800966721	0.24254736877396588	0.2397387307362833	0.23699589666839008	0.23431601819463094	0.23169644519285937	0.22913470616674014	0.22662849114878686	0.22417563673398144	0.22177411291825977
0.3854783576657718	0.3333333333333333	0.3266403802296921	0.32050146275822566	0.3147684376826217	0.30936273660416624	0.3042334798673731	0.2993442636685175	0.2946674207525469	0.2901810504017892	0.2858672993683389	0.2817112857972349	0.2777003853735827	0.27382373622067946	0.2700718828348375	0.2664365126606031	0.2629102563155765	0.2594865329920326	0.2561594286995532	0.2529235989051498	0.24977418964063117	0.24670677285075007	0.243717292679026	0.2408020208199369	0.23795751870208076	0.23518060524235906	0.2324683294760232	0.2298179468630719	0.2272268987903469	0.22469279472161263	0.22221339657638198	0.21978660499631245
0.39084089579240205	0.3333333333333333	0.3264627339278054	0.3201710131179233	0.31430241041598206	0.30877445378830226	0.303533805173236	0.29854234384645145	0.2937711257066132	0.2891972592522711	0.2848020983994858	0.280570111824145	0.27648813332663724	0.27254484207820434	0.26873038905610136	0.2650361207589985	0.2614543697723949	0.2579782927579515	0.25460174290673954	0.25131916798743414	0.2481255277902557	0.24501622632912784	0.24198705592154937	0.23903415033108127	0.23615394511196822	0.23334314416136795	0.23059869097940258	0.22791774395220515	0.22529765494927095	0.22273595069101448	0.22023031644736837	0.21777858171010284
0.39627803425543945	0.3333333333333333	0.3262805699170488	0.31983259514545836	0.31382565078309776	0.3081731749541203	0.3028192583329602	0.29772398708292763	0.2928570853222218	0.2881946293530899	0.283717148007274	0.2794084347675204	0.27525476060439	0.27124432843353186	0.26736688122359575	0.2636134122613687	0.2599759456196483	0.25644736640202265	0.2530212871504447	0.2496919411007024	0.246454095774837	0.24330298205076176	0.2402342356813929	0.23724384827175288	0.23432812586974053	0.2314836539946421	0.22870726762117988	0.2259960253688731	0.22334718715899232	0.2207581947691002	0.21822665482520237	0.21575032385734297
0.4017908108489399	0.3333333333333333	0.3260937823389467	0.3194860403156165	0.3133379525149811	0.3075586726294235	0.30208960240456073	0.29688895562271667	0.2919250675642609	0.28717293940098315	0.28261224150149644	0.2782260655545684	0.2740000981062403	0.2699220479653275	0.265981235182992	0.26216828722560703	0.2584749088938077	0.2548937044771109	0.2514180378494503	0.2480419207483914	0.24475992222409218	0.2415670946790352	0.23845891256232213	0.2354312210155998	0.2324801928214172	0.22960229174000907	0.22679424118783	0.2240529972899607	0.22137572555988172	0.21875978060955503	0.21620268840811446	0.21370213069741567
0.40738027780411273	0.3333333333333333	0.3259022632638602	0.31913117756122666	0.31283910710133966	0.30693071782729087	0.3013445999087959	0.2960370122775046	0.29097484214654556	0.28613197105197763	0.28148717635816356	0.27702282048665505	0.27272398324383895	0.2685778609757387	0.2645733354652089	0.2607006554032819	0.256951195277837	0.2533172690786808	0.24979198380428919	0.2463691225229161	0.24304304963198234	0.23980863350799958	0.23666118237918146	0.2335963906865336	0.2306102940810293	0.22769923113295323	0.2248598106268255	0.22208888343219635	0.2193835181683075	0.2167409800373114	0.21415871232167952	0.21163432013570882
0.4130475019901614	0.3333333333333333	0.32570590266928157	0.318767833280803	0.31232890384412815	0.30628908014994205	0.30058401297006065	0.29516792062460573	0.2900061807714849	0.28507150919827906	0.28034175452796284	0.27579852153579126	0.27142626029243533	0.26721163575731427	0.2631430756645298	0.25921043662490073	0.2554047514898734	0.2517180342334724	0.24814312660466578	0.24467357563500294	0.24130353473645577	0.23802768268316132	0.23484115647653758	0.23173949549087375	0.22871859434612898	0.22577466294396276	0.22290419232445752	0.22010392530923983	0.21737083111192634	0.2147020832611044	0.2120950403078227	0.20954722888836746
0.4187935651179184	0.3333333333333333	0.3255045884188554	0.31839583134880506	0.31180712991553905	0.3056335278983918	0.299807603484681	0.29428144521315713	0.28901885737743105	0.28399134224575007	0.2791757827492232	0.2745529967066433	0.27010678074780403	0.2658232489644663	0.26169035882009173	0.2576975611872677	0.2538355356726389	0.2500959862874804	0.24647148092519103	0.24295532319129515	0.23954144896317014	0.23622434165220732	0.23299896206753123	0.2298606900397719	0.22680527520209842	0.22382879526322075	0.2209276203695816	0.21809838247331007	0.21533794884816626	0.2126433990679198	0.2100120048944628	0.20744121262647708
0.4246195639463129	0.3333333333333333	0.32529820624218975	0.31801499312864034	0.31127357042058545	0.3049638281881769	0.2990151332857013	0.29337735177785984	0.2880126483937139	0.28289126241170015	0.2779890728654476	0.27328608037391056	0.2687654036884599	0.26441258598910744	0.2602150978003024	0.2561619702424177	0.25224351778299736	0.24845112429259378	0.2447770750363959	0.2412144225733217	0.2377568786614242	0.23439872548563107	0.231134742563628	0.22796014566100187	0.22487053541431784	0.22186185377168294	0.21893034680231155	0.2160725327403663	0.213285174364914	0.21056525499834328	0.2079099575448044	0.2053166460986936
0.43052661049171065	0.3333333333333333	0.3250866397155197	0.3176251374885297	0.3107280084644212	0.30427974707125477	0.2982063643169486	0.29245540746033055	0.2869873330033579	0.281771066018574	0.27678144216278594	0.2719976136320959	0.26740199614284177	0.2629795413400635	0.25871721568971073	0.25460361618758204	0.25062867998104543	0.24678346041015042	0.24305995109619252	0.23945094587382426	0.23594992554382924	0.2325509652141537	0.22924865789436358	0.22603805069918365	0.22291459120723817	0.21987408199756658	0.21691264184667572	0.21402667239784806	0.21121282936240904	0.20846799750181494	0.20578926878528903	0.20317392323134276
0.436515832240166	0.3333333333333333	0.324869770243288	0.31722608082036563	0.31017022522455245	0.303581049664217	0.29738105881432375	0.29151538103811003	0.28594269341364875	0.280630553799913	0.2755527136858519	0.270687444651013	0.26601643346112214	0.2615240190258393	0.2571966461778301	0.25302246305561105	0.24899101701809573	0.24509302021624282	0.24132016552816743	0.2376649801457219	0.2341207070091847	0.23068120815683385	0.22734088481616077	0.22409461080349136	0.22093767652938673	0.2178657415572677	0.21487479412624294	0.21196111639397844	0.20912125441534618	0.2063519920707988	0.20365032831122443	0.20101345720502198
0.44258837236262655	0.3333333333333333	0.32464747704071617	0.3168176370616885	0.3096000000280824	0.3028675002829585	0.29653897949441965	0.29055704316136544	0.2848785151336284	0.2794695312126903	0.2743027165902413	0.2693554290367479	0.26460859969127365	0.26004593294028583	0.255653333949388	0.2514184869052546	0.2473305366390251	0.24337984319542322	0.23955778945267858	0.2358566278332637	0.232269356479278	0.22878961823895888	0.22541161720927944	0.22213004920188367	0.21894004330333075	0.21583711237971553	0.21281711086172117	0.2098761985076322	0.20701080911419725	0.20421762335288346	0.20149354506912312	0.19883568050675196
0.4487453899331322	0.3333333333333333	0.3244196371174304	0.3163996177209152	0.30901711043418006	0.3021388625839348	0.29567988975055304	0.2895801665973171	0.2837945872599861	0.2782878087567043	0.2730312864852819	0.2680014301977644	0.2631783879589996	0.2585452072506945	0.25408723507544473	0.24979167621067136	0.24564725990108174	0.24164398302483397	0.23777290894747	0.23402600709758836	0.2303960237262464	0.22687637629878776	0.2234610663619461	0.22014460696088328	0.21692196165960645	0.21378849291316954	0.21073991804953102	0.2077722714977734	0.20488187218476128	0.20206529523983918	0.19931934731479106	0.19664104495674253
0.45498806015004856	0.33333333333333326	0.3241861252622204	0.31597183190595224	0.3084213323218329	0.301394899712139	0.2948035538562969	0.2885845264824008	0.28269070277034636	0.2770852023008768	0.27173826578611315	0.2666253197158224	0.2617257008511049	0.25702177678781	0.2524983174047987	0.24814203224951142	0.24394122165156668	0.2398855080205167	0.23596562547253253	0.23217325215384227	0.22850087518958512	0.2249416803822008	0.2214894612406907	0.21813854322991638	0.21488372015361815	0.2117202003134529	0.2086435606203512	0.20564970723146786	0.20273484158496138	0.19989543093266463	0.1971281826462228	0.19443002170885398
0.46131757456037936	0.3333333333333333	0.32394681402900777	0.3155340863563303	0.3078124399831237	0.3006353744559247	0.29390973717658214	0.2875699005821688	0.28156665882364296	0.2758615334165689	0.2704235040714839	0.2652269777213492	0.2602504508018619	0.2554755874372314	0.25088656095506656	0.24646956950228263	0.24221247084051614	0.23810450140914785	0.2341360561989851	0.2302985135988176	0.22658409428186813	0.22298574602429524	0.21949704874591347	0.21611213546922042	0.2128256259645066	0.20963257061262597	0.20652840257664154	0.20350889678948547	0.20057013457792075	0.19770847298167682	0.19492051801038085	0.192203101223861
0.4677351412871982	0.3333333333333333	0.32370157372409786	0.315086185478997	0.3071902062221847	0.2998600494087945	0.292998206386436	0.2865360695588273	0.28042225706798063	0.27461662971659656	0.26908685844697844	0.26380629327287897	0.2587525604818944	0.2539065965316409	0.24925195830279884	0.24477431598130722	0.24046107089793736	0.2363010617484142	0.2322843343475656	0.22840195872819405	0.22464588168223446	0.2210088065169547	0.21748409395168966	0.21406567966031925	0.21074800507498317	0.2075259588670964	0.2043948271081535	0.20135025054851763	0.19838818778036008	0.19550488330071403	0.19269683968295964	0.18996079321465464
0.47424198526024464	0.33333333333333326	0.3234502723948033	0.31462793138791023	0.3065544024598831	0.29906868713827384	0.2920687296974112	0.2854828172469614	0.27925730395570825	0.27335032520102154	0.2677281939133562	0.26236316474015187	0.25723196318907826	0.25231477324327106	0.2475945149828625	0.2430563136918853	0.23868710014404465	0.23447530326006227	0.2304106095177	0.2264837718424465	0.22268645561667072	0.2190111131614032	0.215450880328812	0.2119994904980596	0.20865120243112426	0.20540073928416952	0.2022432366844408	0.19917419823904273	0.19618945718537784	0.1932851431545382	0.19045765322025476	0.18770362656254097
0.48083934844972853	0.3333333333333333	0.3231927758195171	0.31415912394757206	0.3059047988444784	0.29826105036197703	0.29112107709174934	0.2844099309358272	0.278071611065568	0.2720624606098266	0.2663473837396663	0.2608975001904308	0.25568860324092707	0.2507000989759944	0.24591424983092874	0.24131561894376732	0.23689065207945195	0.2326273561709183	0.22851504800623224	0.22454415454046656	0.22070605212411668	0.2169929355047522	0.21339770995006807	0.20991390156320244	0.20653558208112616	0.20325730532604985	0.2000740531234041	0.1969811889778948	0.1939744181586948	0.19104975311855724	0.1882034833822959	0.18543214920383713
0.48752849010338634	0.3333333333333333	0.3229289474993261	0.31367956082064796	0.3052411643683569	0.2974369021309709	0.2901550205643083	0.2833172016604942	0.2768649954317569	0.27075288378039597	0.26494430984076633	0.25940921777757403	0.2541224363679033	0.24906256775638907	0.24421119543164838	0.2395523027758021	0.23507183578692928	0.23075736704465638	0.2265978331148765	0.22258332599992814	0.21870492530739744	0.214954561559533	0.21132490367674134	0.20780926547456297	0.20440152729202146	0.20109606979031197	0.19788771763490548	0.19477169127460306	0.19174356540746557	0.18879923301000495	0.1859348740264255	0.18314692798599452
0.49431068698683545	0.3333333333333333	0.3226586486512536	0.31318903751981775	0.3045632669909961	0.29659600602053354	0.28917033437228024	0.28220442449978955	0.2756372798805167	0.2694214500108513	0.2635188631588623	0.25789824613337065	0.25253343010707086	0.24740218663175154	0.2424853984553246	0.23776645125533183	0.23323077626349067	0.22886549910340165	0.22465916544543763	0.22060152324341822	0.21668334756799001	0.21289629800521018	0.20923280132533043	0.20568595401969958	0.2022494406433736	0.1989174648658782	0.19568469083852158	0.19254619301060105	0.18949741292079375	0.1865341217897606	0.18365238797055117	0.18084854849253024
0.5011872336272722	0.3333333333333333	0.32238173820322075	0.3126873474640011	0.30387087376829514	0.29573812632839597	0.2881667952926943	0.2810713988818422	0.27438829336957604	0.26806802242860994	0.2620709440486415	0.25636452476061317	0.25092156419546935	0.24571897602240544	0.24073692003551733	0.23595816588054022	0.23136761475622106	0.2269519325382228	0.22269926318182737	0.21859900138933464	0.2146416098236096	0.21081847037066065	0.20712176181347344	0.20354435826314934	0.20007974409696533	0.19672194216354458	0.1934654527545066	0.19030520139041687	0.187236493881106	0.18425497743401112	0.1813566068253295	0.17853761483607788
0.5081594425605606	0.3333333333333333	0.3220980727908257	0.31217428203911146	0.30316375098841375	0.294863028280548	0.2871441828876971	0.2799179288969506	0.2731178713407253	0.266692472363834	0.2606004626655596	0.254808004427366	0.24928683096257023	0.244012970157276	0.23896583617025668	0.23412756391874	0.22948250908823647	0.22501686480756694	0.22071836235789524	0.21657603388655247	0.21258002170760862	0.20872142319660741	0.20499216328407835	0.2013848886312301	0.19789287904152558	0.19450997272013085	0.19123050276707965	0.18804924286400063	0.18496136054558904	0.1819623767750121	0.17904813079459336	0.17621474941893392
0.5152286445817565	0.33333333333333326	0.3218075067560342	0.3116496306634806	0.3024416643142507	0.29397047824468114	0.2861022797776941	0.27874382361764366	0.27182585607222415	0.26529467972740184	0.2591073393568023	0.25322864756184305	0.24762923572775314	0.24228421741990597	0.23717223803485232	0.23227477874767394	0.22757563397383795	0.22306051092266055	0.2187167171100733	0.21453291273184388	0.21049891174917015	0.20660552017699751	0.20284440320665878	0.19920797497242781	0.19568930631154208	0.19228204697533818	0.18898035955916193	0.18577886301936386	0.18267258409691828	0.17965691531023553	0.1767275784433722	0.17388059266051314
0.5223961889991198	0.3333333333333333	0.3215098921478836	0.31111318085811435	0.3017043789326933	0.2930602439513284	0.2850408719220696	0.27754889742578426	0.2705120970398296	0.2638745333930206	0.25759150505442513	0.25162642864729434	0.2459487971623771	0.24053278073203954	0.23535623237303538	0.2303999601873892	0.2256471813219077	0.22108310371889245	0.21669459991383316	0.21246994866903782	0.20839862753328045	0.20447114427831775	0.20067889845489056	0.19701406659241383	0.19346950617924052	0.19003867472043645	0.18671556101773285	0.18349462644475262	0.1803707544625575	0.17733920697924557	0.17439558643291556	0.17153580269119373
0.5296634438916578	0.3333333333333333	0.32120507872530335	0.3105647183218866	0.3009516597107621	0.29213209472275525	0.2839597489076869	0.27633297034654686	0.26917645128282114	0.2624319315830573	0.2560529016701351	0.25000133461626384	0.24424554771481558	0.23875873791907112	0.2335179418360981	0.22850327482175142	0.2236973605265764	0.21908489411218218	0.21465230180293773	0.21038747136890001	0.20627953583946826	0.2023186978358505	0.19849608535941476	0.19480363226274838	0.19123397831882497	0.18778038501792332	0.18443666410900256	0.18119711655961074	0.17805648010194913	0.17500988390769084	0.1720528092221775	0.1691810550120854
0.5370317963702527	0.33333333333333326	0.32089291396215536	0.31000402701192364	0.30018327135877404	0.29118580170964137	0.2828587042449741	0.27509586838907574	0.26781878377521223	0.26096678225764885	0.2544914824911603	0.24835336524355456	0.24251953396634054	0.23696218209270997	0.23165750532224816	0.22658490630865394	0.22172639874417902	0.2170661513393226	0.21259013257046916	0.20828582958871245	0.20414202275830012	0.20014860262588186	0.19629641973492865	0.1925771602023523	0.1889832417421084	0.18550772609133628	0.18214424472263763	0.17888693541363382	0.17573038776096686	0.17266959611785604	0.1696999187352827	0.16681704212032047
0.5445026528424212	0.3333333333333333	0.32057324305460444	0.3094308892291912	0.299398978600634	0.2902211381355808	0.28173753567153653	0.2738374238936087	0.26643896780180065	0.2594790035066208	0.25290721257661686	0.24668253354210729	0.24077081701463993	0.23514322197629803	0.22977507830621605	0.22464505567795395	0.21973454115549884	0.21502716318128268	0.21050842095061043	0.20616539131053746	0.20198649378463443	0.1979612999128886	0.19408037688062899	0.19033515803085335	0.18671783470469172	0.18322126518443396	0.17983889748432336	0.1765647034532668	0.17339312219305406	0.1703190112052762	0.1673376039945585	0.16444447309953555
0.5520774392807574	0.3333333333333333	0.32024590893092786	0.3088450857095385	0.2985985463513694	0.2892378795494186	0.28059604546318717	0.27255747588575246	0.2650368853386869	0.2579685239437105	0.2513000691537554	0.24498886613148863	0.23899947284212922	0.23330198227527313	0.2278708331581752	0.22268394161615396	0.21772205121229007	0.21296823616844474	0.20840751478015565	0.20402654385715163	0.19981337388664078	0.1957572504707469	0.19184845155308985	0.18807815269294098	0.1844383145818806	0.18092158838900133	0.17752123553598442	0.17423105925504215	0.17104534584652656	0.16795881398097395	0.16496657071877863	0.1620640731752791
0.5597576014951101	0.3333333333333333	0.31991075226387566	0.30824639572030227	0.29778173990200213	0.28823580408542576	0.27943404075227374	0.2712558704320969	0.2636124274378615	0.2564352831025705	0.24967004201344356	0.24327240365246317	0.2372055926969086	0.2314386040107014	0.22594495945101603	0.2207018007368318	0.21568921086706164	0.21088969576675048	0.2062877811387282	0.20186969398464727	0.1976231075496127	0.19353693457702595	0.1896011579106885	0.1858066903528986	0.18214525771357581	0.17860930044058193	0.17519189028304483	0.17188665922521854	0.16868773851758262	0.16558970607895007	0.16258754088634042	0.15967658323515826
0.5675446054085471	0.3333333333333333	0.31956761148569957	0.3076345971626276	0.2969483251118595	0.2872146927313005	0.2782513338531585	0.26993246101076473	0.26216549461543626	0.2548792318339933	0.2480171339076861	0.2415332011278826	0.2353892834265924	0.22955324484877132	0.22399766425499723	0.21869888783581043	0.21363632078509437	0.20879188654372777	0.20414960646669025	0.19969526795070783	0.19541615879361374	0.1913008519794546	0.18733902942872074	0.18352133625851708	0.1798392592174068	0.1762850244814857	0.17285151110815428	0.16953217726523445	0.1663209969686251	0.16321240552862556	0.160201252263167	0.1572827593077904
0.5754399373371569	0.3333333333333333	0.3192163228059649	0.3070094666796491	0.29609806860840193	0.28617432960397016	0.2770477425946841	0.2685871088781179	0.26069599724306164	0.25330033270376917	0.24634136092756845	0.23977132834308704	0.2335506678465007	0.2276460794194619	0.22202917241878195	0.21667547613004637	0.2115637005376611	0.2066751723133694	0.2019933966597322	0.19750371155757757	0.1931930111640197	0.18904952183367454	0.1850626187843796	0.18122267457363275	0.17752093276943026	0.17394940179047252	0.17050076505087067	0.16716830440255526	0.16394583451156758	0.16082764629200355	0.1578084578894043	0.15488337203613617
0.5834451042737447	0.3333333333333333	0.31885672023226586	0.30637077977067617	0.29523073799465216	0.28511450223315005	0.27582309065944044	0.26721968344506264	0.2592038559420509	0.2516985603905634	0.2446427529131054	0.23798687021352852	0.23168988507680616	0.22571729962341724	0.22003972683585143	0.2146318574792098	0.2094716887754166	0.20453993625884248	0.19981957713914655	0.1952954901687643	0.19095416769404486	0.18678348261142622	0.18277249771081144	0.17891130817857828	0.1751909103517622	0.1716030914785699	0.16814033645284646	0.1647957483865599	0.16156298055587054	0.1584361777654001	0.1554099255602431	0.1524792060547007
0.5915616341754739	0.3333333333333333	0.3184886355939686	0.3057183109115229	0.2943461020642866	0.2840350018526024	0.27457720792962204	0.2658300626571194	0.2576890019796968	0.25007390208316566	0.24292135382493163	0.236179927156911	0.22980709087451204	0.22376711492604345	0.21802958869528025	0.21256834258892193	0.20736064338092491	0.20238658103201346	0.19762859289679902	0.19307108869853665	0.18870015083836655	0.18450329197834728	0.18046925681950446	0.17658785843788344	0.17284984196656897	0.16924677015054257	0.16577092656813597	0.16241523324918436	0.15917318012112958	0.15603876424040625	0.15300643721112236	0.15007105939339907
0.5997910762555094	0.3333333333333333	0.31811189856909855	0.30505183368112	0.29344393102444977	0.2829356236990166	0.27330993083924426	0.2644181333787687	0.2561513776672394	0.24842635787879278	0.2411772221286025	0.2343506154334311	0.2279024579546865	0.22179575263782672	0.21599903771583945	0.21048526119460997	0.2052309415992918	0.20021552882877847	0.19542090851383032	0.19083101157329457	0.1864315023769924	0.18220952664060064	0.17815350539030445	0.17425296493460862	0.1704983953158946	0.16688113153159023	0.16339325313830422	0.16002749883010914	0.156777193308837	0.15363618435628662	0.15059878832871296	0.14765974281508837
0.6081350012787179	0.3333333333333333	0.31772633671450534	0.30437112089454293	0.29252399672633667	0.2818161673184164	0.2720211027324614	0.2629837917816542	0.254590936758916	0.24675594116756178	0.23941043117030492	0.23249906750357802	0.22597617629998912	0.2198034581798597	0.21394837236239755	0.20838296222494362	0.20308298014588294	0.19802722143921342	0.19319700815214347	0.18857578266393177	0.1841487832885567	0.1799027821595962	0.17582587112841333	0.17190728517076062	0.16813725544687347	0.1645068860589292	0.16100804993209927	0.15763330026636457	0.1543757947654698	0.151229230461972	0.14818778729595372	0.14524607912479562
0.6165950018614822	0.33333333333333326	0.31733177549942515	0.3036759447425861	0.29158607290357486	0.28067643687998006	0.2707105742277036	0.2615269437361936	0.25300764485148863	0.24506267903784829	0.2376210695452337	0.23062543236263272	0.22402845345749356	0.21779049533354736	0.21187791004357037	0.20626181394381093	0.20091717529010647	0.19582212027155982	0.19095739551774937	0.18630594518832547	0.18185257359225787	0.17758367273410797	0.17348699988776234	0.16955149423328497	0.16576712436192992	0.1621247604379673	0.15861606624951324	0.15523340744147995	0.15196977305534348	0.1488187079988681	0.1457742547085118	0.14283090244472466
0.6251726927756859	0.3333333333333333	0.3169280383425742	0.30296607693801014	0.2906299354184332	0.27951624149714005	0.26937820358732845	0.26004750520612296	0.25140147978362404	0.2433466126546499	0.23580924146589777	0.22872987586770815	0.22205951482180658	0.21575714647346003	0.20978798728958065	0.20412220406980544	0.19873396291426304	0.1936007063490976	0.18870259379508153	0.1840220615831393	0.17954347215770916	0.17525283094914845	0.17113755536022682	0.1671862844252065	0.16338872059364823	0.1597354971628747	0.15621806638532343	0.15282860442365165	0.1495599300536582	0.14640543482029897	0.1433590226568672	0.14041505745557242
0.6338697112569269	0.3333333333333333	0.3165149466528975	0.30224128886858026	0.2896553625158572	0.27833539555580344	0.2680238570927361	0.2585454026454646	0.24977243203445879	0.2416077976452758	0.23397506710750793	0.22681258105343075	0.22006960390345956	0.21370371278228328	0.20767895990927782	0.2019645398721937	0.19653379854647213	0.19136348027896594	0.18643314555141127	0.1817247133441524	0.1772220964820057	0.1729109074910063	0.16877821873019389	0.16481236486154702	0.16100277874406033	0.15733985400141806	0.1538148290815246	0.1504196888181923	0.1471470802763769	0.14399024048213466	0.14094293397451318	0.137999398604772
0.6426877173170197	0.3333333333333333	0.31609231987410913	0.3015013517570145	0.2886621350853328	0.27713371904952155	0.266647409422776	0.2570205733973882	0.24812050512215172	0.23984630447763444	0.2321186829609364	0.2248737484352772	0.2180589825815425	0.21163051444682104	0.20555120312527667	0.1997892482423521	0.194317157366707	0.18911096219203072	0.1841496126105379	0.17941450083437765	0.17488908243337156	0.17055857082791936	0.16640968829407105	0.16243046102972425	0.15861004898817965	0.15493860343956453	0.151407146894184	0.1480074711358381	0.1447320501809981	0.1415739654993305	0.13852684145287603	0.13558478928238937
0.6516283940608427	0.3333333333333333	0.31565997553314995	0.3007460368279456	0.2876500369305493	0.27591103792140265	0.26524874403982324	0.2554729660943926	0.24644571599270917	0.23806221883256112	0.23024024216719102	0.22291359629955843	0.2160279313395355	0.20953789083399493	0.20340511168617584	0.1975967757396676	0.19208453418499108	0.18684369165292092	0.18185257589496254	0.1770920430592764	0.17254508396080148	0.1681965068559107	0.16403267904438507	0.16004131431421093	0.1562112965372626	0.15253253211303114	0.14899582557546678	0.1455927741001719	0.14231567743301315	0.13915746056894956	0.136111607023654	0.1331721009655032
0.660693448007596	0.3333333333333333	0.31521772929269953	0.2999751154820039	0.28661885504683227	0.27466718441255195	0.26382775357645344	0.25390254105921933	0.244748095420935	0.23625564196890653	0.2283399148430817	0.22093236097902946	0.21397674948328904	0.20742620064579012	0.20124109995482853	0.19538758861092126	0.18983644339083677	0.18456222753939527	0.1795426352358014	0.17475797740842924	0.17019077276917005	0.1658254185093858	0.16164792221819627	0.1576456814853092	0.15380730108867602	0.15012244015704823	0.1465816833949487	0.14317643192572233	0.13989881013858757	0.13674158576034048	0.13369810090938022	0.13076221233199983
0.6698846094165264	0.3333333333333333	0.31476539500787	0.2991883594771094	0.2855683799062836	0.2734019974167817	0.26238434022747165	0.25230927070586406	0.24302768839250655	0.23442669108336045	0.22641788839522883	0.21893029711308626	0.21190575534009154	0.20529582205209443	0.1990596019716441	0.1931621727821865	0.1875734188730327	0.18226714789023518	0.1772204091497356	0.17241295936307555	0.1678268379593462	0.16344602533615468	0.159256164809627	0.15524433414787445	0.15139885619451643	0.1477091405675902	0.1441655504312457	0.14075928956200712	0.13748230604410577	0.13432720967324815	0.1312872007431209	0.12835600834482558
0.6792036326171845	0.3333333333333333	0.31430278478722595	0.29838554111706583	0.28449840575056373	0.27211532284132933	0.26091841614466416	0.25069313994090675	0.24128455448903122	0.23257549965581018	0.22447436782141117	0.21690767789150572	0.2098152864377696	0.20314715280038947	0.19686107149192128	0.19092103382230668	0.18529601390892475	0.17995904972090654	0.17488653458235276	0.17005766216899654	0.16545398563291483	0.16105906303661988	0.15685816904638758	0.15283805817495422	0.14898676864050944	0.1452934585038348	0.1417482678292897	0.13834220190412388	0.13506703170332618	0.13191520856474048	0.12887979065832558	0.12595437930784303
0.688652296344276	0.33333333333333326	0.31382970905821794	0.2975664334475272	0.2834087308912211	0.2708070139732778	0.259429903834135	0.2490541465592209	0.2395187682662087	0.23070221779178748	0.22250957599823062	0.2148647952806681	0.20770569966275243	0.20098061030125472	0.19464598199622352	0.18866469687703535	0.18300480102236782	0.17763854880627386	0.1725416666172822	0.1676927764742752	0.16307293846117876	0.15866528296694477	0.1544547118264511	0.15042765306340464	0.14657185776650267	0.1428762305607268	0.13933068702380824	0.13592603297059222	0.13265386161299236	0.12950646544593794	0.12647676034995142	0.1235582198945432
0.6982324040771714	0.3333333333333333	0.3133459766372644	0.29673081045940874	0.2822991580174614	0.2694769318513549	0.25791873655569714	0.24739230164647433	0.2377304196257332	0.22880701255056857	0.2205237539540618	0.21280196023120004	0.20557737139604926	0.1987966316886629	0.1924148266728372	0.18639370657296253	0.18070037180957038	0.17530627942970706	0.1701864781505933	0.16531900993153897	0.16068443521818937	0.15626545160610128	0.15204658413806063	0.14801393129653123	0.1441549547565872	0.14045830400738712	0.1369136689296748	0.13351165504926152	0.13024367731785866	0.12710186914964275	0.12407900410809393	0.12116842815097731
0.7079457843841379	0.3333333333333333	0.31285139480447755	0.29587844729979773	0.2811694945112242	0.26812494564276024	0.2563848587241331	0.2457076299702027	0.2359196141799418	0.22689006826254648	0.21851716112623387	0.21071950286596766	0.20343069762607816	0.19659567385405533	0.19016811837137182	0.18410862689037855	0.1783833367320971	0.17296289409796886	0.16782165952998107	0.16293708676435564	0.15828923027763014	0.15386034998324638	0.1496345904047404	0.14559771764997784	0.14173690189468968	0.1380405359919808	0.13449808309989314	0.13109994781219877	0.12783736648619123	0.12470231337007066	0.1216874198254616	0.11878590447437298
0.7177942912713617	0.3333333333333333	0.31234576938326597	0.29500912049041045	0.2800195527694177	0.2667509330246389	0.25482822630945545	0.2440001703717182	0.2340864736091678	0.22495158683403343	0.21649007560138692	0.20861777264735115	0.20126609403730739	0.1943782134532106	0.1879063895265958	0.18181004100427367	0.176054324876345	0.17060906322133565	0.16544791815833815	0.16054774729753465	0.15588809307346335	0.15145077308693838	0.14721954783422198	0.14317984846700216	0.13931855178619393	0.1356237927137623	0.13208480685209295	0.1286917974005834	0.1254358219569169	0.1223086956759962	0.11930290798014001	0.11641155056899667
0.727779804536824	0.3333333333333333	0.31182890482489667	0.294122608153627	0.2788491505331352	0.26535478056979045	0.2532488072411282	0.24226997615286375	0.2322311360080006	0.22299178803845843	0.21444279433793137	0.2064971385227279	0.19908399607366903	0.1921447468849339	0.18563019205163006	0.17949855109270688	0.17371398367886054	0.16824547475846047	0.16306597806137496	0.15815174745115673	0.15348180752105728	0.14903752920218527	0.1448022857121907	0.1407611708993349	0.13690076654625258	0.13320894856312016	0.1296747243645132	0.1262880954807391	0.12303994075969468	0.11992191649872805	0.11692637058960582	0.11404626838101158
0.737904230129101	0.3333333333333333	0.31130060429815554	0.2932186902461302	0.27765811122365935	0.26393638413617837	0.2516465818082926	0.24051711545763788	0.2303537562241985	0.22101090979292096	0.2123756333695356	0.204357989047102	0.19688485897573052	0.18989579024063008	0.18334009719966254	0.17717477811183302	0.1713629786169248	0.16587283382556067	0.16067657941903302	0.15574985819824502	0.15107117141872042	0.1466214392484334	0.1423836446651559	0.13834254211422672	0.13448441695555846	0.1307968852305527	0.12726872574256556	0.12388973827254582	0.12065062310930098	0.1175428780964422	0.11455871017675391	0.11169095901393394
0.7481695005111544	0.3333333333333333	0.310760669784225	0.2922971488001496	0.27644626428503166	0.2624956492597694	0.25002154306064744	0.23874167164781718	0.22845450618505186	0.2190092084190408	0.21028892798856194	0.2022007324818184	0.19466915779062055	0.18763187922384575	0.18103669539338607	0.17483936153692428	0.16900199286389406	0.16349186226957768	0.15828047806050918	0.15334286498305316	0.14865699577974523	0.14420333606385438	0.13996447588898925	0.1359248284683827	0.1320703815844472	0.12838849078561426	0.12486770605717457	0.12149762555158024	0.11826877137581918	0.11517248349648541	0.1122008286324275	0.10934652162679509
0.7585775750291838	0.3333333333333333	0.3102089021769029	0.29135776817230913	0.27521344553294375	0.2610324915502026	0.24837369720718594	0.23694374367168852	0.22653357521214382	0.21698695888703215	0.2081830329083683	0.20002579686831412	0.19243738735373075	0.18535356903890277	0.17872059602140536	0.1724929590687774	0.16663172690884698	0.1611032982050325	0.15587844492279276	0.15093156711833125	0.14624010416249128	0.14178406365846463	0.1375456403437628	0.13350890464959636	0.12965954588631393	0.12598465872697723	0.12247256435619813	0.11911265962644105	0.11589528903221924	0.11281163541747537	0.10985362617168822	0.10701385231685256
0.7691304402866096	0.3333333333333333	0.3096451013882773	0.29040033530005216	0.2739594975096772	0.25954683708876203	0.24670306401236985	0.23512344642496566	0.22459117032310694	0.21494445504192472	0.20605832240339655	0.197833630075871	0.1901900622412407	0.1830614342477827	0.17639242720091222	0.170136246304961	0.16425289814016386	0.15870789551438136	0.1534712654727053	0.14851677711570876	0.14382133194816166	0.13936447643294936	0.13512800791562746	0.13109565278700086	0.12725280126143512	0.12358628700486868	0.12008420265034689	0.1167357442928108	0.11353107958112048	0.11046123517281581	0.10751800019050323	0.10469384298880269
0.7798301105232587	0.3333333333333333	0.30906906645997456	0.289424639965609	0.2726842698447982	0.2580386228280897	0.24500967718896316	0.23328091110318208	0.22262751651933402	0.21288200981084276	0.2039151904259729	0.19562469982235267	0.18792771669254282	0.18075606859446516	0.1740528355059774	0.16776991637541988	0.1618662403927325	0.15630642331175407	0.15105973908987225	0.14609932001119968	0.14140152558708063	0.13694543836384876	0.13271245654657576	0.12868596153096423	0.12485104409239617	0.12119427701724728	0.11770352487510906	0.11436778376600698	0.11117704546233532	0.10812218155787198	0.1051948441418786	0.10238738021309508
0.7906786279998251	0.3333333333333333	0.3084805956800876	0.28843047506744923	0.27138761962128105	0.2565077969930491	0.24329358478670782	0.23141628554331475	0.2206428570585797	0.21079995539025356	0.20175405069875343	0.19339949366692893	0.18565090450167787	0.1784380847959663	0.17170248566086946	0.1653946795420218	0.1594725034585573	0.15389966537004968	0.14864467842687057	0.14368003263974827	0.1389815418106553	0.1345278221558745	0.13029987133304707	0.1262807251037657	0.12245517475243539	0.11880953257564236	0.11533143583039242	0.11200968159359759	0.10883408693781807	0.10579536972246961	0.10288504639497927	0.10009534407501955
0.8016780633876791	0.33333333333333326	0.3078794867058895	0.2874176368991448	0.2700694117467085	0.254954319482111	0.2415548495759982	0.22952973455650255	0.21863745371137483	0.20869864341208727	0.19957533678175687	0.19115851897381247	0.18336019887692762	0.17610811429937534	0.16934206019786713	0.1630112627617024	0.15707245256062408	0.15148841950901376	0.14622690870623123	0.14125976287788156	0.1365622468096942	0.13211250836222674	0.1278911435944355	0.12388084232229947	0.1200660965881235	0.1164329588810948	0.11296884009942494	0.10966233955021487	0.10650310099475396	0.1034816900313318	0.10058948908448503	0.0978186070173179
0.8128305161640993	0.3333333333333333	0.30726553669243123	0.28638592543555447	0.2687295193291695	0.25337816226861204	0.23979354942568737	0.22762144024748465	0.21661158700017238	0.20657844508764192	0.19737950211294622	0.18890230284606804	0.18105619226775696	0.1737668070042428	0.16697225907910435	0.16062040921294593	0.15466686778996708	0.14907349695916614	0.14380726700923607	0.1388393688519576	0.13414451537987135	0.12970038447389953	0.12548716991268014	0.1214872155941641	0.11768471487789445	0.11406546139536278	0.11061664094900225	0.10732665651638934	0.10418498015210445	0.10118202691412839	0.09830904695291165	0.09555803267857067
0.8241381150130023	0.3333333333333333	0.3066385424271194	0.2853351446262164	0.26736782405744414	0.2517793098011937	0.2380097776741173	0.22569160232189162	0.21456555642012476	0.20443975132818085	0.19516702002133415	0.1866313920285781	0.17873949615833923	0.17141483094973056	0.16459379928205276	0.15822287778541283	0.15225654350596446	0.14665572166479837	0.14138660151578744	0.1364197181126905	0.1317292300352253	0.12729234397906625	0.12308885114422052	0.11910074988859054	0.11531193576814859	0.11170794480333163	0.10827573921287098	0.10500352734337234	0.10188061136770883	0.09889725770782533	0.09604458618813502	0.09331447472986396
0.835603018231248	0.3333333333333333	0.30599830047035825	0.28426510269581545	0.26598421658503757	0.250157759402705	0.23620364349245163	0.22374043837961344	0.21249968064039274	0.20228297284114655	0.1929383837116127	0.18434635277929345	0.1764107408269532	0.16905287196599864	0.16220741434832184	0.15581944253261557	0.149842287697863	0.14423592957600823	0.13896577071246655	0.13400168677674543	0.12931728009069854	0.12488928539375155	0.12069709140571633	0.11672235168386497	0.11294866518846658	0.10936131186891407	0.10594703216019032	0.10269384170653315	0.09959087485316694	0.09662825149356843	0.0937969632586176	0.09108877571228653
0.8472274141405964	0.3333333333333333	0.3053446073023358	0.2831756124515728	0.2645785969175911	0.24851352166681695	0.23437527223935312	0.22176818419326608	0.21041429768488143	0.20010854020091898	0.1906941062193326	0.18204777070793232	0.1740705750705908	0.16668163328937013	0.15981385389553798	0.1534108920876293	0.14742492132061624	0.1418149678929049	0.13654564256670043	0.13158615863630674	0.12690956071483267	0.12249211126510814	0.1183127970350234	0.11435292789273989	0.11059580774805017	0.10702646234159852	0.10363141235160091	0.10039848294902914	0.09731664291598148	0.09437586793058533	0.09156702374887761	0.08888176587786686
0.8590135215053957	0.3333333333333333	0.30467725947602803	0.2820664915973808	0.26315087480317373	0.24684662085156756	0.23252480580622814	0.21977509397067507	0.208309765091295	0.19791690389306452	0.18843472033568665	0.1797362505813399	0.17171966589417742	0.1643018351408873	0.15741388309214172	0.15099802904191487	0.14500527757294743	0.13939369427747436	0.13412709366782427	0.12917402423762991	0.12450697195384437	0.12010172714871106	0.11593687552912876	0.11199338476787163	0.10825426561517104	0.10470429176062414	0.10132976648459927	0.09811832691849587	0.0950587787923366	0.09214095608963171	0.08935560119780017	0.08669426203660777
0.8709635899560807	0.33333333333333326	0.3039960537764817	0.28093756305448514	0.2617009701249173	0.24515709526902396	0.23065240295087375	0.21776144060027716	0.2061864600474097	0.19570853433104096	0.1861607785009875	0.17741241609476788	0.16935869816386764	0.16191421426794944	0.1550082820950346	0.1485816692855847	0.14258420116152115	0.13697297603128614	0.13171100833594288	0.1267661799297075	0.12211041772842499	0.11771904056149247	0.11357023446056182	0.10964462678349086	0.1059249373815968	0.10239569035852342	0.09904297423091853	0.09585424079902351	0.09281813547861514	0.08992435328857867	0.08716351594245161	0.08452706641233143
0.8830799004185628	0.3333333333333333	0.30330078738643307	0.27978865528848834	0.2602288132954377	0.2434449976702167	0.2287582396212803	0.21572751587833366	0.20404477950346395	0.1934839218443407	0.18387285266596753	0.17507690960838798	0.16698837422394677	0.15951952344879852	0.1525978454500907	0.14616264132055673	0.14016254751902682	0.1345536892398131	0.12929827769959837	0.1243635268842815	0.11972080480469713	0.11534495991176788	0.11121378037438448	0.10730755553397393	0.10360871691452063	0.10010154187216987	0.09677190706815683	0.09360708194093649	0.09059555456423027	0.0877268839327859	0.08499157397009591	0.08238096551007434
0.8953647655495938	0.3333333333333333	0.30259125805830506	0.2786196026424298	0.25873434565244285	0.24171039562447694	0.22684250926501928	0.2136736307168428	0.20188514025958043	0.19124357663708835	0.18157153412007127	0.17273039184841266	0.16460941347694352	0.15711853095971023	0.15018338145564952	0.14374178551883013	0.1377411819899179	0.13213671788425224	0.12688979874337364	0.12196697008306887	0.11733904174097932	0.1129803934083699	0.10886841766752428	0.10498306853551433	0.10130649219772095	0.09782272238025737	0.09451742710815632	0.09137769669094599	0.08839186506841543	0.08554935836296579	0.08284056578116374	0.08025672899781389
0.9078205301781858	0.3333333333333333	0.3018672642926173	0.2774302456756648	0.2572175198549027	0.23995337189226854	0.22490542312564865	0.2116001153310304	0.19970797902714124	0.1889880287161301	0.17925743328595728	0.17037354157225507	0.1622225519266311	0.1547120200048266	0.1477657114876043	0.14131995336409697	0.13532097898236456	0.12972295292183936	0.12448647332666574	0.11957741731208235	0.11496603781182325	0.11062624795056472	0.10653504745241263	0.1026720581263636	0.09901914416465486	0.09556009913077636	0.09228038592467194	0.08916691922529714	0.08620788228366184	0.08339257171327516	0.08071126526594613	0.07815510860531856
0.9204495717531713	0.3333333333333333	0.30112860552283227	0.27622043150824604	0.25567830027912075	0.23817402479059135	0.22294721052411565	0.20950731940530254	0.1975137524630573	0.18671782778769452	0.1769311794794797	0.16800705519723325	0.15982854168367885	0.15230078810866732	0.14534566929602552	0.13889800664887064	0.13290282108727713	0.1273132913357717	0.1220892071749711	0.11719577804940173	0.1126027019113774	0.10828342800082248	0.10421456640742802	0.10037541027452124	0.09674754552575113	0.09331452936656688	0.09006162338294488	0.08697557038859768	0.08404440662854382	0.08125730278241655	0.07860442859781716	0.07607683704293608
0.933254300796991	0.3333333333333333	0.3003750823066489	0.2749900141704772	0.2541166634140163	0.23637246854999197	0.22096811912420833	0.20739561223654174	0.1953029371758937	0.18443354312173793	0.17459342063447303	0.16563164639238925	0.15742815043379849	0.1498856464714464	0.14292410024952076	0.13647681663920616	0.1304875981653667	0.12490863515596397	0.11969890884522728	0.11482296244005469	0.11024994143779229	0.10595283444234511	0.10190786561588423	0.09809400341135988	0.09449255959241529	0.09108685915153587	0.08786196647384659	0.08480445654105653	0.08190222251270572	0.07914431292054926	0.07652079314579982	0.07402262694313186
0.9462371613657931	0.3333333333333333	0.29960649652373994	0.27373885495728534	0.2525325982548956	0.23454883366220583	0.21896841518094415	0.20526538285363385	0.1930760297028341	0.18213576338313256	0.1722448229917269	0.1632480456330735	0.15502216086831916	0.1474674192874214	0.14050186056027747	0.13405726320592506	0.12807620640332523	0.12250989045196142	0.11731648866659423	0.11245988016789878	0.1079086611605993	0.10363536342390081	0.09961582939624598	0.09582870725490922	0.09225503910030874	0.08887792220018977	0.08568222815531501	0.0826543684169037	0.07978209721681528	0.07705434493483171	0.07446107640929682	0.0719931698275858
0.9594006315159331	0.3333333333333333	0.29882265157992094	0.2724668227870289	0.2509261066949542	0.23270326721741721	0.21694838377077902	0.20311704011212411	0.19083354645649864	0.1798250964289031	0.16988607075160023	0.16085699971802359	0.15261137007721748	0.1450469430252959	0.13807981646604123	0.13164023392326887	0.12566954734032348	0.12011796629955018	0.1149428576586248	0.11010743934153938	0.10557976207349136	0.10133190519373186	0.09733933412583942	0.0935803816308648	0.09003582503453181	0.0866885387131901	0.08352320620384797	0.08052607999679602	0.07768477979030829	0.07498812201642513	0.07242597497780578	0.06998913510264163
0.9727472237769651	0.3333333333333333	0.2980233526177167	0.27117379456432544	0.24929720391372548	0.2308359332302436	0.21490832900251006	0.20095101276290828	0.18857602364065845	0.17750216907076757	0.16751786568979468	0.15845927124874956	0.15019658890472504	0.14262506567904967	0.13565884337952572	0.12922662313601335	0.12326852686612527	0.1177337737224305	0.11257892642843538	0.1077665453577995	0.10326414023424896	0.0990433429252548	0.09507924706056743	0.0913498752939203	0.08783574545939646	0.08451951422168538	0.0813856820788535	0.07842034739703571	0.07561099996976085	0.07294634669178626	0.07041616351842298	0.06801116908587528
0.9862794856312105	0.3333333333333333	0.29720840673328724	0.26985965554646374	0.2476459187616599	0.2289470129526055	0.21284857420774506	0.19876774949388804	0.18630401713393535	0.17516762680229972	0.1651409267358831	0.1560556380711321	0.14777864126773874	0.1402026459697322	0.1332398250044893	0.12681733099620252	0.12087405419233073	0.115358224610902	0.11022560404888761	0.10543809975067495	0.10096268559443428	0.09677055153685082	0.0928364251531964	0.08913802475208885	0.08565561435553216	0.0823716384432157	0.07927041980268736	0.07633790777844507	0.07356146712072872	0.07092969980106872	0.06843229379391877	0.0660598940665157
1.	0.3333333333333333	0.2963776231996468	0.26852429971292013	0.24597229413998492	0.22703670517435787	0.21076946210980424	0.19656771894353198	0.18401810234060195	0.17282213349008413	0.16275598951426257	0.15364689267922277	0.14535836343735684	0.13778055252572385	0.13082365241944716	0.12441326246533897	0.11848704079809028	0.11299223061915703	0.10788379691964835	0.10312299902753726	0.09867628082110028	0.09451439650828665	0.09061171387284402	0.08694565309673166	0.08349623046710702	0.08024568415201533	0.07717816485922271	0.07427947827774492	0.07153686920588385	0.06893883950642841	0.06647499371413268	0.0641359074024032
1.0139113857366795	0.3333333333333333	0.29553081369610423	0.2671676301374838	0.24427638737496926	0.22510522650803527	0.20867135496992953	0.19435140968531373	0.18171887400766118	0.17046637102830842	0.16036380584729026	0.15123384158134354	0.14293660328397717	0.1353596630220032	0.12841122313010953	0.12201532632139103	0.11610839935221445	0.11063670204318957	0.10555440761358423	0.10082213349522384	0.09640580011300255	0.09227573269636109	0.08840594602836602	0.08477356884106753	0.08135837616198814	0.07814240606656478	0.07510964311381185	0.07224575496428207	0.06953787178226359	0.06697440033300252	0.06454486642339423	0.062239780650574235
1.0280162981264735	0.3333333333333333	0.2946677925438276	0.2657895593624541	0.24255827058568685	0.22315281165850015	0.20655463470967705	0.1921193301820237	0.17940694600741863	0.16810103895630213	0.1579651432204427	0.1488173046286732	0.14051421948548898	0.1329408632874159	0.12600344008634412	0.11962443405825501	0.11373904261325649	0.10829254668118678	0.10323833371027215	0.09853638607828231	0.0941521080138574	0.09005540315243783	0.08621994059838961	0.08262256476997387	0.07924281630769031	0.07606253975725576	0.07306555975749503	0.0702374118249367	0.06756511703041819	0.06503699224528695	0.06264248942108927	0.060372058767288586
1.0423174293933042	0.3333333333333333	0.29378837694742466	0.2643900097743479	0.24081803104434713	0.2211797136756381	0.20441970300837964	0.18987200870898624	0.1770829510848293	0.16572685403861037	0.15556078420943445	0.1463981143066193	0.13809208070534962	0.130525046379595	0.12360121070281799	0.11724149886899254	0.11137988230955084	0.10596066867884221	0.10093646661926589	0.0962666311318734	0.09191605822526396	0.08785423794458698	0.08405450157079349	0.0804934168039258	0.07715029716598254	0.07400680057703875	0.07104659827830606	0.0682550997800163	0.06561922281820608	0.06312719975606704	0.06076841375114786	0.05853325929684865
1.0568175092136585	0.3333333333333333	0.29289238724240496	0.26296891398052036	0.23905577152823154	0.2191862041890959	0.20226698137457944	0.18760999324524819	0.1747475405689494	0.16334454980726756	0.15315152586932299	0.14397711498937557	0.13567106472579363	0.12811311162326378	0.12120544577130835	0.11486743452494681	0.10903182800106415	0.10364196736138627	0.0986496903953997	0.09401373325189552	0.08969849242197571	0.08567305298711081	0.0819104167944698	0.07838688287994429	0.07508154530903106	0.07197588261791728	0.06905341946250175	0.06629944573290986	0.06370078180193715	0.0612455811036386	0.05892316317998598	0.05672387166246298
1.0715193052376064	0.3333333333333333	0.2919796471483789	0.261526215186077	0.237271610662253	0.21717257362393583	0.20009691119034811	0.18533385133185012	0.17240138404789856	0.16095487606602296	0.15073817908573245	0.14155516215818117	0.13325205755797942	0.1257059636454797	0.11881705845526304	0.11250315426094068	0.10669578592546759	0.10133733605496345	0.09637888054864421	0.09177854608496874	0.08750023907226785	0.08351264888027683	0.07978845684623746	0.07630370185244073	0.07303726655996025	0.06997045769613897	0.06708666042851451	0.06437105165623098	0.061810360562000344	0.05939266741704351	0.057107233475973546	0.05494435648384669
1.0864256236170655	0.3333333333333333	0.2910499840278189	0.26006186757041594	0.23546568325112993	0.21513913139606772	0.19790995372742964	0.18304416989633354	0.1700451690067984	0.1585585983563554	0.1483215678884242	0.1391331215839034	0.13083595251424074	0.12330451133372394	0.11643696317933222	0.11014956966833003	0.10437265783022742	0.09904766089963958	0.09412490285108802	0.0895619111409804	0.08532211226619581	0.08137380976311501	0.07768937391579528	0.07424459241684792	0.07101814496069818	0.06799117436890588	0.0651469336963844	0.062470493711626836	0.05994849880858574	0.057568961982204875	0.05532109171529204	0.053195144923781225
1.101539309541415	0.3333333333333333	0.29010322915019665	0.25857583666271744	0.2336381406001467	0.21308620608632914	0.1957065901341736	0.180741555042695	0.16767960042823496	0.15615649738521237	0.14590252872755746	0.13671186847469072	0.1284236492445972	0.12090966679391518	0.11406607452900072	0.10780758949018951	0.10206333979332116	0.09677381965655907	0.09188861214369777	0.08736465661095956	0.08316491055459244	0.07925730218217088	0.07561390071162022	0.07221025205893096	0.06902484176996124	0.06603865698539584	0.0632348262953803	0.06059832143883113	0.05811570857738914	0.0557749395340133	0.05356517561644694	0.05147663814323716
1.1168632477805611	0.33333333333333326	0.2891392179612828	0.2570680997156593	0.23178915082345	0.21101414559207704	0.19348732139224672	0.17842663180604623	0.16530540035486568	0.15374936841449915	0.14348190971308422	0.13429228658885367	0.12601605276984312	0.11852234430953609	0.111705306124479	0.10547811850958162	0.09976872103485537	0.09451668051182871	0.08967085114557147	0.08518759619309481	0.08102941580167902	0.07716387397911953	0.07356274939071342	0.07020135603264943	0.06705799449419395	0.06411350477483352	0.061350898906973185	0.058755056934061606	0.056312473533349734	0.054011045576666555	0.05183989298290605	0.049789206756230886
1.132400363235557	0.33333333333333326	0.2881577903573741	0.2555386460766137	0.22991889913881697	0.20892331725516933	0.1912526682421536	0.1761000438713064	0.16292330741387917	0.15133802061245052	0.1410605698178436	0.13187526731287538	0.1236140724375265	0.11614345922866429	0.1093555694761528	0.10316205634431114	0.09748968272209638	0.0922771008797846	0.08747244926846537	0.08303152792975808	0.07891639205420002	0.07509425320016025	0.07153661051509494	0.06821855636942419	0.06511821595424541	0.06221629096883423	0.05949568507860854	0.05694119413011811	0.05453924826908886	0.05227769581160877	0.05014562114529997	0.04813319036930383
1.1481536214968828	0.3333333333333333	0.28715879096419644	0.25398747755554707	0.22802758814786234	0.2068141079652192	0.18900317107663012	0.1737624532553163	0.16053407630310212	0.1489232763671191	0.138639378045032	0.1294617087268372	0.12121862087751925	0.113773926850479	0.1070177728240031	0.10086029626392352	0.09522709677048642	0.09005592620836728	0.0852942214394265	0.0808972330584333	0.07682658443000653	0.07304914703011149	0.06953615203792848	0.06626248092162557	0.06320609339050948	0.060347561993428035	0.057669690428577364	0.05515719810357002	0.052796457715826535	0.05057527556478187	0.048482706487940064	0.04650889717404724
1.1641260294104914	0.3333333333333333	0.2861420694201994	0.25241460878881683	0.22611543810027906	0.2046869242370215	0.18673938980101973	0.17141453995183287	0.1581384772386395	0.14650597056232373	0.13621921256084302	0.12705251459311645	0.11883061295835526	0.11141466131834979	0.10469281996285164	0.09857372399360122	0.09298182464329724	0.08785398878939217	0.08313696693440686	0.0787854748794719	0.07476071802902104	0.07102924075411338	0.067562018322128	0.06433373244305213	0.06132218760374537	0.05850783665131465	0.0558733919594456	0.05340350441133033	0.051084496553268424	0.04890413929780688	0.04685146402817945	0.04491660359971046
1.1803206356517297	0.3333333333333333	0.28510748066394465	0.25082006759803466	0.22418268714179806	0.20254219226106795	0.18446190365979087	0.16905700153894154	0.15573729536403513	0.14408694981651418	0.13380095979319545	0.12464859337055406	0.11645096467156663	0.10906657441481873	0.10238160905605082	0.09630321651292109	0.09075471615264716	0.08567210657655812	0.08100146822577507	0.07669699764362092	0.07271949686951938	0.06903519674982893	0.06561482919426345	0.06243288770911652	0.05946703216685549	0.05669760540612643	0.05410723736729509	0.051680518535535416	0.049403728702950636	0.04726461017173997	0.04525217705568719	0.043356554027230244
1.1967405313072434	0.3333333333333333	0.2840548852252581	0.24920389534313275	0.22222959154368963	0.20038035792609082	0.18217131102840445	0.16669055274850025	0.1533313301210335	0.14166707168512002	0.13138551349758437	0.1222508571482383	0.11408059201521821	0.10673057444759224	0.10008503143993547	0.09404964085210898	0.08854660826466944	0.08351108201408325	0.0788884898466641	0.07463252546227163	0.07070360285264776	0.0670676535130003	0.06369517903652912	0.06056049667395637	0.05764113262840592	0.054917329694494185	0.05237164446392392	0.04998861532897381	0.04775448687380579	0.045656979670503285	0.043685096833009834	0.04182896056584186
1.2133888504649772	0.3333333333333333	0.2829841495197992	0.24756614726875106	0.22025642591349587	0.1982018868125997	0.17986822916980244	0.1643159249973178	0.15092139458213705	0.13924720382707356	0.128973773785463	0.11986022061125903	0.11172040988371368	0.10440756504177845	0.09780397042158123	0.09181385288850753	0.08635832391168066	0.08137170087889521	0.0767987772751171	0.07259276124337834	0.06871369475807665	0.06512722471917753	0.06180363591947989	0.05871708169960672	0.055844965824711296	0.053167441268234035	0.050667000599106456	0.048328138545225566	0.04613707216709416	0.044081507285414476	0.04215044235862448	0.040334002893254034
1.2302687708123816	0.3333333333333333	0.281895146146669	0.24590689284303296	0.2182634833855533	0.1960072641564099	0.17755329395484756	0.16193386587985428	0.14850831474525436	0.13682822313631238	0.1265666461562961	0.11747759992877793	0.10937133085986009	0.10209844395302273	0.0955393000724796	0.08959669614603939	0.08419067081424433	0.07925473113933192	0.07473305584099668	0.07057838565598243	0.06675040727365558	0.06321449832438228	0.05994074077276171	0.05690313677828203	0.054078979188417	0.0514483416451203	0.048993662166931636	0.04669940042228106	0.044551753742177076	0.0425384202620666	0.04064840019350681	0.03887182816018211
1.247383514242943	0.3333333333333333	0.28078775418866025	0.24422621608789974	0.21625107579024277	0.19379699478119428	0.17522715954611595	0.15954513862233036	0.14609292879085267	0.13441101483919268	0.12416504041645754	0.1151039116405195	0.10703426409717115	0.09980410186657082	0.0932918840208214	0.08739900060051033	0.08204444031606843	0.0771609218333292	0.07269202965862463	0.06859005612625436	0.0648143500618919	0.06133003570201749	0.0581070066288291	0.055119126864150936	0.05234359017005538	0.04976040156112072	0.047351954165137655	0.04510268132666739	0.042998768544440416	0.041027913410631736	0.03917912435205133	0.037442550959839976
1.2647363474711513	0.3333333333333333	0.2796618595147242	0.2425242158998494	0.21421953380086037	0.19157160299913234	0.17289049804451356	0.15715052149822617	0.14367608630213885	0.1319964715588653	0.12176986968123965	0.11274007154868233	0.1047101141088252	0.09752542119017604	0.0910625742451522	0.08522158149364956	0.0799204062347044	0.07509100196908	0.07067638058810388	0.06662840586793084	0.06290610686601868	0.05947437085098701	0.05630291786098511	0.05336548720290804	0.050639185660383695	0.04810396050777131	0.045742169814527174	0.043538229459454444	0.04147832109649954	0.03955014898047622	0.03774273625798734	0.0360462533627926
1.2823305826560216	0.3333333333333333	0.27851735508420555	0.2408010063603068	0.21216920705700715	0.1893316324787742	0.17054399909826873	0.154750807205256	0.14125864744891442	0.1295854923477931	0.11938204926932508	0.11038699351196964	0.10239977957725102	0.09526327484350124	0.0888522098722313	0.08306523815882905	0.077819323731039	0.07304567945114906	0.06868676722825225	0.06469404294997981	0.06102623465835216	0.057648009596696345	0.05452892953166409	0.05164262277515495	0.04896612149703537	0.04647932632363845	0.04416457023990759	0.04200626062533734	0.03999058335363152	0.038105256599781694	0.03633932476573586	0.03468298501708125
1.3001695780332903	0.3333333333333333	0.27735414125237134	0.23905671703453704	0.2101004642634134	0.18707764607929	0.16818836947393337	0.1523468022040106	0.13884148213586994	0.1271789816897143	0.11700249560014062	0.1080455883284501	0.10010415214962762	0.09301852504674597	0.08666161598198305	0.08093075286144027	0.07574192820058309	0.07102564003501777	0.06672382394404314	0.06278754940426862	0.05917526282819936	0.05585142889521284	0.052785466739672146	0.049950907741776684	0.047324722024609564	0.04488677484685198	0.04261938421382849	0.04050695806581007	0.03853569462419046	0.03669333328067036	0.034968946247450026	0.033352763315613605
1.318256738556407	0.3333333333333333	0.276172126076737	0.2372914932581176	0.20801369326313027	0.18481022565032793	0.16582433258911472	0.14993932601857057	0.136425469116207	0.12477784847213894	0.11463212509516651	0.10571676252492465	0.09782411522720372	0.09079202211130166	0.08449160242248023	0.07881888965693164	0.07368893418956084	0.06903154631300815	0.06478815993140165	0.06090948037594241	0.0573536924440165	0.054085076167394844	0.05107292408190709	0.0482906849744855	0.045715279715256	0.04332654963006356	0.041106807964206606	0.03904047235725337	0.037113761555562716	0.03531444349012697	0.0336316247401169	0.03205557362459602
1.3365955165464423	0.3333333333333333	0.274971225623665	0.2355054964099506	0.20590930108403915	0.1825299717967639	0.16345262800674892	0.14752921049950457	0.1340114950716004	0.12238300493302902	0.112271852980635	0.10340141716600483	0.0955605427511092	0.08858460323530148	0.08234296263793836	0.07673039326952656	0.07166103433879609	0.06706403673450309	0.06288035832214656	0.059060363313803474	0.05556199551181285	0.05234936866532481	0.049391665118160524	0.04666226564071953	0.04413805485120334	0.04179886171900776	0.039627005046740105	0.037606921374564284	0.03572485818601683	0.033968619286613246	0.03232735219212848	0.030791369582579275
1.355189412351036	0.3333333333333333	0.2737513642746907	0.23369890417079156	0.2037877139576624	0.1802375036076953	0.16107401089082887	0.14511729904978926	0.13160045365964096	0.11999536557281407	0.10992259217691772	0.10110044664844334	0.09331429798741503	0.08639709130699098	0.08021647251273437	0.07466598799464831	0.06965889835837201	0.06512372466333607	0.06100097533180236	0.057240697235245455	0.053800614344732905	0.050644692948335276	0.047742021921802553	0.045065928849869735	0.04259327527050528	0.040303889495656754	0.038180106282820626	0.03620639032075343	0.03436902605692227	0.0326558605235843	0.03105608869018115	0.029560073459468643
1.3740419750125152	0.3333333333333333	0.2725124750320063	0.23187191076625713	0.20164937730928417	0.1779334583490949	0.15868925142359463	0.14270444581430153	0.12919324453002523	0.11761584607193705	0.10758525209361244	0.09881473748858474	0.09108623231426641	0.08423029371889049	0.0781128892344824	0.07262637662807274	0.06768317203600857	0.06321119747516385	0.05915053944761329	0.05545095198811675	0.0520699609334625	0.04897140436307511	0.046124294685616476	0.04350192136221452	0.04108113617709337	0.03884177858676646	0.03676620976344864	0.034838931822727945	0.03304627442498795	0.03137613511556595	0.029817762863816773	0.028361576580639584
1.3931568029453032	0.3333333333333333	0.2712544998225076	0.2300247271932767	0.19949475571842906	0.17561849111962308	0.1562991341843044	0.1402915148336609	0.12679077231088542	0.11524536213765374	0.10526073744267186	0.09654516710561357	0.08887718401398331	0.08208500119576179	0.0760329501792123	0.07061223942481337	0.06573447628205983	0.061327015697569966	0.057329550691163786	0.053691567623914346	0.05037041643193951	0.04732982661003241	0.04453875138968	0.041970457361762206	0.03960180001603623	0.03741264183841192	0.0353853809194524	0.03350456609314438	0.031756580455098105	0.030129379372909708	0.028612272268868564	0.02719573981308492
1.4125375446227544	0.3333333333333333	0.26997738979979036	0.22815758142894688	0.1973243328487822	0.17329327446916978	0.15390445748980955	0.13787937916332182	0.12439394556678252	0.11288482835711475	0.10294994703535768	0.0942926026033581	0.08668797707307538	0.07996198663941892	0.07397737182169663	0.06862423309071689	0.06381340621397827	0.059471712190286574	0.05553847987839853	0.05196295377248986	0.04870233064792982	0.04572025136587999	0.04298562753261423	0.04047171829401269	0.038155396414705806	0.03601655935690477	0.03403765265809988	0.03220328115898849	0.030499889591826104	0.028915498397784917	0.027439483867527606	0.026062394112593534
1.4321878992735435	0.3333333333333333	0.2686811056434578	0.22627071862075054	0.19513861134668534	0.1709584979797889	0.1515060326972729	0.13546891995894345	0.12200367573001053	0.11053515705836371	0.10065377257082117	0.0920578995534849	0.0845194199931707	0.07786200399344438	0.07194684867396328	0.06666298980970801	0.06192053028302819	0.05764579139979013	0.05377776799088808	0.05026548913219078	0.04706602162048857	0.04414293796847592	0.041465125927337664	0.03900585276945637	0.036742022190349964	0.03465357861627704	0.03272302556053036	0.03093503315386769	0.029276115910342404	0.027734366544425633	0.02629923456420096	0.024961341130467343
1.4521116175877422	0.3333333333333333	0.26736561785508484	0.22436440125711243	0.1929381127073877	0.16861486780877288	0.14910468346948413	0.1330610255291916	0.11962087600164419	0.1081972571090194	0.09837309741896212	0.08984190078298467	0.0823723046158917	0.07578578713087789	0.06994205225500666	0.06472911630957168	0.06005638944594975	0.05584972861152199	0.05204782554910668	0.04859952096554991	0.04546177525379414	0.04259811316579135	0.039977416562269615	0.037572976533424694	0.0353617414243592	0.0333237146322124	0.03144146817780987	0.029699746677694847	0.028085142564932664	0.026585827941097595	0.025191331801357165	0.023892353878075773
1.4723125024327188	0.3333333333333333	0.2660309070501583	0.22243890931726298	0.1907233771082868	0.16626310619371076	0.1467012450033441	0.13065659035725574	0.11724646026144253	0.10587203272760894	0.09610879540030393	0.08764543516891017	0.0802474049647446	0.07373404876794415	0.06796363009467972	0.06282319296909737	0.05822149637894743	0.054083969312999955	0.05034903210106438	0.04696536468213314	0.04388984501413201	0.0410859709298529	0.03852263652872994	0.03617317250270111	0.034014585603304115	0.03202695020278644	0.03019291731061173	0.028497315218584778	0.0269268222942688	0.025469697072564204	0.024115554213695635	0.02285517744734821
1.492794409578996	0.3333333333333333	0.2646769642453023	0.2204945403994059	0.18849496320845563	0.16390395091947232	0.14429656322221524	0.1282565140924934	0.11488134187756435	0.103560382278924	0.09386172956570399	0.08546931644337663	0.0781454761071041	0.07170747940687293	0.06601220477470299	0.06094577296933746	0.056416334767960805	0.05234892855922744	0.04868173571701298	0.0453633034781811	0.042350451691268845	0.03960667233659073	0.03710089001507608	0.034806490869088734	0.03270055382658122	0.030763236213724263	0.028977278462476108	0.027327601638479408	0.025800977987749323	0.024385759421430765	0.023071652338772827	0.02184952978510951
1.5135612484362082	0.3333333333333333	0.26330379114007546	0.21853160982620434	0.18625344791381476	0.16153815474716438	0.1418914939329565	0.12586170051374299	0.11252643260232964	0.10126319706117587	0.09163275097878776	0.08331434201187576	0.07606725303938464	0.06970674631083745	0.06408837300966932	0.059097381491642426	0.05464135860420237	0.050644990453137445	0.04704625257141407	0.0437935880397804	0.040843783225267744	0.03816034551228113	0.03571224836790858	0.03347294926991411	0.031419613080457556	0.02953249201053032	0.02779442627491778	0.02619043872034582	0.02470740331134096	0.023333772166541703	0.022059349382021618	0.02087510251897548
1.5346169827992944	0.3333333333333333	0.26191140039261107	0.21655045072654402	0.1839994261073771	0.1591664848052071	0.13948690194858676	0.12347305646597174	0.11018264137324897	0.0989813600876321	0.08942269750406007	0.08118129178798433	0.07401344959848491	0.06773249251400137	0.06219270477085482	0.05727851495984092	0.05289699156074114	0.04897250763245312	0.04544286658198097	0.04225643631078785	0.03936999459959592	0.03674708564706475	0.034356750220460516	0.032172533025260734	0.03017169857748148	0.028334605833542068	0.02664420505760684	0.025085629775565867	0.023645863391147177	0.02231346493640628	0.021078342033909923	0.01993156183234518
1.5559656316050745	0.3333333333333333	0.26049981588836396	0.21455141409280293	0.1817335103440705	0.15678972194279783	0.13708366017765228	0.12109149077205575	0.10785087313083903	0.09671574486550312	0.08723239260370148	0.0790709270475704	0.07198475740257791	0.06578533586961566	0.06032574245556386	0.05548964036021371	0.05118362645203703	0.04733180084372379	0.04387182911250401	0.04075203332653883	0.03792920780117293	0.03536695507580792	0.033034401688068045	0.030905195441245384	0.028956714161209707	0.02716943531660594	0.025526429374044937	0.024012949309803154	0.022616066234095858	0.02132454061543583	0.020128301336801956	0.019018549385854996
1.5776112696993487	0.3333333333333333	0.25906907300120485	0.21253486881246902	0.17945633050971638	0.1544086600461331	0.13468264868149687	0.11871791312160913	0.10553202761954344	0.09446721417492446	0.08506264414610161	0.07698398930560674	0.0699818448242915	0.06386586813904317	0.058488000104643306	0.053731194568766974	0.04950162470526612	0.04572315857355195	0.04233335874068475	0.03928053111417023	0.03652151184779537	0.034019983426357106	0.03174517663047089	0.0296708581793312	0.027774532774474343	0.02603680804742374	0.024440884686544886	0.022972143745429455	0.021617810113992955	0.020366676200590073	0.019208873598911682	0.018135683282497865
1.599558028614669	0.3333333333333333	0.25761921884610506	0.21050120167340436	0.177168533443833	0.1520241053178863	0.13228475370076664	0.11635323293875324	0.10322699817946225	0.09223661885095236	0.08291424322921842	0.07492119921870145	0.0680053559992858	0.06197465412451705	0.05667996266554223	0.052003583760935126	0.0478513159185065	0.0441468367437149	0.040827641092009384	0.03784204866018048	0.035146962883158064	0.03270616783501471	0.030489016979879924	0.02846941168964257	0.026624996990397626	0.02493652218809757	0.023387328058663188	0.02196293219839307	0.020650691229327042	0.019439523705852845	0.01831968135257287	0.017282559073458936
1.62181009735893	0.3333333333333333	0.2561503125226364	0.2084508173418287	0.17487078252601287	0.14963687552055008	0.12989086665260674	0.11399835823191232	0.10093667053155772	0.09002479657155128	0.08078796302187577	0.07288325551644093	0.06605590987318252	0.060112230848351135	0.05490208533424963	0.05030718290550743	0.04623299747604087	0.042603058471428465	0.039354828740489886	0.036436671945637406	0.033805584339473393	0.03142547322894397	0.029265833135583848	0.02730071570828261	0.025507919604543697	0.023868347154105397	0.02236548891303518	0.02098500730722149	0.019714397782376047	0.018542711111790972	0.017460324353896925	0.016458750801579877
1.6443717232149315	0.3333333333333333	0.2546624253485098	0.206384138312235	0.17256375722572273	0.14724779918438113	0.12750188310013896	0.11165419442554494	0.09866192155909083	0.08783257065460573	0.07868455762612575	0.07087083396461424	0.06413409928973712	0.058279106781222785	0.053154792906200454	0.04864233527214685	0.04464693422749153	0.04109201389580422	0.037915041176891054	0.03506445404922465	0.032497367167464396	0.0301778326741668	0.028075504421525347	0.02616459981662747	0.024423084286553712	0.022832024349732256	0.021375069842365136	0.020038036111665214	0.01880856432481346	0.017675843357291325	0.01663038062074552	0.015663812079234778
1.667247212551063	0.3333333333333333	0.25315564108237254	0.20430160482847418	0.1702481526154654	0.14485771478080436	0.12511870169593264	0.10932164317941263	0.09640361808812564	0.08566074886703107	0.07660476096380625	0.06888458636335172	0.062240490123069245	0.05647576111693521	0.05143847921059849	0.0470093520268635	0.043093358232082137	0.03961386007134916	0.03650836484484882	0.03372541531809741	0.03122227013340259	0.028963147790455116	0.026917879608201377	0.025060864061258743	0.023370246289381866	0.021827267957784755	0.0204157474711378	0.019121660978316635	0.0179328020581972	0.016838503370426312	0.015829407505815882	0.014897277197287334
1.6904409316432643	0.3333333333333333	0.2516300561350801	0.2022036747753009	0.16792467884734733	0.1424674698622609	0.12274222310130867	0.10700160119541621	0.09416261567000879	0.08351012224909193	0.07454928569041253	0.06692513958315789	0.0603756204566772	0.05470264312666734	0.04975350662985587	0.04540851188584975	0.04157246856912269	0.03816872092914465	0.035134853245062436	0.03241954360629107	0.029980220181684288	0.027781289228467874	0.025792777495904504	0.023989279632723046	0.022349133214044484	0.020853765781223096	0.019487173365437732	0.018235500570371332	0.017086699855900486	0.01603025313526295	0.015056942801517093	0.014158662261703987
1.7139573075084253	0.3333333333333333	0.25008577976866275	0.20009082353972724	0.16559406059319698	0.14007792016961118	0.12037334888343844	0.10469495901559225	0.09193975736879668	0.08138146395705731	0.07251882213938302	0.06499309464175788	0.05853999981186143	0.05296017152346452	0.04810020563411732	0.04384006083423411	0.0400844312156118	0.036756687306127286	0.033794527107521774	0.031146794580323187	0.028771112864533654	0.02663209721141615	0.02469998755816386	0.0229495896011335	0.021359445827599483	0.019911180134162022	0.018588974988093483	0.017379150858546057	0.01626982532195597	0.015250634791309699	0.014312505873220466	0.013447466354248
1.7378008287493754	0.3333333333333333	0.24852293428220754	0.1979635438415917	0.16325703644848788	0.1376899287083303	0.11801298039232885	0.10240259981378083	0.08973587255665802	0.07927552812733517	0.07051403729986469	0.06308902582459969	0.056734108423020374	0.05124873391070293	0.046478874404494136	0.04230421191092566	0.03862937899163915	0.03537781704267135	0.032487374631502544	0.029907092090412427	0.02759481283355282	0.02551538213759558	0.02363927064344499	0.02194150970642632	0.020400858931884404	0.01899914877951776	0.017720756696205618	0.016552186170024977	0.01548172588352826	0.014499171762187799	0.013595598817313901	0.01276317271383022
1.7619760464116292	0.3333333333333333	0.24694165518388572	0.19582234553281233	0.16091435830043044	0.13530436479485874	0.11566201761983166	0.10012539818373335	0.08755177572032176	0.07719304876522498	0.06853557383097705	0.061213479851766235	0.05495839659250254	0.04956868631615599	0.044889778515609165	0.040801145060514944	0.03720741157405334	0.03403213514844784	0.031213351787779363	0.028700328608969768	0.02645115439591689	0.024430925242769894	0.022610359733033554	0.020964729200890916	0.0194730222803607	0.01811728591041321	0.016882100777968846	0.015754160272175514	0.014721929913617142	0.013775369910027296	0.012905707640634555	0.012105249934588443
1.7864875748520508	0.3333333333333333	0.2453420913483636	0.19366775536486502	0.15856679066070944	0.13292210307460137	0.11332135804313362	0.09786421892650746	0.08538826528167887	0.07513473866141868	0.06658404911553686	0.059366975093951294	0.053213284056514376	0.04792035274231517	0.04333315068387373	0.039331007052989565	0.03581859557863948	0.032719634036306504	0.029972382712743995	0.02752636573086782	0.02533994213114956	0.023378479320360152	0.02161296075282898	0.020018911741407276	0.018575561540243035	0.01726518317230126	0.016072568525564476	0.014984607487658697	0.013989947880504332	0.01307871871194688	0.012242303457354303	0.01147315317728443
1.8113400926196026	0.3333333333333333	0.24372440515884586	0.191500316724097	0.15621510996346014	0.1305440225131882	0.1109918954549447	0.09561991584006355	0.08324612243566634	0.07310128833935106	0.06466005435613177	0.057550000840037564	0.05149915943507205	0.0463040248058205	0.041809190582568725	0.03789391147180368	0.034462964710822996	0.03144027382369623	0.028764360122081868	0.02638503473842241	0.0242609515675184	0.02235776949729113	0.020646753436582517	0.019103696328647612	0.017708079296932668	0.016442410722624926	0.01529170134077683	0.014243043837464083	0.0132852735203116	0.012408692455132557	0.011604843699898651	0.0108663253901359
1.8365383433483464	0.3333333333333333	0.2420887726330178	0.189320589334564	0.15386010382919202	0.12817100536273607	0.10867451878295811	0.09339333051404043	0.08112611000857634	0.07109336503646632	0.0627641537163477	0.05576301661371356	0.049816379767584774	0.0447199614368534	0.0403180647245938	0.03648993877061921	0.03314051998468689	0.03019398270108737	0.027589145815492926	0.02527613722687505	0.023213929915928765	0.021368494063147392	0.019711392237930093	0.018218698290333207	0.01687015609762633	0.015648518324704635	0.014539021869878904	0.01352896820824967	0.012607385029186017	0.011764751446542647	0.010992773340010456	0.010284198535414332
1.8620871366628675	0.3333333333333333	0.24043538353216978	0.18712914892815974	0.1515025702954905	0.12580393610497215	0.1063701109016936	0.09118529113273863	0.07902897133993442	0.06911161172241673	0.060896883509859	0.054006451571281505	0.048165270065496285	0.04316838864480108	0.03885990641353368	0.035119136398810105	0.03185123000985828	0.028980657365189087	0.026446571267843187	0.02419944578941043	0.022198596859109358	0.020410325350102496	0.01880650728839895	0.017363510305484005	0.016061351530838243	0.014883036472429362	0.013814035164247163	0.01284186354050814	0.01195574627114414	0.011146343233784571	0.010405526116278953	0.009726194818083594
1.8879913490962936	0.3333333333333333	0.23876444145280762	0.18492658688189006	0.14914331701544375	0.12344370037319487	0.10407954743800081	0.08899661128937926	0.07695542919107778	0.06715664615714481	0.05905875143997702	0.052280703913014016	0.0465461229540484	0.04164949935119864	0.037434815763467515	0.033781518995588525	0.030595031345585128	0.02780016351956179	0.02533643823756461	0.02315470475954074	0.021214645393684034	0.019482910660903137	0.017931705398403563	0.016537703466454976	0.015281205338450277	0.014145477542234637	0.013116229863025367	0.012181198033597304	0.011329807998110595	0.010552903833253184	0.009842525764395118	0.009191727907341497
1.9142559250210855	0.3333333333333333	0.2370761639000787	0.18271350982223147	0.1467831604248645	0.12109118385516429	0.10180369557494652	0.08682808881473886	0.07490618468354246	0.06522905999172678	0.05725023589213352	0.05058614037994984	0.04495919837433149	0.04016345329074468	0.03604285978772148	0.032477068652380765	0.029371828921310923	0.026652336434920185	0.02425851945927892	0.022141631008608102	0.020261742722536585	0.018585873242020153	0.017086571098096713	0.015740828375425068	0.014529238556798968	0.01343533696870679	0.012445079394306651	0.011546426364163486	0.010729009078234875	0.009983858961841417	0.009303187241006107	0.008680204180074107
1.940885877592778	0.3333333333333333	0.23537078234237077	0.18049053919660535	0.14442292487949637	0.1187472711791338	0.09954341285544693	0.08468050462327947	0.07288191627033186	0.06332941791476403	0.055471785281638826	0.04892309583753094	0.04340472335185289	0.03871037698096517	0.034684072556534176	0.031205735242844538	0.028181496521073258	0.02553698157379453	0.023212559388898733	0.021159914795959106	0.019339531194695544	0.017718813298919417	0.016270667714804087	0.014972416271889222	0.013804954683222456	0.01275209444029039	0.011800043190832294	0.010936990914036356	0.010152777728782515	0.009438625263098353	0.008786917970002674	0.00819102390095846
1.9678862897068448	0.3333333333333333	0.23364854224646783	0.17825831081209167	0.14206344176351351	0.11641284478527154	0.09729954598916293	0.08255462157989993	0.07088327874308828	0.06145825684700871	0.05372381745402131	0.04729187287838138	0.041882891832605476	0.03729036376087479	0.03335845542336921	0.029967436819684924	0.02702387733494336	0.024453875273919474	0.02219827500389661	0.020209220669156938	0.018447629289797894	0.016881309050258322	0.015483538483646319	0.014231980187609981	0.013107840864354608	0.012095215111107116	0.01118056791670467	0.010352323003878328	0.009600532749848817	0.008916611556485267	0.008293119026345596	0.007723582444582237
1.9952623149688795	0.3333333333333333	0.23190970309268805	0.17601747434160314	0.13970554857074227	0.11408878378501776	0.0950729296655224	0.08045118339043263	0.06891090227812993	0.0596160851867943	0.0520067191741891	0.04569274151511324	0.040393864587404425	0.03590347389875595	0.032065977319375535	0.028762060077428313	0.0258987845682544	0.023402765489546038	0.021215356656273304	0.019289188411418613	0.01758563264403397	0.016072917817680686	0.014724707687843092	0.013519016125350171	0.012437369102598926	0.011464150825376052	0.010586088701173967	0.00979184412881889	0.009071684749822558	0.008417220025219371	0.007821186362255744	0.007277271474463083
2.0230191786782714	0.33333333333333326	0.23015453836945646	0.17376869279783913	0.13735008796014925	0.11177596281068931	0.09286438537587577	0.07837091351899161	0.0669653915242382	0.05780338210871539	0.05032084560365444	0.044125938934579986	0.03893776918503622	0.03454973476894134	0.030806575115257924	0.027589460878190506	0.02480600211444845	0.02238337258822387	0.020263468975567644	0.018399434033297322	0.016753115114331505	0.015293177147762392	0.013993681825106076	0.012833004257780882	0.011792997476756582	0.010858341350489503	0.010016030375773163	0.009254967187009407	0.008565637391082619	0.00793984744696228	0.007370511991013719	0.006851480108302914
2.0511621788255656	0.3333333333333333	0.2283833355468151	0.17151264197543906	0.13499790678725776	0.10947525085805726	0.09067472024782872	0.07631451413525106	0.06504732473499347	0.05602059691786074	0.04866651993856214	0.04259166931955226	0.037514700034537656	0.03322914109724995	0.029580154049584993	0.02644946484386417	0.02374528528491167	0.02139539020058314	0.019342251819071843	0.017539550805474848	0.01594962987740641	0.014541605962555618	0.013289950796390957	0.012173410142707843	0.011174171373271424	0.01027721561500195	0.009469808711034219	0.008741097729374718	0.008081788571934386	0.007483886382974766	0.006940485157521427	0.006445596060809692
2.0796966871036955	0.3333333333333333	0.22659639602840564	0.16925000986185718	0.13264985511326213	0.10718751012450257	0.08850472589481387	0.07428266509469011	0.06315725294835559	0.05426814846175289	0.04704403303894597	0.04109010373860574	0.03612471849668955	0.03194165527448894	0.02838658822256304	0.02534186800468984	0.022716361595080548	0.020438486120455	0.018451321266249796	0.016709110329386476	0.015174710560191217	0.013817705735096313	0.012612989113416184	0.011539685950815524	0.010580324724129921	0.00972019294774391	0.008946831643771065	0.00824963514698522	0.007619531648454424	0.007048726354696968	0.00653049348695413	0.006059006760995356
2.1086281499332893	0.3333333333333333	0.2247940350815158	0.16698149601758452	0.13030678519372432	0.10491359484549487	0.0863551772839766	0.07227602295478762	0.061295699216073314	0.05254642459720062	0.04545364315316137	0.03962138010478906	0.03476785306457515	0.030687207737195996	0.027225721152181824	0.024266437510501143	0.021718904641964	0.01951230325249048	0.017590270654200102	0.015907663642272377	0.014427872398051158	0.013120961686109444	0.011962257120908659	0.010931271702218701	0.01001088124766634	0.00918668430905047	0.008446500523014655	0.00777997389908665	0.007178256612403747	0.006633754999074936	0.006139924108380072	0.005691100441001604
2.137962089502232	0.3333333333333333	0.2229765817448204	0.16470781092644696	0.12796955044883496	0.10265435013218911	0.08422683162544808	0.07029522003008129	0.059463157885378204	0.05085578174737635	0.04389557570436291	0.03818560320340952	0.033444099612815206	0.029465697414559726	0.026097366396028835	0.02322291239748577	0.02075266980575071	0.018616460604269327	0.01675867165086447	0.015134742353135097	0.0137086134171186	0.012450843998287369	0.011337202230007714	0.010347596507898876	0.009465255688486848	0.008676093541958425	0.007968211291597966	0.007331504698353993	0.006757351254051525	0.006238359199474284	0.005768164750366498	0.005341267193660836
2.1677041048196948	0.3333333333333333	0.22114437871350573	0.16242967531681363	0.12563900441732745	0.10041061081298869	0.08212042728606461	0.06834086348892729	0.05766009393528177	0.04919654445025533	0.04237002314478842	0.03678284478904269	0.032153421714852415	0.028276992240220598	0.025001308228608108	0.022211004409717232	0.019817225566746144	0.017750554319734175	0.0159560753625534	0.014389859805983842	0.013016415636950624	0.011806809044078149	0.01073726015884494	0.009788079812264587	0.008942855047554276	0.008187818560820941	0.007511355705759143	0.006903615681989942	0.006356202301346124	0.005861926189160694	0.005414604805744649	0.005008899996165814
2.197859872784825	0.3333333333333333	0.21929778220151747	0.16014781945465464	0.12331599969622403	0.09818320028196681	0.08003668273056971	0.06641353449470212	0.0558869423696441	0.04756900506736537	0.04087714487850222	0.0354131437516353	0.030895751027420017	0.027120929727685834	0.023937302380330434	0.021230398872626666	0.01891222411119984	0.016914158750643747	0.015182013472248755	0.013672512266670588	0.01235074628985907	0.011188300623394579	0.010161856176522726	0.00925213263305475	0.008443079830067882	0.007721252579008195	0.007075322509922069	0.006495693560087917	0.00597419653236937	0.0055038446244798376	0.005078636362872173	0.004693395697384672
2.2284351492703034	0.3333333333333333	0.21743716178072636	0.1578629824094888	0.12100138686868317	0.0959729293570703	0.07797629549329363	0.06451378739408387	0.054144107669019476	0.04597342348655978	0.03941706725302147	0.034076506351332324	0.029670987741091157	0.02599731760577122	0.022905076830895446	0.02028075561563405	0.01803726754631698	0.01610682756260894	0.01443599940504456	0.012982180129499789	0.0117110590528312	0.010594751207249608	0.00961040634667815	0.008739158789683309	0.00796532522921831	0.007275785293290348	0.006659498595128967	0.006107124738144819	0.0056107218581593205	0.0051635056250326165	0.004759655200882705	0.004394155966663746
2.2594357702209775	0.3333333333333333	0.21556290019687063	0.155575911294367	0.11869601342231202	0.09378059515105311	0.07593994118325878	0.06264214895493071	0.052431963298440715	0.04441002692036454	0.037989883620017734	0.03277290652141951	0.028479001095570614	0.02490593451758568	0.02190433265620419	0.019361709940984535	0.01719193592709024	0.01532809487216313	0.013717529517012406	0.01231832913993958	0.011096795288433811	0.01002558318353423	0.00908231876172759	0.008248556147425572	0.007508982346727267	0.006850804053125878	0.006263270132657991	0.005737296410755934	0.005265168373148872	0.004840303778316655	0.004457061746788911	0.004110588201733859
2.290867652767773	0.3333333333333333	0.21367539316218814	0.15328736048113822	0.1164007226603091	0.09160697995352013	0.07392827252559267	0.060799117656145055	0.05075085130550423	0.04287900976719741	0.036595654465050635	0.03150228623853394	0.027319629953594722	0.023846530771713576	0.020934744925859512	0.018472873635673306	0.01637578835621329	0.014577476411218933	0.013026084303658057	0.011680411629338448	0.01050738529069718	0.009480210101124445	0.00857699479491335	0.007779717796196149	0.007073439368414839	0.006445695006358735	0.005886023679798223	0.005385597623683177	0.004936929370640151	0.004533638106475124	0.004170261991861232	0.0038421063943510055
2.322736796357107	0.3333333333333333	0.2117750491247186	0.15099809079234094	0.11411635260808661	0.08945285015905681	0.07194191844205663	0.0589851630317683	0.04910108191207228	0.04138053354083317	0.03523440760605182	0.03026455595905598	0.026192683463857367	0.022818829152351425	0.0199959636483686	0.017613836023193385	0.015588364115719965	0.013854470715188923	0.012361129624279682	0.011067867758024397	0.00994224953218869	0.008958037903466606	0.00809383028941223	0.007332033264017449	0.0066580827228369015	0.00605984421823081	0.0055271472549104275	0.0050514203016585255	0.0046254023208923325	0.004242912993101955	0.003898668366086591	0.0035881319515754127
2.3550492838960095	0.33333333333333326	0.20986228901431717	0.1487088686711635	0.11184373491772548	0.08731895514841465	0.06998148317340944	0.0572007250713986	0.047482933264436006	0.0399147268684714	0.03390613846003851	0.029059595120361704	0.02509794171326172	0.021822525780312754	0.019087614760994045	0.016784165051706282	0.014829183826705162	0.013158560330928163	0.011722117938122324	0.010480126762775197	0.009400799908462652	0.008458466178491181	0.007632216783780327	0.00690488968410466	0.006262298214601957	0.005692638760767739	0.005186031379069247	0.004734160239465097	0.004329989809787733	0.003967539067853481	0.0036417005684110195	0.003348094471443538
2.3878112829131775	0.3333333333333333	0.20793754596549008	0.14642046533100744	0.10958369377302318	0.08520602628550467	0.06804754544622332	0.05544621367885822	0.045896651179387855	0.038481685557530905	0.032610810377296184	0.02788725270538245	0.024035156531505706	0.02085729102395132	0.01820930116104514	0.015983408415114583	0.01409775063340592	0.012489213040797288	0.01110848954869088	0.009916608204862723	0.00888244097109027	0.007980889344842796	0.007191542693150249	0.006497672943410773	0.005885472129348074	0.005343467769759688	0.004862070081760619	0.004433218054010391	0.0040501004355938935	0.0037069340475886677	0.0033987863515481426	0.0031214324717622503
2.4210290467361784	0.3333333333333333	0.20600126501722554	0.14413365588627922	0.10733704479772367	0.08311477587339933	0.06614065768665836	0.05372200819086313	0.04434244898520616	0.03708147273105889	0.0313483550420318	0.02674734786869179	0.023004052276684638	0.019922770456786126	0.01736060377526035	0.015211094703411799	0.013393551407808029	0.011845883098735424	0.010519673852203206	0.009376723214856253	0.008386571175828968	0.007524697872783731	0.0067711944737153165	0.006109768804345919	0.0055269923075199606	0.005011723466733978	0.004554661868296233	0.0041480000954465445	0.0037851496627309485	0.003460523532099037	0.0031693622600336533	0.002907594071004992
2.4547089156850306	0.3333333333333333	0.2040539027900641	0.14184921846612042	0.10510459396962492	0.08104589616790678	0.06426134528357516	0.05202845695726231	0.04282050742543775	0.035714119031405055	0.030118672938263067	0.0256396706223615	0.0220043267042579	0.01901858585871	0.01654108266380547	0.014466734578595835	0.012716057971022446	0.011228012474692326	0.009955090586378834	0.008859875725443632	0.007912584066685206	0.007089279459924277	0.0063705577621618655	0.00574056399672122	0.005186249184256847	0.004696802143501015	0.004263210646789763	0.003877919315119435	0.003534560630364167	0.003227741753298488	0.0029528743204733695	0.0027060376205473293
2.488857318282391	0.33333333333333326	0.2020959271407196	0.13956793331286946	0.10288713654327104	0.07900005841962275	0.06241010590322949	0.0503658769842244	0.0413309746305388	0.03437962289157265	0.02892163387947651	0.024563982577942185	0.02103565187914518	0.018144336257515013	0.015750278155300865	0.013749821972367838	0.012064728327467387	0.010635032103394605	0.0094141510757433	0.008365463718515978	0.007459869493248792	0.006674020189070652	0.0059890184870029835	0.005389447277133406	0.004862636792883414	0.004398105107049219	0.003987126612849655	0.0036223960892294545	0.0032977649147119315	0.0030080322767389593	0.002748778683146016	0.0025162322875854105
2.523480772480575	0.3333333333333333	0.20012781679463054	0.13729058186712184	0.10068545598395126	0.07697791195171952	0.06058740885764531	0.0487345536415264	0.03987396615752846	0.033077950873420144	0.027757077600360173	0.023520017745410838	0.020097675134355078	0.017299599007332956	0.01498771200919643	0.013059835301729588	0.011439007907950504	0.01006636313363233	0.008896259464760931	0.007892880408075018	0.007027814782225091	0.006278305659941798	0.005625963948926769	0.005055810453183341	0.00455555372968681	0.0041150395827559225	0.0037258270899889452	0.003380858996311291	0.0030742032438665205	0.0028008486545672076	0.002556542214385686	0.002337658588452687
2.5585858869056457	0.3333333333333333	0.19815006095689003	0.13501794584132792	0.09850032291573035	0.07498008327609848	0.058793694528604404	0.04713474043495334	0.0384495650975758	0.03180903807165162	0.02662481440869447	0.022507483383454725	0.019190020072741943	0.01648393090046906	0.014252888601734667	0.012396238698743997	0.010838330817864106	0.009521418174237992	0.008400813964704046	0.007441515455295844	0.006615805890187265	0.00590152209175728	0.0052807838674438085	0.004739049370108717	0.004264404077862057	0.003847019574174309	0.003478737324656097	0.0031527455475179123	0.0028633261641882145	0.002605655029296713	0.0023756430392281127	0.002169808872189056
2.594179362118814	0.3333333333333333	0.19616315890207303	0.13275080628393301	0.09633249408622897	0.07300717525043812	0.05702937384902289	0.045566658844499675	0.03705782225120634	0.030572788582300465	0.025524625895271665	0.021526060897695647	0.018312287608601218	0.015696869309003852	0.013545296131687786	0.011758483250327474	0.010262121086523062	0.008999602532993438	0.007927208036661547	0.007010756137480182	0.006223228529384287	0.005543057393863416	0.0049528713913009875	0.0044385648576071805	0.0039885982887055	0.0035934666775756224	0.00324529123423168	0.002937502868671521	0.0026645946575920157	0.002421926687875837	0.002205571034335863	0.002012187754342022
2.6302679918953817	0.3333333333333333	0.19416761954354525	0.13048994263612035	0.09418271135085395	0.07105976627856317	0.05529482784330747	0.044030498228945704	0.035698756370577525	0.029369076034181932	0.024456265699731743	0.020575406787867713	0.017464057045682376	0.01493793335244959	0.012864407841955987	0.011146008244411785	0.009709793913854327	0.008500315439914304	0.007474831605903988	0.006599988497626344	0.005849469263645506	0.005202302201740849	0.00464162407032024	0.004153763634829681	0.003727554018422921	0.003353810850207638	0.003024932107079989	0.0027345883332976933	0.00247748070915561	0.002249150565903431	0.0020458282710325965	0.0018643125013453508
2.6668586645214796	0.3333333333333333	0.19216396098290334	0.12823613178327106	0.09205170067914945	0.0691384095564411	0.05359040722809871	0.042526415797096956	0.03437235446803873	0.028197744181567206	0.02341946032844478	0.019655153637083395	0.01664488718808315	0.014206625087684058	0.012209683253280285	0.010558242418453235	0.009180756910653839	0.008022951280481416	0.007043072230184773	0.006208598466527887	0.005493916571591959	0.004878650875923832	0.00434644478652141	0.003884059171724948	0.0034806969188743383	0.0031274911308077757	0.00281711325376589	0.0025434701461236903	0.002301467824847135	0.002086825701981082	0.0018959294087986499	0.0017257133659039916
2.7039583641088436	0.3333333333333333	0.1901527100402684	0.1259901471032996	0.08994017118590172	0.06724363236598693	0.051916432074615305	0.04105453664576727	0.0330785721899578	0.027058607556114	0.022413910024802492	0.01876491114148532	0.015854317480388413	0.013502430717286101	0.01158056940593067	0.009994605206488965	0.008674411323909606	0.007566900762374823	0.006631316248377931	0.00583597295446857	0.005155961874544512	0.0045715024615568065	0.004066742642595491	0.003628872505206461	0.0032474613813000164	0.002913956311568301	0.0026212986088374034	0.0023636278765854874	0.0021360514993112277	0.0019344636423149673	0.0017554020396212838	0.0015959338740445111
2.7415741719278826	0.33333333333333326	0.18813440176621102	0.12375275751405908	0.0878488141895788	0.06537593541871484	0.050273191533615286	0.039614953864354346	0.03181733425456643	0.025951452175880407	0.021439289686071727	0.017904267176624224	0.015091869173334226	0.012824821812486988	0.010976502105720426	0.00945450798093827	0.008190153272362825	0.007131552109642326	0.006238949901430571	0.005481500909753447	0.004835000526708865	0.004280261606517684	0.003801933805997364	0.0033876330085730656	0.003027291231720029	0.0027126655608037506	0.002436963282685815	0.0021945529424125003	0.001980739633778652	0.0017915887960419056	0.0016237869838302678	0.0014745310646666976
2.7797132677592886	0.3333333333333333	0.18610957893615393	0.12152472652204174	0.08577830230062485	0.06353579225112954	0.04866094362376484	0.0382077287056259	0.03058853495235094	0.024876036309048045	0.02049524982344418	0.01707278889704696	0.014357046511211018	0.012173256546765931	0.010396907170340274	0.00893735528542189	0.007727374916797569	0.006716292208061563	0.005865360422710346	0.0051445743414986625	0.004530432765416402	0.004004339436247513	0.003551442307228786	0.0031597791133300673	0.002819640377308272	0.0025230889958613224	0.002263594063362718	0.0020357490431832897	0.0018350529045263334	0.0016577387418344092	0.0015006385382277355	0.0013610756826050081
2.8183829312644537	0.3333333333333333	0.18407879152815715	0.11930681127461915	0.08372928854205902	0.06172364867359151	0.04707991508405269	0.03683289082210524	0.029392038707295388	0.023832091289791184	0.01958141756553809	0.016270023865479218	0.01364933793717826	0.011547180936181832	0.009841201672243905	0.008442546050242063	0.007285465657705764	0.006320507727822858	0.005509937095002089	0.004824589304295034	0.004241664619406026	0.0037431543836290108	0.0033147007908200903	0.002944758982220878	0.0026239734031543146	0.0023447082058815874	0.0021006898683735248	0.0018867325442599304	0.0016985250823984342	0.001532464486565184	0.0013855246774959668	0.0012551523263436945
2.857590543374947	0.3333333333333333	0.18204259618504684	0.11709976161808194	0.08170240550474381	0.05993992227422318	0.04553030129057468	0.0354904385672164	0.028227680697070275	0.022819322383747554	0.018697397698686932	0.015495501207905358	0.012968217312583574	0.010946030082675237	0.009308795174323103	0.00796947481529284	0.006863813285015178	0.005943586215738863	0.005172072271592313	0.0045209468425615	0.003968108773344772	0.003496132972576383	0.0030911512182724343	0.0027420311328759392	0.0024397661189639944	0.0021770167245358475	0.0019477621465938551	0.0017470328115527308	0.0015707033041265537	0.001415330676982737	0.001278027210031535	0.0011563595518763793
2.8973435877013234	0.3333333333333333	0.18000155566190612	0.11490431916375404	0.07969826453959704	0.0581850019792512	0.0440122662378936	0.03418033936012298	0.027095267530055034	0.021837409698991703	0.01784277374197322	0.01474873279078194	0.012313145146499893	0.010369229416401522	0.008799090954697362	0.007517532886173047	0.006461805105608212	0.0055849171542320265	0.00485116235907404	0.004233053892612494	0.0037091853870024187	0.003262710553889981	0.0028802455218537395	0.0025510650116082408	0.0022665060556144225	0.0020195204526964523	0.0018043352308124401	0.001616192497801973	0.0014511482963608484	0.001305915765516689	0.0011777418894816645	0.001064309933753292
2.937649651961531	0.3333333333333333	0.17795623825999832	0.11272121636436438	0.07771745498891935	0.0564592476709972	0.04252594258489995	0.03290253011297363	0.025994577976885813	0.020886009142217835	0.017017109053219737	0.014029214416580603	0.011683569831521919	0.009816195933352766	0.008311487212407459	0.007086109514660016	0.006078829040879105	0.005243892984535949	0.004546608759706866	0.003960324140677756	0.003464322867709752	0.003042331992761131	0.002681446208755082	0.0023713415169780883	0.0021036929116206872	0.0018717380315046105	0.0016699466414874212	0.001493767781240156	0.0013394345534936327	0.0012038121314611816	0.0010842784835882638	0.0009786300854744024
2.9785164294291895	0.3333333333333333	0.17590721724823838	0.11055117560311503	0.07576054345478163	0.054762989864543254	0.041071431764898726	0.031656917719049396	0.02492536375403361	0.01996475341417833	0.016219947962298083	0.013336427033777933	0.011078928881947031	0.009286339424545789	0.007845378278343012	0.006674593029531075	0.00571427469155775	0.004919910091740812	0.00425781877137627	0.003702178835331555	0.0032329585950092088	0.0028344523068509196	0.002494226915231255	0.0022023534732621506	0.0019508389496993765	0.0017332011663451611	0.0015441473425268	0.001379328557670733	0.0012351504705159766	0.0011086261591175535	0.000997260801511254	0.000898960640510348
3.019951720402016	0.3333333333333333	0.17385507027337976	0.10839490829741472	0.07382807313111958	0.05309652944390533	0.039648804159423956	0.030443379600098262	0.023887350356742672	0.019073253041000948	0.015450816928045322	0.012669837957528553	0.010498650170647496	0.008779063693148008	0.007400155758532027	0.006282371943106415	0.005367534367212766	0.004612369749515848	0.003984206443411365	0.0034580475530106344	0.0030145395964399574	0.002638537254669579	0.0023180729104429767	0.0020436060538008387	0.0018074693439677275	0.0016034549024702227	0.0014265019500745177	0.0012724585871617866	0.0011378984322702	0.0010199782740433969	0.0009163266818678889	0.0008249561959356169
3.061963433690677	0.3333333333333333	0.17180037876011792	0.106253114019665	0.07192056313951214	0.051460137454239926	0.03825809933506422	0.02926176431093819	0.022880237938495578	0.018211097440774725	0.014709225715027571	0.012028902097089763	0.00994215316076771	0.008293767751475216	0.00697520969934257	0.005908836025969226	0.005038004078039652	0.004320679022551156	0.0037251933867395465	0.0032273689155203553	0.0028085231739704945	0.0024540638735728194	0.0021524815502264733	0.0018946171546992364	0.0016731224784012626	0.0014820578531879965	0.0013165888954494356	0.0011727555966782638	0.0010472948607777991	0.0009375029396272835	0.000841127942877189	0.000756285220547679
3.1045595881283554	0.3333333333333333	0.16974372730235548	0.1041264796371791	0.07003850795284003	0.04985405497521604	0.0368993263423653	0.02811189219921476	0.021903702234182844	0.017377856019062703	0.013994668586361395	0.011413063186147484	0.009408850128610632	0.007829847021706322	0.0065699297019510975	0.005553377347228974	0.004725084486741707	0.004044251624976432	0.0034802095370791764	0.003009591258685262	0.002614377480521686	0.0022805209678119125	0.0019969626808556003	0.001754917719405178	0.00154735019739483	0.0013685823817030486	0.0012140005435395595	0.0010798313402983636	0.0009629702219004002	0.0008608486153588366	0.0007713302966663965	0.0006926299294517993
3.1477483141013156	0.3333333333333333	0.16768570304690358	0.10201567847335644	0.0681823768463951	0.04827849301806014	0.03557246407566496	0.026993556118014465	0.02095739552288106	0.01657307929093223	0.013306625508738453	0.010821755012374363	0.008898147374114571	0.007386694468869892	0.0061837060110481465	0.00521539127788524	0.004428181818520315	0.003782508733233641	0.0032486938700956322	0.002804173251397615	0.002431582046134519	0.002117409546297024	0.0018510389933576543	0.00162405201491905	0.0014297180094409595	0.001262614737853644	0.0011183432680722872	0.000993311618236106	0.0008845689936179009	0.0007896776788368301	0.0007066132296823558	0.0006336861271549105
3.1915378551007616	0.3333333333333333	0.16562689507092399	0.09992136949216646	0.06635261340262216	0.04673363250432836	0.03427746169250603	0.02590652218885841	0.020040947629435688	0.01579630002563099	0.012644563365934622	0.010254402642380403	0.008409446415434669	0.006963701753913522	0.005815930570432278	0.004894277455049051	0.004146708727405526	0.003534879752103249	0.0030300950676683037	0.0026105844648534517	0.0022596282541554606	0.0019642432105987373	0.001714246328990047	0.0015015778605640263	0.0013198052451035736	0.0011637551511143312	0.001029237485488826	0.0009128362569306429	0.0008117495973842467	0.0007236663134457132	0.0006466698512442809	0.000579163021262497
3.2359365692962827	0.3333333333333333	0.16356789375444036	0.09784419650793219	0.06454963506657124	0.04521962432549371	0.03301423909107244	0.0248505306124375	0.019153966958244537	0.015047034410192884	0.012007937176925082	0.009710423638444734	0.007942145159836808	0.006560260335643296	0.005465998042974583	0.004589440704985463	0.0038800851173768306	0.00330080303280764	0.0028238721346548396	0.0024283058914370847	0.002098019767264376	0.001820548493690649	0.0015861339367117012	0.0013870668104146383	0.0012172051706179166	0.0010716178815463303	0.000946317648737919	0.0008380590516344745	0.0007441842946625463	0.0006625043637270484	0.0005912067123267588	0.0005287830089097422
3.2809529311311905	0.3333333333333333	0.16150929014926643	0.09578478742233343	0.0627738327531141	0.04373658942611856	0.03178268744389849	0.023825296524298226	0.01829604155809137	0.014324783228230841	0.011396191314819332	0.009189229263454076	0.007495639074254703	0.006175762546043784	0.005133306792632286	0.004300291923154261	0.0036277389169459984	0.003079726542339996	0.0026294949657312905	0.0022568304136177933	0.0019462729038631805	0.0016858651501266589	0.0014662646836528324	0.0012801042906401606	0.0011215250585642916	0.0009858312299628612	0.0008692322033019909	0.0007686476735826311	0.0006815590506258508	0.0006058951605273169	0.0005399435967011904	0.0004822814380827036
3.326595532940045	0.3333333333333333	0.15945167534571536	0.0937437534904689	0.061025570506811316	0.04228461896717976	0.030582669785913886	0.02283051089254852	0.01746674021441379	0.013629033050171673	0.010808760723033786	0.008690225670585871	0.0070693222859397106	0.005809602631804463	0.0048172598263933625	0.004026248909642801	0.0033891068060974473	0.0028711084833854122	0.0024464448621068515	0.002095663222835907	0.0018039169654027487	0.001559746398550949	0.001354215219751246	0.0011802896931661653	0.0010323862173649723	0.0009060375095913211	0.0007976435069632442	0.0007042835437114339	0.0006235733670946872	0.0005535553180452372	0.0004926132865901449	0.00043940634599714135
3.372873086588689	0.3333333333333333	0.15739563983846008	0.09172168861773007	0.05930518521514366	0.04086377454422902	0.02941402165470962	0.02186584145452825	0.016665613563376522	0.012959257431140557	0.01024507212494727	0.008212815074394354	0.0066625886989859886	0.005461177759623081	0.004517265694244101	0.0037667371586059405	0.00316363489470569	0.0026744178644578166	0.002274214998196912	0.0019443221888610432	0.0016704945153903018	0.0014417591176045703	0.0012495760978766337	0.001087236427168661	0.0009494239809472307	0.0008318929807016443	0.0007312277154389432	0.0006446616749841182	0.0005699400868271356	0.0005052145049304381	0.0004489613050028187	0.00039991817670231985
3.4197944251370886	0.3333333333333333	0.1553417728929264	0.08971916868914864	0.05761298637564943	0.03947408846350486	0.028276551780741208	0.020930933689276888	0.015892195227101953	0.012314918112879027	0.009704545223532177	0.007756396895784414	0.006274833057415826	0.005129888983054734	0.004232739345466412	0.003521190600550556	0.0029507793517677705	0.002489135019979642	0.0021123108384529386	0.0018023381802597794	0.001545561611023547	0.0013314839964528092	0.0011519518509059063	0.0010005719302057076	0.0008722876608954436	0.0007630677503039074	0.0006696746358989047	0.0005894904854288308	0.0005203851713088306	0.000460615191601293	0.0004087456369211776	0.0003635894800650734
3.4673685045253166	0.3333333333333333	0.15329066191359086	0.08773675093277611	0.0559492559173302	0.03811556407482632	0.027170042825028037	0.0200254118225345	0.015146002964161057	0.011695466225923833	0.009186593887497782	0.007320368903669794	0.0059054519788997355	0.004815142168880803	0.003963102939790282	0.003289052296525439	0.0027500069850426153	0.0023147520804692083	0.0019602505047541497	0.0016692553367456502	0.0014286879885603912	0.001228515641306303	0.0010609610273185236	0.000919937640392766	0.0008006404626221683	0.0006992456389046005	0.0006126875504568151	0.0005384915840295841	0.0004746474542090328	0.0004195123759533162	0.00037173643149597004	0.0003302045942662023
3.5156044052829816	0.3333333333333333	0.1512428918155608	0.0857749733185513	0.054314248076512014	0.03678817615991368	0.026094252161761578	0.019148879861048768	0.01442653983257157	0.011100343488391576	0.008690627320604726	0.006904128285727837	0.00555384495229178	0.0045163488811827395	0.0037077866121477216	0.0030697750834999663	0.0025607957708072976	0.002150773392868891	0.001817565095042692	0.0015446312943890555	0.001319457203689805	0.001132462639445716	0.000976236187161131	0.0008449889319767977	0.0007341593676977339	0.0006401240163948351	0.0005599830117662334	0.0004913995316329597	0.00043247837267526535	0.0003816732896212504	0.00033771568739014805	0.00029955931390749177
3.5645113342624426	0.3333333333333333	0.14919904440079496	0.08383435399399805	0.052708189327170196	0.03549187137460119	0.025048912703100626	0.018300922652064035	0.013733295361507605	0.010528983397962866	0.008216051210937422	0.006507072731819765	0.00521941529680184	0.00423292722152087	0.0034662291899965423	0.0028628221704307855	0.0023826353338261557	0.001996715891699131	0.001683798953986287	0.0014280373648246979	0.0012174667283144423	0.001042947582361293	0.0008974238598390902	0.0007753950158885413	0.0006725349843619054	0.0005854136091877711	0.0005112906128783179	0.00044796157904292974	0.0003936416786333038	0.0003468770869382848	0.0003064769233748849	0.00027146054578393373
3.6140986263961334	0.3333333333333333	0.14715969774031434	0.08191539075798077	0.05113127836554813	0.03422656874323474	0.02403373376331086	0.017481106966323646	0.013065746728041835	0.009980812413473624	0.0077622688528845366	0.0061286014627561156	0.0049015710808313715	0.003964302623836542	0.003237878862403914	0.002667667684765766	0.0022150273776177184	0.0018521094214020944	0.001558509896658982	0.0013190586697481368	0.0011223280052884788	0.0009596070498901971	0.0008241844661135176	0.000710838807440347	0.0006154713683165254	0.0005348382807534864	0.00046635273353186113	0.0004079373844736783	0.00035791313224214515	0.00031491451870541604	0.00027782483624105175	0.0002457259543228355
3.664375746478332	0.3333333333333333	0.1451254255637291	0.08001856057362354	0.04958368614872494	0.03299216020338331	0.023048401959297197	0.016688982598684027	0.012423359935442304	0.009455251122809366	0.007328682263992331	0.005768116227965622	0.0045997259987089955	0.0037099086029157595	0.0030221938002953884	0.00248379716924957	0.0020574860655544307	0.0017164970108511624	0.0014412693863890653	0.001217294232135234	0.0010336664627520796	0.000882091556848751	0.0007561922059224004	0.0006510167632188956	0.0005626858159344466	0.0004881347877176406	0.00042492426504747065	0.0003710987125161247	0.00032508017962546494	0.0002855875928433631	0.0002515749480373553	0.00022218359863014042
3.715352290971725	0.3333333333333333	0.14309679665738545	0.07814431912137447	0.048065555986612954	0.0317885111988379	0.022092582144483494	0.01592408348454767	0.011805590989390876	0.008951715393851787	0.006914693231182188	0.005425022265575018	0.0043133002037759926	0.003469187455472614	0.0028186427275239305	0.0023107080292700203	0.0019095383532505505	0.0015894351009422699	0.0013316626680753036	0.0011223570257481062	0.0009511214899682807	0.0008100654645539589	0.0006931349142130958	0.0005956386892898779	0.0005139086320435273	0.000445052513695979	0.00038677231598717167	0.0003372291167486094	0.00029494161696269096	0.00025870922394943444	0.00022755324458613452	0.0002006715630152652
3.767037989839088	0.3333333333333333	0.1410743742724051	0.0762931003930681	0.04657700369039415	0.030615461318725987	0.02116591837291358	0.01518592882842807	0.011211887068622889	0.008469617505365856	0.006519704367479605	0.005098729222932308	0.004041721096488062	0.0032415909131300437	0.0026267054425318462	0.0021479099309918825	0.0017707242731057808	0.0014704937264181399	0.0012292888584130236	0.0010338739845864153	0.0008743463761871789	0.0007432068588820223	0.0006347138868537883	0.0005444275228613637	0.00046888287445537573	0.00040535318303044806	0.0003516759007189149	0.00030612360808652183	0.00026730724297485513	0.00023410287372303682	0.00020559580715983673	0.00018103758278988397
3.8194427084004654	0.33333333333333326	0.1390587155438584	0.07446531632771039	0.0451181177543141	0.02947282498043495	0.020268034890381904	0.014474024239845224	0.010641687686762569	0.008008367254857533	0.006143120114015196	0.004788652035812869	0.003784424066417228	0.003026580746788166	0.0024458732907447866	0.0019949251508968066	0.0016405971719207007	0.0013592566532182329	0.0011337609945995001	0.0009514859742018648	0.0008030082149402263	0.0006812073970639606	0.0005806436787526227	0.000497119089569512	0.0004273640774072616	0.0003688105565749871	0.0003194256129930447	0.0002775883109202032	0.00024199750178357127	0.0002116021841569049	0.0001855484391262478	0.0001631386670541913
3.872576449216172	0.3333333333333333	0.13705037092227262	0.07266135648957522	0.043688959625438034	0.0283603921539134	0.019398537149350557	0.013787862875002195	0.010094425841932179	0.007567373036564016	0.005784347710241538	0.004494211764758229	0.003540853187255085	0.0028236293221149387	0.002275649587885468	0.0018512888773837574	0.001518723902701161	0.001255321472786754	0.0010447060432033665	0.000874847726416667	0.0007367877754317672	0.0006237721252973096	0.0005306518763370368	0.0004534618385547974	0.0003891199560726635	0.00033521011165045425	0.00028982328659533387	0.00025144010903594023	0.00021884311805657182	0.00019105060531738404	0.00016726628928945703	0.00014684072009706978
3.926449353995998	0.3333333333333333	0.135049883618635	0.07088158778906917	0.0422895639859452	0.02727792912480643	0.01855701284437314	0.013126926579297713	0.009569529151023558	0.007146042911068834	0.005442798126157425	0.004214836387210116	0.0033104618641349296	0.0026322201060103773	0.0021155499946511665	0.0017165494653550118	0.0014046849719158501	0.0011582996548984326	0.0009617648709643574	0.0008036277398499257	0.0006753793432340946	0.0005706192693085385	0.000484478846557143	0.00041321655748963204	0.00035393009427192747	0.00030434870824938993	0.000262681645089555	0.00022750628325212137	0.00019768472628107825	0.00017230101945711596	0.00015061347356715897	0.00013201816294515422
3.9810717055349722	0.3333333333333333	0.13305778906400567	0.06912635424668663	0.04091993910238148	0.026225179293781042	0.017743032964723928	0.01249068702802569	0.009066420965577627	0.006743785603649077	0.0051178869547273634	0.003949961544316538	0.0030927134327995215	0.0024518481242533415	0.0019651028434522233	0.0015902686448426204	0.0012980746436113213	0.0010678165606763238	0.0008845921795243407	0.0007375081479289744	0.000618490532370219	0.0005214800000198222	0.0004418774645761417	0.0003761560696995614	0.00032158561748001123	0.000276034243523008	0.00023782394260235854	0.00020562414263236437	0.00017837249592764446	0.00015521536311800991	0.00013546269655403584	0.00011855355650081226
4.03645392967605	0.3333333333333333	0.13107461438480494	0.06739597680024137	0.03958006721807575	0.02520186400930856	0.01695615286099903	0.011878606861668806	0.008584521466362646	0.006360011509662783	0.004809035262889145	0.003699031241500287	0.0028870817103812817	0.002282020370587008	0.0018238494179298294	0.0014720216848847563	0.0011985010019167023	0.000983511417557008	0.0008128564057262446	0.0006761845565917253	0.0005658420709198266	0.0004760981764804619	0.00040261282229829543	0.0003420649154907848	0.0002918888531840175	0.0002500852965257557	0.00021508359753533342	0.00018564065106051154	0.00016076575418285549	0.00013966424879232483	0.00012169487442648016	0.00010633722761138882
4.092606597300109	0.3333333333333333	0.12910087789478605	0.06569075315542675	0.038269904990837336	0.02420768343109568	0.016195913321931772	0.011290140812776754	0.008123248733888647	0.005994133644358581	0.004515670399750021	0.0034614985020929028	0.0026930514976768586	0.0021222561677486738	0.0016913441862799867	0.0013613975140069662	0.001105585973585741	0.0009050372581920643	0.0007462395899190027	0.0006193658537636024	0.000517167562299215	0.0004342300682180409	0.00036646191986150814	0.00031073901975725435	0.00026465298058990614	0.00022633076512774817	0.0001943038210143472	0.00016741205087966076	0.000144732607840248	0.0001255265876158683	0.00010919876054663258	0.0000952668993125074
4.14954042634363	0.3333333333333333	0.1271370886046495	0.06401095767962356	0.03698938397419849	0.02324231742129263	0.015461841659295528	0.010724736821070537	0.0076820197883982425	0.005645568559404726	0.004237226760780961	0.0032368259735470707	0.002510119033147094	0.001972087481195085	0.0015671549895332588	0.0012579987987925826	0.0010189653123262824	0.0008320608249117973	0.0006844372140114154	0.0005667739927408039	0.00047221322436906724	0.00039564405914776634	0.00033321334218761034	0.00028198534789168714	0.0002397016716161432	0.00020460949693314485	0.0001753372418053684	0.00015080348520965539	0.00013014956584582682	0.00011268921447052992	0.00009787057502440615	0.000085247326387515
4.207266283844441	0.3333333333333333	0.1251837457501967	0.06235684133874259	0.035738411140346274	0.022305426460557123	0.014753452796097279	0.010181837134020181	0.007260251620032335	0.005313737220371974	0.003973146507027568	0.003024486485942507	0.0023377923989205806	0.0018310591862903943	0.0014508631860163555	0.0011614419821442202	0.0009382885467373028	0.0007642624421751092	0.0006271580115042371	0.0005181437516243769	0.00043073760851536076	0.00036012033515110133	0.0003026669226398024	0.00025562155196731255	0.00021686872504293094	0.0001847699159639568	0.0001580455293398738	0.00013568862046557418	0.00011690116389846637	0.0001010465167744557	0.00008761363943396224	0.00007618993728408917
4.265795188015927	0.3333333333333333	0.12324133833985686	0.060728631676759515	0.03451686944277633	0.02139665258601557	0.014070250356052399	0.009660879389827593	0.006857362149002183	0.004998065843644281	0.0037228802385643025	0.0028239635627311053	0.002175591879322259	0.0016987292900442312	0.0013420637534462797	0.0010713572829432738	0.000863218893887726	0.0007013358587372377	0.0005741237516023508	0.00047322247095024986	0.0003925113008289707	0.0003274505573972892	0.00027463339578403064	0.0002314756090917705	0.0001959976956098534	0.00016666964678465517	0.00014229901640241746	0.00012194927050454531	0.00010487959240707137	0.00009050006813788848	0.00007833801747357674	0.00006801248332826809
4.325138310350087	0.3333333333333333	0.1213103447223607	0.059126532837473884	0.03332461841660111	0.02051562034813977	0.01341172775067288	0.009161297680132042	0.006472771190940019	0.004697986691433096	0.003485887621624585	0.0026347518837754767	0.0020230502726875316	0.0015746691085421606	0.001240365350176067	0.0009873886588867204	0.0007934331402181407	0.0006429880617512935	0.0005250689995420269	0.0004317697716495627	0.0003573166074793029	0.000297437523434472	0.0002489340411901598	0.00020938545376215668	0.00017694151977311665	0.00015017513765414915	0.0001279763229388571	0.00010947502373048081	0.00009398432900644858	0.00008095826796181325	0.00006996016332986656	0.00006063869607640284
4.385306977749857	0.3333333333333333	0.11939123217526643	0.057550725627899965	0.03216149481435222	0.019661937783545552	0.012777369261094764	0.008682523589814027	0.006105901367525439	0.004412938823773471	0.0032616379690417756	0.0024563577010694162	0.0018797131572384153	0.0014584634013814577	0.0011453903372365226	0.0009091937344987866	0.000728621492196303	0.000588939064892695	0.0004797408552677321	0.00039355725545186094	0.00032494722633716387	0.0002698948180214965	0.0002254003201404055	0.0001891986059715182	0.00015956213974686239	0.00013516128419902636	0.00011496398234687557	0.00009816287438686983	0.00008412177676733423	0.00007233598795576267	0.00006240257726185121	0.000053997953547370924
4.446312674691087	0.33333333333333326	0.11748445651497752	0.056001367622578846	0.031027313275035363	0.018835197400722425	0.012166651111769164	0.008223987211435323	0.0057561789838859664	0.004142368806582577	0.0030496107738303005	0.0022882992075691716	0.0017451391121091847	0.0013497104645479054	0.0010567747629127992	0.0008364436959607376	0.0006684873984900732	0.0005389216726286606	0.00043789867258111476	0.00035836818981163936	0.00029520790685283585	0.000244646455608007	0.00020387350703746955	0.000170771796733041	0.00014373012736216276	0.00012151105500624249	0.00010315607151163182	0.00008791685916735776	0.0000752049088616709	0.00006455422645113903	0.00005559347050398306	0.00004802495598141551
4.508167045414602	0.3333333333333333	0.11559046172882348	0.05447859330798611	0.029921867024125186	0.018034977175717382	0.011579042532419448	0.007785118132010477	0.005423034867370795	0.003885731375061839	0.002849296195957026	0.002130106859794258	0.0016188998946621604	0.0012480221832666192	0.0009741683116594085	0.0007688231551614975	0.0006127473458726284	0.0004926812227545841	0.0003993137608621347	0.00032599717939701413	0.0002679141001376761	0.0002215265162998044	0.00018420431722396	0.00015397059259952717	0.0001293243091830536	0.00010911512043550502	0.00009245384574937992	0.00007864770020544435	0.00006715292130176208	0.00005753977128782871	0.00004946643934541877	0.00004265941167870321
4.570881896148751	0.3333333333333333	0.11370967962970455	0.05298251426609954	0.028844928602126733	0.017260841554822805	0.011014006806968256	0.007365346386336012	0.0051059051663622755	0.0036424900519221462	0.002660195502455178	0.0019813236550812576	0.0015005805753995837	0.0011530240465885291	0.0008972342193624425	0.0007060299847010919	0.0005611306309446212	0.00044997530930746926	0.00036376907142948343	0.0002962498261286221	0.00024289160113226646	0.0002003787770695209	0.00016625253283880903	0.00013866902066335786	0.00011623139422214414	0.00009787148585217526	0.00008276537972143439	0.00007027245514644772	0.0000598908933578156	0.00005122487195529343	0.00004396014922197716	0.00003784573338058646
4.634469197362881	0.3333333333333333	0.11184252953373258	0.05151321939608701	0.027796250619279587	0.016512342461356744	0.010471002305012096	0.006964103396727261	0.00480423210798337	0.003412117720106078	0.002481821461352711	0.0018415053643820235	0.0013897796318961529	0.0010643551251838035	0.0008256491566100456	0.0006477751260371142	0.0005133791097798254	0.0004105734879443408	0.00033105887056516056	0.00026894237969803315	0.00021997618467203687	0.00018105633989026114	0.00014988662824636908	0.00012474919542681905	0.00010434560549975699	0.0000876851303813959	0.00007400521528066352	0.00006271417580879567	0.000053349457555536015	0.000045546921575276534	0.00003901802926019727	0.00003353274557004276
4.698941086052154	0.3333333333333333	0.10998941796122827	0.05007077517297529	0.02677556653394163	0.015789020303673955	0.009949483494752769	0.00658082284276372	0.004517464713752559	0.003194097149867287	0.0023136986899222065	0.0017102207217909076	0.0012861090032878146	0.000981668014531079	0.0007591030823596406	0.0005937823728362364	0.0004692469275908841	0.000374256965841182	0.00030098840117699324	0.00024390138042872268	0.00019901323718316688	0.0001634212583827914	0.00013498339648046953	0.00011210094883519267	0.00009356831659093684	0.00007846765218401969	0.00006609401711339353	0.00005590157503837566	0.00004746447914559544	0.000040448149222222865	0.00003458797766422285	0.0000296734029851891
4.764309868054157	0.3333333333333333	0.10815073836136664	0.04865522594206856	0.02578259145216036	0.015090404981607158	0.009448901934221555	0.006214941532294085	0.004245059472429552	0.0029879214802784847	0.002155363957977161	0.0015870515720282693	0.0011891941069513841	0.0009046287451028089	0.0006972990697367552	0.0005437881316180782	0.00042850023049121564	0.0003408182781262265	0.0002733735350138176	0.00022096329626981501	0.00017985738565823848	0.0001473441644759606	0.00012142757804976227	0.00010062146466617488	0.00008380769420476231	0.000070136921155464	0.00005895823694184171	0.00004976870352204322	0.00004217674580282098	0.00003587532298992688	0.00003062207825313819	0.000026224520561454702
4.830588020397727	0.3333333333333333	0.10632687086069037	0.04726659424779765	0.024817022945921245	0.014416016888620114	0.008968707238803665	0.0058659002175582954	0.003986480969484754	0.002793094655337016	0.0020063664471511445	0.001471592977258654	0.0010986738190795562	0.0008329166616569187	0.000639953106136832	0.0004975411617721018	0.0003909168613985743	0.00031006095281101685	0.0002480404172816954	0.00019997415563415978	0.00016237212547340514	0.00013270389648608255	0.00010911149335293215	0.00009021491836969233	0.0000749783477408722	0.00006261673985045107	0.0000525297869565151	0.00004425463642810065	0.00003743166795102968	0.000031779464129148954	0.000027076328377473477	0.000023146514944174478
4.897788193684462	0.3333333333333333	0.10451818203564268	0.04590488119246579	0.023878541887554856	0.013765367906957456	0.008508348022924828	0.005533144377069592	0.0037412024728114904	0.002609131815141943	0.0018662679670996165	0.0013634532847273725	0.0010142004210478615	0.0007662242734217169	0.0005867938696716244	0.0004548022970109432	0.0003562860420858341	0.0002817991661243038	0.00022482510543676262	0.00018078917770869237	0.00014642944851756023	0.00011938712992482356	0.00009793467985358157	0.0000807921233527699	0.00006700098666963616	0.000055836513340326544	0.000046745723054947866	0.000039303170555448914	0.00003317899005908847	0.000028115572501316683	0.000023910378369160242	0.000020403157644256035
4.96592321450336	0.3333333333333333	0.10272502470921625	0.04457006684537425	0.022966813297786312	0.013137962393431258	0.008067272813952593	0.005216124958526064	0.0035087064744819805	0.002435559642645649	0.001734643129840955	0.0012622541567970664	0.0009354395131765108	0.000704257077473018	0.0005375624840202934	0.0004153441502962852	0.0003244080433360049	0.0002558573900883549	0.00020357320385185618	0.0001632724017772053	0.00013190947300991678	0.00010728801224744747	0.00008780353506549293	0.00007227018460539842	0.00005980208648554734	0.000049730928615784596	0.000041547938373159226	0.000034862532329647355	0.00002937251317327837	0.000024842363518206575	0.00002108728260944201	0.000017961339845305163
5.035006087879047	0.3333333333333333	0.10094773777164869	0.04326211063492797	0.022081487204923707	0.012533298152963907	0.007644930936522014	0.004914299081855424	0.0032884851885210853	0.002271916666721635	0.0016110794834891	0.0011676305650518007	0.0008620698981266305	0.0006467333570386645	0.0004920122537331313	0.00037895080423670877	0.0002950938451019949	0.000232070034105346	0.00018413949597077733	0.0001472963170044792	0.00011870007628633596	0.0000963078026548299	0.00007863096630024079	0.00006457216048936861	0.0000533135638887464	0.00004423964405687014	0.000036882867509713076	0.000030885096934859025	0.000025969828874888195	0.00002192201666690379	0.000018573262234292576	0.00001579084881127838
5.105049999754062	0.3333333333333333	0.09918664602532482	0.04198095183189044	0.02122219951270288	0.011950867398198544	0.007240773362278557	0.004627130701675752	0.003080041004868089	0.002117753522381097	0.0014951776067699647	0.0010792307502102154	0.000793783435698502	0.0005933839569357979	0.00044990838201349815	0.0003454174889115495	0.0002681647885079559	0.00021028108224401432	0.00016638757547668084	0.0001327414940369161	0.00010669653173738994	0.00008635451796413943	0.00007033604803137435	0.00005762673322956978	0.00004747246175760188	0.00003930698940449019	0.00003270120175960259	0.000027327118793406923	0.000022932064780368613	0.0000193199356535211	0.00001633747943686259	0.000013864155789406011
5.176068319505676	0.3333333333333333	0.09744206005348811	0.04072651001237975	0.020388572874338397	0.011390157692262879	0.0068542535438525206	0.004354091228631684	0.0028828868997845974	0.0019726331691930906	0.001386551165809426	0.0009967161496357154	0.0007302848708636732	0.0005439520381088727	0.0004110276729717735	0.00031455024902141696	0.00024345222145900038	0.00019034372783446407	0.00015018947791046842	0.0001194962196791892	0.00009580115098325646	0.00007734258546517305	0.00006284368763324132	0.00005136788920877405	0.000042220644386422245	0.00003488167658373772	0.00002895761559668379	0.000024148473531910752	0.000020223641634523337	0.00001700452013823932	0.00001435182327142581	0.000012156215253815339
5.248074602497725	0.3333333333333333	0.09571427611279448	0.039498685564765004	0.019580217570369735	0.010850652872885103	0.006484828181005625	0.00409466010923849	0.002696546803250419	0.0018361310689510649	0.0012848269347690107	0.0009197612943930566	0.0006712916374107792	0.0004981928132874376	0.000375158220304473	0.0002861656022053817	0.00022079713955037888	0.0001721200068927033	0.00013542531408193412	0.00010745613580966898	0.00008592293227276967	0.00006919250358262326	0.00005608430015849282	0.00004573460876772443	0.00003750450337705313	0.000030916521649423466	0.00002561050456928063	0.000021312411504889424	0.000017812041985215253	0.000014946948978268866	0.000012590706813241446	0.000010644275290922784
5.321082592667942	0.3333333333333333	0.09400357604938599	0.03829736021678433	0.018796732387941238	0.010331833955950092	0.00613195798555501	0.0038483253640355275	0.002520555923911024	0.0017078353238813432	0.0011896447819822191	0.0008480536775033127	0.0006165336387872963	0.0004558732657494022	0.0003420990843028865	0.0002600901902976788	0.00020004982388667548	0.00015548043180693664	0.00012198290652153191	0.00009652388360022459	0.00007697721599695019	0.00006183051106962406	0.00004999349272691086	0.00004067056676189545	0.00003327467449166252	0.000027368178048600507	0.000022621734704090236	0.000018785322883447146	0.000015667590371000365	0.000013120974844349839	0.000011030875483647032	9.307698888212403e-6
5.3951062251512765	0.3333333333333333	0.09231022723820095	0.03712239758426004	0.018037705499210775	0.00983318001644592	0.005795108393240791	0.0036145840840110773	0.00235446103235663	0.0015873467767113776	0.001100657623309833	0.0007812935956425244	0.0005657530083692584	0.000416771853141499	0.00031165995903935975	0.00023616042522388287	0.00018106947733698156	0.00014030362662560962	0.00010975743012472527	0.0000866087540090861	0.00006888534811169274	0.000055188265365291286	0.00004451175900986637	0.00003612384373409914	0.000029485765696729	0.000024196881323767438	0.00001995640344877367	0.00001653651425828765	0.000013763244900998234	0.000011502730030384445	9.65122630950068e-6	8.127795853337644e-6
5.470159628939716	0.3333333333333333	0.09063448254516804	0.03597364373962833	0.01730271533664621	0.00935416904515799	0.005473750242091208	0.003392942885442515	0.0021978207036224906	0.0014742790740368784	0.001017531344486559	0.0007191939659746015	0.0005187038510471658	0.00038067819826620816	0.00028366083151639624	0.00021422213115862308	0.00016372386066409897	0.00012647596519341426	0.00009865105804461388	0.00007762634541941145	0.00006157435217055593	0.00004920253065910508	0.00003958418420984298	0.00003204664813753262	0.000026096096555357994	0.000021366205314015577	0.000017582612123729202	0.000014537996652868302	0.00001207440005915071	0.000010070543234657985	8.432637850675991e-6	7.087665060455197e-6
5.546257129579107	0.33333333333333326	0.08897658031187057	0.03485092779848656	0.01659133146304117	0.008894278779503058	0.005167360413238686	0.003182918323376628	0.002050205519899655	0.0013682586945060707	0.000939944694274277	0.0006614801201613874	0.00047515196808487056	0.0003473927686943189	0.0002579316344948591	0.00019413018448482356	0.0001478889298753725	0.00011389121328665434	0.00008857261379257821	0.00006949822920161231	0.00005497661057727548	0.000043814876118309	0.000035160160853391	0.000028395049781994724	0.000023067449056748866	0.00001884282984976321	0.0000154712497985647	0.000012764284794009756	0.00001057870052276395	8.80476705477793e-6	7.357810498557782e-6	6.172046695146078e-6
5.623413251903491	0.3333333333333333	0.08733674436227717	0.033754062522350636	0.015903115434158243	0.008452987503925452	0.004875422433696269	0.0029840372642383215	0.001911198234635569	0.0012689249434113348	0.0008675891502690301	0.0006078895774721536	0.0004348745671626066	0.0003167265470051369	0.0002343118946434043	0.00017574815300887313	0.00013344847605045013	0.00010245017580417652	0.00007943723041162251	0.00006215162388488017	0.00004902955557915436	0.00003897138465137583	0.000031193115638885035	0.000025128724628985092	0.00002036482990805283	0.000016596319879962103	0.000013595788458723091	0.000011192207443671636	9.25586574776774e-6	7.68761590679107e-6	6.4111168222219385e-6	5.367184148012224e-6
5.701642722807475	0.33333333333333326	0.08571518403090386	0.03268284493581555	0.015237621651992878	0.008029774837305867	0.0045974270407594655	0.0027958372180751263	0.0017803938991764279	0.001175929915339786	0.0008001687592172288	0.0005581717989180502	0.00039765995947345075	0.0002885006933929511	0.00021265037757269044	0.00015894793579785505	0.00012029376880785806	0.0000920603499751707	0.00007116601749352631	0.00005551907853321406	0.000043675370437282084	0.00003462237250134381	0.0000276402475077955	0.00002221071099563904	0.00001795624425509568	0.00001459891591880004	0.000011932089282543608	9.800728556821173e-6	8.087525040363785e-6	6.703014051787228e-6	5.57846161702392e-6	4.660695189844462e-6
5.780960474057181	0.3333333333333333	0.08411209421203628	0.031637056956315274	0.014594398206752058	0.007624122459250643	0.00433287270784966	0.002617866631145555	0.0016573999533254036	0.0010889384265848282	0.0007373999537997758	0.0005120879243143994	0.0003633072456931718	0.00026254620230937797	0.00019280473123557012	0.0001436094049146563	0.00010832320447838465	0.00008263558545110884	0.00006368573671933049	0.00004953816583400952	0.00003886070112794083	0.00003072211988771688	0.000024462277040026123	0.00001960717716643175	0.000015812480744528185	0.000012825335651939872	0.000010458219808690195	8.570778996230858e-6	7.0570628064961e-6	5.836453390473908e-6	4.847151292458202e-6	4.041452047911806e-6
5.861381645140288	0.3333333333333333	0.08252765542929016	0.03061646603469078	0.01397298770565074	0.007235514836918534	0.0040812661317587585	0.0024496851396571444	0.0015418362811950523	0.0010076279190606992	0.000679011347564422	0.00046941049414260766	0.00033162599258741536	0.00023870355473737756	0.0001746411290891218	0.00012962005023515506	0.00009744195995955211	0.0000740957520564857	0.00005692848651356733	0.0000441511853233138	0.000034536378851869265	0.000027228612844863904	0.000021623207210355126	0.00001728720035537034	0.000013906907790917916	0.000011252586500178659	9.154281738252807e-6	7.485098505523288e-6	6.1494736467025745e-6	5.074860667508586e-6	4.2057722221614825e-6	3.499469993181914e-6
5.942921586155727	0.33333333333333326	0.08096203392493727	0.029620825804791875	0.013372928086981973	0.006863439904429888	0.0038421226814176483	0.002290863785579562	0.001433335233830255	0.000931688337491687	0.0006247435101495182	0.0004299231580445511	0.000302435901958136	0.00021682236761480213	0.00015803391432674238	0.00011687462843940695	0.0000875616531324951	0.00006636641588236757	0.000050831396316423406	0.000039304877091521857	0.00003065715355452668	0.000024103296338614735	0.00001909009548424142	0.000015222556910010493	0.000012215280868071394	9.859788900991227e-6	8.002249084783304e-6	6.528087616646673e-6	5.351226944192058e-6	4.406473712582905e-6	3.6440776685762215e-6	3.025804041895315e-6
6.025595860743578	0.3333333333333333	0.079415381768325	0.028649876740362165	0.012793753417597427	0.0065073897129573665	0.0036149668083811717	0.0021409851955380157	0.0013315416201361138	0.0008608219816673923	0.0005743487244491345	0.0003934203717361071	0.00027556647356383326	0.000196761041843986	0.0001428652463992587	0.00010527481717643089	0.00007860001063091756	0.00005937852431849964	0.000045336330895063304	0.0000349501462368601	0.00002718143859132396	0.000021310838681149703	0.000016832837177261025	0.000013387523602062418	0.00001071556060440182	8.62801003562501e-6	6.985816358923946e-6	5.685669147037148e-6	4.65014057822257e-6	3.820726334130831e-6	3.1528828878216027e-6	2.6124533716270516e-6
6.109420249055721	0.3333333333333333	0.07788783698269648	0.027703346817485618	0.012234994672457714	0.006166861047758335	0.003399332419460133	0.0019996437239592994	0.001236112667697102	0.0007947433355654648	0.0005275907276329316	0.00035970708407379455	0.00025085666357618373	0.00017838641023984394	0.0001290247509537996	0.00009472887531044791	0.00007048054366197479	0.00005306810053429704	0.000040389605035977234	0.00003104179826172184	0.00002407106660711931	0.00001881890720739161	0.000014823959953232648	0.000011758689807539893	9.387741427330416e-6	7.54010770107978e-6	6.090256451923156e-6	4.945158924787169e-6	4.03526338280177e-6	3.308141473836186e-6	2.723968016476582e-6	2.252273051514913e-6
6.1944107507678146	0.3333333333333333	0.07637952368968953	0.026780952180907126	0.011696180494770387	0.005841356011638316	0.003194763211944498	0.0018664455616081094	0.0011467179551157077	0.0007331788751440576	0.00048424443780366425	0.0003285984159498567	0.00022815454005977126	0.00016157338668286689	0.00011640917422862202	0.00008515131006577641	0.00006313223249138146	0.00004737594783681037	0.000035941708884714506	0.000027538285538963062	0.00002129105663921837	0.000016597955123964162	0.000013038429291638385	0.000010314780342264184	8.213690471396686e-6	6.580584002279419e-6	5.30228786401938e-6	4.2951453669697665e-6	3.496765962149766e-6	2.860232225587891e-6	2.349988341010378e-6	1.938892688453171e-6
6.2805835881331795	0.3333333333333333	0.07489055227076782	0.025882397812579356	0.011176837935409136	0.005530382574559621	0.0030008129720423358	0.0017410088108481183	0.0010630393175311427	0.0006758668565873929	0.000444095668048929	0.000299919332627271	0.00020731693688249469	0.00014620461765595507	0.00010492204285179486	0.00007646255179856576	0.00005648922012020392	0.00004224736425504029	0.00003194704412796097	0.000024401464911781777	0.00001880939239773374	0.00001462101939437238	0.00001145346471518131	9.036488685945313e-6	7.17699643878561e-6	5.735448519814615e-6	4.609950909186125e-6	3.7253775266281126e-6	3.0258394690047525e-6	2.4694103209206327e-6	2.0243915522339195e-6	1.6666415954842035e-6
6.367955209079159	0.33333333333333326	0.07342101954481439	0.025007378200831598	0.010676493170519535	0.005233455089140086	0.0028170458372452226	0.0016229635289572192	0.000984770727001611	0.0006225570868303233	0.0004069408295968458	0.000273504311057747	0.00018820910738253654	0.00013217013725582902	0.00009447332990216298	0.00006858863703660279	0.00005049051559901343	0.00003763186762504252	0.000028363671145786464	0.000021596366431883403	0.000016596811626465077	0.000012863529481340864	0.000010048366533140857	7.906320299876808e-6	6.262828079188697e-6	4.992090592603739e-6	4.0024925168371665e-6	3.2266612175829664e-6	2.614601949460491e-6	2.1289016840206102e-6	1.7413415911351644e-6	1.4304800951130634e-6
6.456542290346556	0.33333333333333326	0.07197100896110167	0.024155578008604576	0.01019467219598905	0.004950094771972153	0.002643036523434143	0.0015119517409084892	0.0009116181494475313	0.0005730106780768823	0.0003725866257325291	0.00024919700365347194	0.0001707043790341729	0.00011936702668141356	0.00008497912800286799	0.00006146090034399148	0.00004507970734669352	0.00003348293137935156	0.000025153067199171745	0.000019090973186335133	0.000014626606401445749	0.0000113031267291398	8.80435282546575e-6	6.9084457193326994e-6	5.457801938084904e-6	4.339160342454843e-6	3.4702592435509434e-6	2.790762822882548e-6	2.256011858342671e-6	1.8326686628158108e-6	1.4956486985456402e-6	1.2259365785676026e-6
6.546361740672749	0.3333333333333333	0.07054059080683467	0.023326672739247774	0.009730901498132856	0.004679830150810079	0.0024783705176323234	0.0014076274230738859	0.000843299379858315	0.0005269997878751997	0.0003408497380740458	0.00022684989990781116	0.00015468381026980047	0.00010769907911364454	0.00007636133013134866	0.00005501567548594253	0.00004020468677155901	0.000029757731177524746	0.000022279895659705156	0.000016856012113843195	0.000012874434182906026	9.919494135123111e-6	7.704406366122697e-6	6.028563081846692e-6	4.749859008449259e-6	3.766458058579119e-6	3.0045981034347807e-6	2.410320392168375e-6	1.94378835190158e-6	1.5753385482510305e-6	1.2827052890169936e-6	1.0490499519002457e-6
6.637430704019088	0.3333333333333333	0.06912982242845127	0.022520329398430523	0.009284708699498219	0.004422197477733578	0.002322644237395805	0.0013096564593476504	0.0007795438574621541	0.00048430734690662757	0.00031155650674370727	0.00020632398718200602	0.00014003585052996164	0.00009707647081412867	0.00006854731874561503	0.00004919400629055314	0.00003581738238089173	0.000026416902452210446	0.000019711786234674342	0.000014864755666128415	0.00001131813939954401	8.694196230463893e-6	6.733131161923221e-6	5.253769736487402e-6	4.128149910336008e-6	3.2648315543595964e-6	2.597764824163681e-6	2.078761635197017e-6	1.672337969567388e-6	1.3521380013223522e-6	1.09842727881808e-6	8.96317111026709e-7
6.729766562843177	0.3333333333333333	0.06773874846585759	0.02173620715077811	0.008855623179134745	0.004176741108603877	0.0021754651579121084	0.001217716571217718	0.0007200924625473573	0.00044472677555345885	0.0002845426059036888	0.0001874884118948019	0.0001266560045274296	0.00008741543918449314	0.00006146966374508575	0.000043941367529595094	0.000031873504640766225	0.000023424308887168296	0.000017419126091678125	0.000013092834129569572	9.937585311559191e-6	7.610528765038873e-6	5.876618264684907e-6	4.572442566788466e-6	3.582928215504411e-6	2.8260811058711203e-6	2.242839136738593e-6	1.7902284229910178e-6	1.436687323432462e-6	1.1588330165671916e-6	9.392005088760062e-7	7.64645100120702e-7
6.823386941416696	0.3333333333333333	0.06636740109876575	0.020973957969904894	0.008443176666675614	0.003943013849135423	0.0020364519079240605	0.001131497223336198	0.0006646972966053691	0.00040806169121195425	0.00025965271605463917	0.00017022014227041068	0.00011444650162609934	0.00007863796844450655	0.000055065829705713425	0.00003920739607397049	0.000028332301500458726	0.000020746821790160397	0.000015374861742319205	0.000011518058386239124	8.714495870746569e-6	6.653377870403031e-6	5.122320499934219e-6	3.974126650922319e-6	3.105451530009505e-6	2.4428715815246625e-6	1.933646710363515e-6	1.5395074143411567e-6	1.232421422750651e-6	9.916740612531153e-7	8.018319155382907e-7	6.513076210137116e-7
6.918309709189364	0.33333333333333326	0.06501580030430103	0.020233227280580916	0.008046903809698091	0.003720577268063538	0.0019052343357207372	0.0010506995061545928	0.0006131214474403195	0.00037412560775754237	0.00023674019442283914	0.0001544036337179066	0.00010331597115102053	0.0000706714835055659	0.00004927789275381693	0.00003494563247398926	0.000025156324793806058	0.000018354110274610435	0.00001355431150445776	0.000010120252861758628	7.632307271910953e-6	5.809088357611587e-6	4.458935744204368e-6	3.4494318767793817e-6	2.687889946222815e-6	2.108651374521334e-6	1.6646873492907266e-6	1.321966433406197e-6	1.0556272708388795e-6	8.473460412418012e-7	6.835051150406948e-7	5.539055751952404e-7
7.014552984199712	0.3333333333333333	0.0636839541250439	0.019513654591834642	0.007666342711282391	0.003509001977961541	0.001781453546381942	0.0009750359971962142	0.0005651387408582671	0.00034274162865779377	0.00021566674468612564	0.00013993049783257982	0.00009317912436286447	0.00006344855253726602	0.000044052267371232675	0.00003111327318547829	0.000022311207390991086	0.000016218442119368283	0.000011934988326815583	8.881098379907474e-6	6.676028869756986e-6	5.06534079307521e-6	3.876298375089928e-6	2.9899371265866975e-6	2.3232414768271367e-6	1.8175777542998104e-6	1.431069075785073e-6	1.1334962337154763e-6	9.028423831187709e-7	7.229227572309357e-7	5.817400812894219e-7	4.703313343661854e-7
7.11213513653329	0.33333333333333326	0.062371858946673506	0.018814874119860422	0.0073010354533888724	0.0033078678843499534	0.0016647619116148937	0.0009042306025374721	0.0005205334804886876	0.0003137421351474845	0.0001963020872118185	0.00012669917592744658	0.00008395644374886042	0.00005690659864882457	0.00003933944335630155	0.000027670933335746296	0.000019765451067289932	0.00001431449513576608	0.000010496432728308031	7.783984620465818e-6	5.83211311904256e-6	4.411036985452567e-6	3.3652785133509487e-6	2.5881016453250097e-6	2.005254086698609e-6	1.5644482596015415e-6	1.228447732276897e-6	9.70457294759912e-7	7.710078874164849e-7	6.158255285866302e-7	4.943566109793694e-7	3.9873645077049936e-7
7.211074791828996	0.33333333333333326	0.061079499784385746	0.018136515399682113	0.006950528565918499	0.0031167644038202183	0.0015548230534936226	0.0008380183800618799	0.00047910017742491926	0.0002869684708140699	0.00017852363090181277	0.00011461461792153028	0.00007557388020314665	0.00005098762103439221	0.00003509373310099332	0.000024582420203727495	0.000017490224969516052	0.000012619178835324923	9.220055577204775e-6	6.8138718571788035e-6	5.088334182938826e-6	3.836193509560464e-6	2.9176886742714823e-6	2.2371832092348233e-6	1.728353944004524e-6	1.3446377639243297e-6	1.0529717460776248e-6	8.296313093278476e-7	6.574258808671573e-7	5.237856760927854e-7	4.194412844521302e-7	3.375025327736061e-7
7.3113908348341745	0.3333333333333333	0.05980685057726335	0.017478203884553865	0.006614373494607976	0.0029352906519687174	0.0014513118034622714	0.0007761453460360319	0.00044064327072710903	0.00026227062387323074	0.00016221614766136165	0.00010358796733111431	0.00006796255859290187	0.00004563792586197553	0.000031273029284260316	0.000021814517270173806	0.000015459174525238153	0.000011111466159858398	8.088990411920985e-6	5.9571616367967595e-6	4.433674844997488e-6	3.3318428891788816e-6	2.526197445926477e-6	1.9311627148971327e-6	1.4875795190685765e-6	1.1540408537586099e-6	9.012317115161628e-7	7.08177032617473e-7	5.597207316212119e-7	4.4481056950943904e-7	3.553176463478675e-7	2.8521502713661966e-7
7.413102413009175	0.3333333333333333	0.058553874489787425	0.016839561532218036	0.006292127027714407	0.002763055602003769	0.0013539141379821547	0.0007183682665359796	0.00040497684091898715	0.00023950690834341061	0.0001472714504293719	0.00009353625303134752	0.0000610584921328555	0.000040807867120021014	0.000027838573025598217	0.000019336778781618786	0.000013648240603358633	9.772235008184866e-6	7.087954985738402e-6	5.201576047665827e-6	3.858221353655819e-6	2.8899420592064417e-6	2.18424981475536e-6	1.6646748154942362e-6	1.278521168355927e-6	9.89019170879191e-7	7.702144567972562e-7	6.035901777368904e-7	4.758040279757348e-7	3.7715296051052825e-7	3.0051934413270544e-7	2.406396639698295e-7
7.516228940182055	0.3333333333333333	0.05732052421968922	0.01622020737714361	0.005983351697566671	0.0025996782149482127	0.0012623270922171009	0.0006644544352257606	0.0003719243171947127	0.00021854364525595183	0.00013358807562973042	0.00008438208837871565	0.00005480230592007654	0.000036451597577884495	0.000024754732495029252	0.000017121334691643087	0.00001203548870230389	8.584119270050687e-6	6.203121701857694e-6	4.53604521709557e-6	3.353065824577782e-6	2.503287728641855e-6	1.8859937636414315e-6	1.4329442386686752e-6	1.097265851088227e-6	8.463533818999486e-7	6.572612761104977e-7	5.136670563145767e-7	4.03842892089038e-7	3.192833369602681e-7	2.537659785548742e-7	2.027013354435449e-7
7.62079010025412	0.3333333333333333	0.05610674231135486	0.01561975808798071	0.0056876161544478785	0.0024447875424140142	0.0011762586531594724	0.0006141814389577646	0.00034131818002600296	0.00019925484496407275	0.00012107097082571122	0.00007605337821031487	0.0000491389699135341	0.00003252682992582569	0.000021988791894283634	0.00001514270581003747	0.00001060094791377105	7.531369058007153e-6	5.421996592683458e-6	3.9506026704889985e-6	2.9102158250998248e-6	2.165438269090026e-6	1.6262127743198684e-6	1.231727429679305e-6	9.403466372980779e-7	7.231994510789256e-7	5.600300213144407e-7	4.3647167742309734e-7	3.422313903434288e-7	2.6986504870754563e-7	2.1394143441115438e-7	1.704651939607559e-7
7.726805850957024	0.33333333333333326	0.054912461474012186	0.01503782850952458	0.005404495513026044	0.002298022802972248	0.00109542763360068	0.0005673369126276994	0.00031299966030938313	0.00018152189154000073	0.00010963118828329164	0.00006848303416387812	0.0000440175415789948	0.000028994608220144663	0.000019510750798023512	0.000013377628956838889	9.326459385553764e-6	6.599719811688974e-6	4.7333064879274685e-6	3.4362881817563236e-6	2.5225107663872163e-6	1.8706417586852026e-6	1.4002638741581614e-6	1.0572591740897954e-6	8.046966783830263e-7	6.17048905820412e-7	4.764607618391679e-7	3.703060327335833e-7	2.8956478752482003e-7	2.2773197067413914e-7	1.8007447483095407e-7	1.4311976980843266e-7
7.834296427662118	0.3333333333333333	0.05373760490394389	0.014474032188554817	0.0051335716716425055	0.0021590334331850385	0.0010195635283452012	0.0005237182846754743	0.00028681843626062717	0.0001652332301755218	0.00009918558507458086	0.0000616086986933516	0.000039390918359504776	0.000025819089481022545	0.000017293133568961916	0.000011804891888577092	8.19553398626399e-6	5.776269936009879e-6	4.126894009761472e-6	2.985057743614e-6	2.1835447323767124e-6	1.613769818258193e-6	1.2040208769523712e-6	9.062038658080728e-7	6.876073242186345e-7	5.256927982529574e-7	4.0474473582756483e-7	3.1368331049896655e-7	2.4461640623701926e-7	1.9186848319358574e-7	1.5132139658228607e-7	1.1996192220489328e-7
7.943282347242816	0.3333333333333333	0.05258208660999111	0.013927981882998212	0.004874433604790658	0.0020274791143824766	0.0009484063540565989	0.00048313251457798623	0.00026263232918230853	0.00015028405842749872	0.00008965653027989356	0.00005537247808873868	0.00003521560007877143	0.000022967335529654203	0.000015310808819517046	0.000010405177738283472	7.193218857603287e-6	5.049366625015101e-6	3.5936200296344314e-6	2.5897002877653542e-6	1.8875953799563764e-6	1.3902568850312636e-6	1.0338224781544702e-6	7.756110987422978e-7	5.866900844778543e-7	4.471890806278866e-7	3.43296330376262e-7	2.653037960310782e-7	2.0631686821238817e-7	1.6139156404782642e-7	1.2695055783161146e-7	1.0038345109064131e-7
8.053784411990666	0.33333333333333326	0.0514458117416315	0.01339929005384519	0.004626677629266763	0.0019030297763495824	0.0008817064741079778	0.0004453958236308937	0.00024030699916330182	0.00013657602207690358	0.00008097161977655882	0.00004972068474608559	0.00003145146130278915	0.00002040911488122932	0.000013540818625623305	9.160918688724636e-6	6.305972526019693e-6	4.4084995162936195e-6	3.125273220262637e-6	2.2437607884385997e-6	1.6295585518894821e-6	1.1960445788895855e-6	8.864248766889005e-7	6.628752734559255e-7	4.998421458077762e-7	3.798331266369464e-7	2.907278432740218e-7	2.2403323040244597e-7	1.7373550814687094e-7	1.3553480058940302e-7	1.0632860326127151e-7	8.385920992132772e-8
8.165823713585924	0.3333333333333333	0.05032867691893692	0.012887569339579106	0.004389907644455094	0.0017853655790205129	0.0008192244097882668	0.0004103334202495359	0.00021971564170118212	0.00012401691629801442	0.00007306339903462056	0.00004460358887403782	0.000028061533738260086	0.000018116714586277155	0.000011962217288285328	8.056158579765613e-6	5.521548234917676e-6	3.844201816737113e-6	2.7144863374786595e-6	1.9414693880987495e-6	1.4048882525117168e-6	1.0275308271514796e-6	7.589586080530535e-7	5.656989238371745e-7	4.2521517079044336e-7	3.221311454850287e-7	2.4582679319994566e-7	1.888834140171557e-7	1.460637648218235e-7	1.1363414386179979e-7	8.890822441428683e-8	6.993657207644963e-8
8.279421637123342	0.3333333333333333	0.04923057056373781	0.012392433012508319	0.00416373534731674	0.0016741768733838926	0.0007607306391899178	0.00037777922108485796	0.00020073868617018925	0.0001125203927639583	0.00006586909427438046	0.000039975179767455895	0.000025011798496981753	0.00001606476184614236	0.000010555919380755308	7.076424135559304e-6	4.828885150859137e-6	3.3479585388158872e-6	2.354658869863225e-6	1.677676191133833e-6	1.2095416460128903e-6	8.815234255467054e-7	6.488892865409617e-7	4.82059482783259e-7	3.611871190251857e-7	2.727762499379397e-7	2.0753555993713425e-7	1.5899485540955372e-7	1.2260036784355377e-7	9.511523966531724e-8	7.421730555717621e-8	5.822611526785501e-8
8.394599865193975	0.3333333333333333	0.04815137323134656	0.011913495416890432	0.003947780422688071	0.001569164142759713	0.0007060053850735774	0.00034757556876969733	0.00018326349698915797	0.0001020056732460646	0.000059330352278452506	0.00003579293672622712	0.000022270988269490286	0.000014230055202042547	9.304556802878255e-6	6.208604485209768e-6	4.2180070921910525e-6	2.9121214872035058e-6	2.039885699162808e-6	1.4477913797319552e-6	1.0399287479588546e-6	7.551977256402977e-7	5.53981968033412e-7	4.101792200994751e-7	3.0633684509393523e-7	2.306269539298925e-7	1.7493314983662313e-7	1.3362127939785258e-7	1.027381514477221e-7	7.948218401893296e-8	6.184931719720154e-8	4.839339949891842e-8
8.511380382023766	0.3333333333333333	0.04709095794221469	0.011450372388538445	0.0037416707095454015	0.0014700379256318867	0.0006548383929712932	0.0003195729479163904	0.000167184078275937	0.00009239727019779397	0.00005339298909180055	0.000032017609648694905	0.000019810399209498678	0.00001259140507043852	8.192344546975347e-6	5.440838641468763e-6	3.679928426045618e-6	2.529830638303061e-6	1.7648914212019597e-6	1.2477303158125861e-6	8.928664924314642e-7	6.460581520303444e-7	4.7226885870482063e-7	3.48498100098451e-7	2.5942124249919504e-7	1.946878896234052e-7	1.472188959143512e-7	1.1211582191208653e-7	8.595233941649501e-8	6.630756240791088e-8	5.145483064026191e-8	4.015172467529096e-8
8.629785477669705	0.3333333333333333	0.046049190512924776	0.011002681655758878	0.003545042343935896	0.001376518721218383	0.0006070287007523484	0.0002936296998055483	0.00015240078270768625	0.00008362471474957472	0.000048006747787245964	0.00002861300928407043	0.000017603712399086066	0.000011129483374264573	7.204954865648693e-6	4.762410595693644e-6	3.2065667794663757e-6	2.194941559794054e-6	1.524969985126716e-6	1.0738633035607002e-6	7.655368695866432e-7	5.519032661577944e-7	4.0202010907607115e-7	2.9564932064054564e-7	2.1935471680772212e-7	1.640925472638566e-7	1.2369791501649267e-7	9.391875152837288e-8	7.179015720700846e-8	5.522364355930123e-8	4.273403761519274e-8	3.325576390069904e-8
8.74983775227436	0.3333333333333333	0.04502592988594427	0.010570043221480871	0.0033575398793135487	0.0012883368789565522	0.0005623844008352149	0.00026961173710641546	0.00013882002524037463	0.00007562229247892865	0.00004312506542125754	0.000025545807086787742	0.000015626824705317613	9.826681999770465e-6	6.32939952090502e-6	4.16365168351333e-6	2.7906622123055743e-6	1.9019585235204598e-6	1.3159293181660166e-6	9.229696986544193e-7	6.554488413969321e-7	4.707941073448097e-7	3.417174469700508e-7	2.504373094799859e-7	1.8519078504195862e-7	1.380878549408322e-7	1.0376815741107132e-7	7.854656992035472e-8	5.986163886462204e-8	4.591460923807442e-8	3.54301690159488e-8	2.7495977801088318e-8
8.871560120379607	0.3333333333333333	0.04402102845759368	0.01015207972654398	0.0031788163850532247	0.0012052324730723433	0.0005207223961857868	0.00024739225936402183	0.00012635400227609434	0.00006832878726097696	0.00003870484925553728	0.000022785344577979278	0.000013857688816059233	8.666979792157878e-6	5.553919785818145e-6	3.6358498742097413e-6	2.425702503304043e-6	1.6459729726755477e-6	1.1340406134836701e-6	7.921960625059092e-7	5.60403756697178e-7	4.010255555990172e-7	2.9003041699361336e-7	2.11817967682898e-7	1.5610561203044856e-7	1.1602042811818573e-7	8.690889647380743e-8	6.558235505556642e-8	4.9831507176559046e-8	3.810971169662828e-8	2.9323716222053883e-8	2.2693723922748477e-8
8.994975815300352	0.3333333333333333	0.04303433240370923	0.009748416794139578	0.0030085335239453176	0.0011269551633890326	0.0004818681511963536	0.00022685147012356304	0.0001149204168037287	0.00006168723344793971	0.000034706262274034565	0.000020303452085031356	0.000012276162219594713	7.635817789680813e-6	4.8678838643832125e-6	3.171165637517167e-6	2.1058542061998123e-6	1.4226070131127626e-6	9.759919699358486e-7	6.790180725901353e-7	4.784640002407455e-7	3.411004746661771e-7	2.457950080791218e-7	1.788809634901045e-7	1.3138330726468327e-7	9.732433134717815e-8	7.267051791321658e-8	5.466722199913048e-8	4.14120157998262e-8	3.157725994068578e-8	2.422736725761045e-8	1.8696983435886877e-8
9.120108393559097	0.3333333333333333	0.042065682002506356	0.009358683355426743	0.0028463616094987075	0.0010532640435140142	0.0004456554384920972	0.00020787629646013098	0.00010444220997729822	0.00005564467657270067	0.000031092517985202406	0.000018074276699453182	0.000010863864872761247	6.719982385243196e-6	4.261691392059743e-6	2.762554044167026e-6	1.8258991396171077e-6	1.2279616085394698e-6	8.388460844811228e-7	5.812059130779232e-7	4.079246242633111e-7	2.89706407678853e-7	2.0799446428566582e-7	1.5083389319328235e-7	1.1040281872572982e-7	8.151020652022621e-8	6.06654791883182e-8	4.5492786627436605e-8	3.435665177074044e-8	2.6119344896521596e-8	1.9981578251183247e-8	1.537663420239268e-8
9.246981739382225	0.3333333333333333	0.041114911954178365	0.00898251195643402	0.002691979643900559	0.0009839274775215673	0.00041192608266259987	0.00019036011162515914	0.00009484729953718609	0.000050151942721003	0.000027829684439213297	0.000016074119265964864	9.604045285544842e-6	5.907496096582552e-6	3.7266846785563113e-6	2.403692760859863e-6	1.5811759826717387e-6	1.058569170156e-6	7.200017104563373e-7	4.967928833541791e-7	3.4728772467370866e-7	2.456946114409111e-7	1.757420874111009e-7	1.2698813852281946e-7	9.262627212161848e-8	6.815563342444129e-8	5.056032039641897e-8	3.779452739370567e-8	2.8454605871583597e-8	2.1567221889189653e-8	1.6450708275491255e-8	1.2623208630175839e-8
9.375620069258803	0.3333333333333333	0.04018185169679099	0.008619539046438734	0.0025450753374980915	0.0009187229262254597	0.00038052970186525754	0.0001742024614610883	0.00008606832542256669	0.000045163416669425784	0.000024886497427933647	0.000014281280191668913	8.481454736255928e-6	5.187515620686974e-6	3.2550663554771815e-6	2.088915606234149e-6	1.367526657509126e-6	9.113502428209952e-7	6.171586077856693e-7	4.240469755699337e-7	2.95239337795796e-7	2.080612288261893e-7	1.4826585294279964e-7	1.0674626218661886e-7	7.758861564517859e-8	5.6896599184693646e-8	4.2068617940100684e-8	3.134594952801188e-8	2.3525926802317795e-8	1.7777276582744982e-8	1.3519652697141403e-8	1.0344076318575988e-8
9.506047936562814	0.3333333333333333	0.03926632571806143	0.008269405245789424	0.0024053451106819243	0.0008574367641082318	0.0003513234481959546	0.00015930879517695687	0.00007804240286891884	0.000040636828842024116	0.0000222341826556833	0.000012675913843292522	7.482229320371617e-6	4.550236844963473e-6	2.839823094336182e-6	1.8131513416348222e-6	1.1812471901938912e-6	7.835740019016545e-7	5.282857243065244e-7	3.6144518577921425e-7	2.506286469411612e-7	1.7593041188472054e-7	1.2489467338806353e-7	8.95907952417488e-8	6.48884414118534e-8	4.741996343375175e-8	3.4944781718873e-8	2.5953464699551938e-8	1.9417282994376908e-8	1.4627507706584267e-8	1.1090916672521061e-8	8.461003418389745e-9
9.638290236239705	0.3333333333333333	0.0383681538626372	0.007931755606030936	0.0022724940790461445	0.0007998640879442356	0.0003241717476702093	0.00014559020102008547	0.00007071088323260295	0.000036533051097403067	0.000019846286824075415	0.0000112398912826381	6.593779527708767e-6	3.9868064866683206e-6	2.474655064952904e-6	1.5718673788817179e-6	1.019042752331123e-6	6.728222874613665e-7	4.515923606264744e-7	3.07650336794376e-7	2.1244930137284718e-7	1.4853922098227754e-7	1.050461551839996e-7	7.507428115874161e-8	5.417986522508872e-8	3.9456815707186456e-8	2.897860543715084e-8	2.1451907230696182e-8	1.599826322316365e-8	1.2014466518604977e-8	9.082076409756027e-9	6.908041197646004e-9
9.772372209558107	0.33333333333333326	0.037487151634516935	0.007606239831324366	0.002146236022744996	0.0007458085181212637	0.00029894604060547517	0.00013296314732298762	0.00006401912273523324	0.00003281590132003955	0.00001769851740088643	9.956671076226085e-6	5.80468703660317e-6	3.4892400330340633e-6	2.1539108101956433e-6	1.3610180966268255e-6	8.779865973655403e-7	5.769569152141278e-7	3.8550208425775e-7	2.614902040379579e-7	1.7982266310007771e-7	1.2522413760265e-7	8.82157067974903e-8	6.281045223150893e-8	4.51653562264201e-8	3.27766306332289e-8	2.3990487882223253e-8	1.7700615445148855e-8	1.3158153946597267e-8	9.850599057353782e-9	7.423581303058999e-9	5.6297036415462245e-9
9.908319448927676	0.3333333333333333	0.03662313049428225	0.0072925125030771955	0.0020262933409010194	0.0006950819936313124	0.00027552452313743975	0.00012134922935030449	0.00005791625927406853	0.00002945195675484308	0.000015768590893819228	8.811177896337232e-6	5.104608410035962e-6	3.05034565719818e-6	1.8725272202452371e-6	1.176997467106571e-6	7.554826175335094e-7	4.940900166192271e-7	3.286291718697049e-7	2.219387487413703e-7	1.5198280946307253e-7	1.0540904024887555e-7	7.396686681315635e-8	5.2466424164258433e-8	3.758941731610576e-8	2.7182134980063966e-8	1.9827250717655497e-8	1.4580013672287494e-8	1.0803137539361083e-8	8.061942835998637e-9	6.056855060786296e-9	4.579397709197754e-9
10.046157902783952	0.3333333333333333	0.03577589815083536	0.0069902332768928275	0.0019123969919844878	0.0006475045616647877	0.000253791890589053	0.00011067492231808083	0.00005235499740092104	0.000026410375992208928	0.000014036089409087666	7.789688643854546e-6	4.4841853769859655e-6	2.663653789271151e-6	1.625974297851679e-6	1.0165957059869157e-6	6.492312598019193e-7	4.225571734855758e-7	2.7975737168662333e-7	1.8809927552224472e-7	1.2826313155662014e-7	8.859450427356542e-8	6.19227311949688e-8	4.3755804279219906e-8	3.123302598033598e-8	2.2504808543261297e-8	1.6358485475196917e-8	1.1988636838117337e-8	8.853861329874655e-9	6.5861347561732234e-9	4.9326585187878746e-9	3.718074025726624e-9
10.185913880541168	0.33333333333333326	0.03494525884736348	0.006699067064706186	0.0018042864210387115	0.0006029041627047243	0.00023363908324646154	0.00010087134090723326	0.00004729140153119163	0.000023662729482108852	0.000012482325260340222	6.879725770285861e-6	3.934961382518699e-6	2.323352027501131e-6	1.410204415278693e-6	8.769596694219903e-7	5.57198551697263e-7	3.6089312541171604e-7	2.3782079076307827e-7	1.5918934370223842e-7	1.0808438016519913e-7	7.434829715326743e-8	5.175836886276476e-8	3.643261782892568e-8	2.5908753341815647e-8	1.8600948219614526e-8	1.347336902919689e-8	9.840545471840182e-9	7.243332604165442e-9	5.370691695769896e-9	4.009680983265722e-9	3.0130694717545693e-9
10.327614057613975	0.3333333333333333	0.03413101364127602	0.006418684200408002	0.0017017094746313382	0.0005611164119785083	0.00021496303521208087	0.00009187400554473826	0.00004268469740658661	0.00002118283843000849	0.000011090213379083952	6.0699575284824645e-6	3.4493040920707003e-6	2.0242250813271375e-6	1.2216057736249116e-6	7.55556734267885e-7	4.775880005965312e-7	3.0780984121368646e-7	2.018867244422403e-7	1.3452727363805323e-7	9.094402201326387e-8	6.229695109764542e-8	4.319412407940205e-8	3.028596536822624e-8	2.1456486871683574e-8	1.5348231437846094e-8	1.1077892924185718e-8	8.063084369903559e-9	5.915099543457916e-9	4.371529478333046e-9	3.253330709472483e-9	2.4371164562524623e-9
10.471285480508996	0.3333333333333333	0.0333329606778853	0.00614876058937221	0.0016044223043991902	0.0005219843780845043	0.00019766642684954184	0.0000836226156799815	0.000038497081799858256	0.000018946621904507914	9.844151265958383e-6	5.350104832846704e-6	3.0203335388791397e-6	1.7615994459994491e-6	1.0569597858295264e-6	6.501419094895719e-7	4.0881514272285234e-7	2.6217675811419336e-7	1.7114025745083452e-7	1.1352010079503001e-7	7.640677973118572e-8	5.21183045192525e-8	3.598971294032691e-8	2.513533205441401e-8	1.7739689278713136e-8	1.2642721419959165e-8	9.092457520957392e-9	6.594943111614606e-9	4.82168243675442e-9	3.5516897896998714e-9	2.634698521062722e-9	1.9674966499056285e-9
10.616955571987246	0.3333333333333333	0.03255089545762559	0.0058889778423231245	0.0015121892600408924	0.0004853583595700784	0.00018165744124517863	0.00007606083023994709	0.00003469354041750904	0.00001693195196647019	8.72990621279299e-6	4.7108544316085665e-6	2.6418556083719677e-6	1.53129251722888e-6	9.134021157793272e-7	5.58727939058637e-7	3.49484530670108e-7	2.2300300481617865e-7	1.4487047785055378e-7	9.565284126557986e-8	6.409623906077374e-8	4.353491306614569e-8	2.993902949538293e-8	2.0826477109806407e-8	1.4642132644624742e-8	1.0396262552373323e-8	7.449787053641031e-9	5.384481137788064e-9	3.923223482518524e-9	2.8802480966571453e-9	2.1296716361337318e-9	1.5853196400514634e-9
10.764652136298348	0.33333333333333326	0.031784611096629015	0.005639023393998615	0.001424782772596117	0.00045109566019609223	0.00016684952518628595	0.00006913605540555788	0.000031241673926780546	0.000015118516611925312	7.73450951821209e-6	4.143778087861563e-6	2.3083005594114827e-6	1.329565863859069e-6	7.883871174080181e-7	4.795581689612951e-7	2.9836896069860787e-7	1.8942143660534134e-7	1.2245815639207843e-7	8.047894290207891e-8	5.368741628607538e-8	3.630823951504442e-8	2.486558472382066e-8	1.7227838516943637e-8	1.2065052921365701e-8	8.534219476095669e-9	6.093126375035258e-9	4.3882842126377305e-9	3.1863270912878844e-9	2.331378768913592e-9	1.7181775156358136e-9	1.2749093697579032e-9
10.914403364487566	0.3333333333333333	0.03103389858049911	0.005398590607082638	0.0013419832288324245	0.000419060363581148	0.0001531611550182584	0.00006279923981253293	0.00002811153200634613	0.000013487690306088287	6.846157414468872e-6	3.64125746907384e-6	2.014666289416267e-6	1.1530823866988173e-6	6.796554294015443e-7	4.1108196322756183e-7	2.543907532267063e-7	1.6067432227177166e-7	1.0336475467656509e-7	6.761180618198614e-8	4.4900187946030494e-8	3.0233539874931235e-8	2.061850873900038e-8	1.4227394340736012e-8	9.924675470465508e-9	6.993518384604172e-9	4.974684435616583e-9	3.5699228154549024e-9	2.583065849804697e-9	1.8835564352722173e-9	1.3835400126911624e-9	1.023283366429808e-9
11.066237839776662	0.33333333333333326	0.03029854701114528	0.005167378861895304	0.0012635788375411768	0.0003891231078770113	0.00014051560772784355	0.00005700467724364844	0.000025275455297310735	0.00001202241187328901	6.054118420382299e-6	3.196414448404544e-6	1.75646605842523e-6	9.988671022764226e-7	5.852044929900194e-7	3.519324660745606e-7	2.1660491183361173e-7	1.361005338715376e-7	8.712263589815962e-8	5.671726833083621e-8	3.749349328896982e-8	2.5135370566192813e-8	1.7069053237726804e-8	1.1729927904097408e-8	8.150067428976623e-9	5.720953471954609e-9	4.054293419031824e-9	2.8988863785634943e-9	2.0901302326677035e-9	1.518875142353543e-9	1.111932301224448e-9	8.197116725406078e-10
11.220184543019634	0.3333333333333333	0.02957834384656232	0.004945093632340947	0.0011893654885225444	0.00036116086108484624	0.00012884073755419146	0.00005170981684527148	0.000022707925098077215	0.000010707069497343506	5.348646831178315e-6	2.8030465260179737e-6	1.5296803959707975e-6	8.64271301264559e-7	5.032617722233773e-7	3.009065192545189e-7	1.841839976361489e-7	1.1512410113353935e-7	7.332636180400647e-8	4.750695314280931e-8	3.126022785995965e-8	2.0863648533018287e-8	1.4107537347149453e-8	9.654649406891457e-9	6.681277355531729e-9	4.6717255273366506e-9	3.2982559693510935e-9	2.349670327148065e-9	1.688102774438281e-9	1.2224691534347442e-9	8.919130223554236e-10	6.553440795091495e-10
11.376272858234309	0.3333333333333333	0.028873075133460165	0.0047314465486251525	0.001119146605016743	0.0003350566975803937	0.00011806875838700666	0.0000468750808694825	0.00002038542066730838	9.527392578765593e-6	4.720902065762564e-6	2.455567084550146e-6	1.3307129240632286e-6	7.469398425625269e-7	4.3226046799233015e-7	2.569465554522208e-7	1.5640456706542842e-7	9.724400263128879e-8	6.162496885575266e-8	3.973239724233697e-8	2.602275399860764e-8	1.7290202631894913e-8	1.164068568198081e-8	7.933131495296788e-9	5.46772686857085e-9	3.808183351421801e-9	2.6783561183506866e-9	1.900995609704521e-9	1.3608397675339269e-9	9.820212487247219e-10	7.140338241066944e-10	5.228957734952538e-10
11.534532578210923	0.3333333333333333	0.028182525732667857	0.004526155447259438	0.0010527329903143212	0.00031069957637516434	0.00010813603217160647	0.000042463689913986295	0.00001828628390276487	8.47035018908705e-6	4.162873574750911e-6	2.1489501997999447e-6	1.156349839529813e-6	6.447813554115142e-7	3.7081752886499324e-7	2.1912430003150468e-7	1.3263503181443693e-7	8.202507566615703e-8	5.171512540536932e-8	3.317987140976164e-8	2.1628960901024285e-8	1.4305760636102181e-8	9.589312627188491e-9	6.507520784208648e-9	4.466822861934321e-9	3.098741999668546e-9	2.171012379503107e-9	1.5351428591192306e-9	1.0949456520516034e-9	7.873461888025516e-10	5.705080229634824e-10	4.163828062717062e-10
11.69499391019871	0.3333333333333333	0.02750647953725536	0.004328944408878564	0.0009899426692528885	0.00028798412160027745	0.00009898286350298812	0.00003844149560530403	0.000016390591248910993	7.524055858283153e-6	3.6673110393130913e-6	1.8786797354538356e-6	1.0037228092854627e-6	5.55941133366516e-7	3.177137733008055e-7	1.866261245417185e-7	1.1232481002809007e-7	6.908993613686951e-8	4.3335080000840544e-8	2.7665822875680618e-8	1.7948813279578604e-8	1.181732172548564e-8	7.886311630214896e-9	5.328991433589775e-9	3.6427623958455808e-9	2.5169548631356537e-9	1.7565540433238476e-9	1.2373855168371412e-9	8.793271347048085e-10	6.300385961657091e-10	4.549314599178658e-10	3.308999833825627e-10
11.8576874816716	0.3333333333333333	0.026844719683334437	0.0041395437843994316	0.0009306007252811905	0.00026681040565989053	0.00009055330055525328	0.000034776820646391506	0.000014680032594204852	6.677678428748634e-6	3.2276595761957747e-6	1.6407024590795215e-6	8.702750427276394e-7	4.787765153747006e-7	2.7187594925960686e-7	1.5873990612511458e-7	9.499464764342122e-8	5.811180849379833e-8	3.6259318751684774e-8	2.303287130940621e-8	1.4871333555121331e-8	9.745869413621238e-9	6.474912645606666e-9	4.3564106054515616e-9	2.965505538573855e-9	2.0407193025177646e-9	1.4186040095200437e-9	9.95508208265739e-10	7.048157364207896e-10	5.031759320044773e-10	3.6204784268927284e-10	2.6243477454552595e-10
12.022644346174129	0.3333333333333333	0.026197028753516958	0.003957690210052684	0.0008745391337441587	0.0002470837354623588	0.00008279494245899214	0.00003144030612778336	0.000013137796948590548	5.921358708297332e-6	2.8379996790501926e-6	1.4313849256182475e-6	7.537303162502408e-7	4.118345605257686e-7	2.3236056818496904e-7	1.3484325728492247e-7	8.022799814562214e-8	4.880817419499464e-8	3.029385694045278e-8	1.9146297547948572e-8	1.2301967959124756e-8	8.024384524090335e-9	5.307174847926784e-9	3.5551890059424276e-9	2.4098943000111388e-9	1.6515979794759055e-9	1.143553547265377e-9	7.99398397828298e-10	5.638489372176557e-10	4.010684753159453e-10	2.875519095257886e-10	2.0771174632348776e-10
12.189895989248665	0.3333333333333333	0.025563188973025442	0.0037831266118186413	0.0008215965920146006	0.00022871444209947292	0.00007565875320750025	0.000028404765981558327	0.00001174846467204113	5.246131655130538e-6	2.492991629690322e-6	1.247473884054083e-6	6.520647357685789e-7	3.538318342481512e-7	1.983393611066223e-7	1.1439300035790936e-7	6.766335787741751e-8	4.0935154897282983e-8	2.5272096900232228e-8	1.589096996496486e-8	1.0160291928918676e-8	6.596122087007925e-9	4.342685340168996e-9	2.8962927710314296e-9	1.9548983765692243e-9	1.334240203381994e-9	9.201162070625191e-10	6.407008925338119e-10	4.502013972307364e-10	3.190493228876037e-10	2.2792467839864863e-10	1.6406279806503806e-10
12.359474334445103	0.3333333333333333	0.024942982398466165	0.0036156021997979853	0.0007716183470692198	0.00021161767430744635	0.00006909888214300187	0.000025645048439778494	0.000010497906019962367	4.6438538294988675e-6	2.187824120239382e-6	1.0860599727355032e-6	5.634810340596492e-7	3.0363613458847523e-7	1.6908621494644144e-7	9.691577046741176e-8	5.698746242145145e-8	3.428255393769835e-8	2.1051190460083265e-8	1.3168658781163331e-8	8.378014769636634e-9	5.413119909905235e-9	3.547437858613179e-9	2.3553957081266862e-9	1.5829707399145855e-9	1.0758895527989227e-9	7.389497365037957e-10	5.125261386167357e-10	3.587588628034438e-10	2.532983831495341e-10	1.8029585305513272e-10	1.2931916122516745e-10
12.531411749414158	0.3333333333333333	0.024336191099289188	0.003454872453044756	0.0007244560210745524	0.00019571319600782992	0.00006307249104637282	0.000023137904343493956	9.373185766510296e-6	4.1071358497389456e-6	1.918166834783941e-6	9.445444788721825e-7	4.863852105760132e-7	2.60249997997551e-7	1.4396545707118626e-7	8.199963970151349e-8	4.7929257469116424e-8	2.866948649337731e-8	1.7508850150341684e-8	1.0895693589854784e-8	6.8972477548677685e-9	4.434910107225871e-9	2.892868434766536e-9	1.912153382565059e-9	1.2794981718797807e-9	8.659657597494991e-10	5.923362928084757e-10	4.092044450414027e-10	2.8532839008976833e-10	2.0069518024912206e-10	1.4232916198012413e-10	1.0172171229524497e-10
12.705741052085415	0.3333333333333333	0.023742597331974414	0.0033006990953851328	0.0006799674355292388	0.00018092518819593428	0.00005753958782819122	0.000020861862135646994	8.362473663701017e-6	3.6292795943735754e-6	1.6801267473725344e-6	8.206089479389367e-7	4.193653321233015e-7	2.2279583433447726e-7	1.2242136567490255e-7	6.928666375980854e-8	4.025456499953434e-8	2.3940535187372036e-8	1.4540558732993496e-8	9.00092393517789e-9	5.669003667186942e-9	3.627408073518387e-9	2.3550276437611354e-9	1.5495827593056888e-9	1.032333695155625e-9	6.957103807219578e-10	4.73912530202851e-10	3.260793454219817e-10	2.2647939164525585e-10	1.586960204401354e-10	1.1212701893775582e-10	7.984666065943678e-11
12.88249551693134	0.3333333333333333	0.023161983706994536	0.003152850062739703	0.0006380164344634215	0.00016718205538677938	0.00005246286679525489	0.00001879710935309912	7.454960492475274e-6	3.2042198970118833e-6	1.4702079018627163e-6	7.121874390071604e-7	3.611723233438216e-7	1.905025508716206e-7	1.0396879268007175e-7	5.846626033901507e-8	3.3761372527481066e-8	1.996237378893195e-8	1.2057131636543394e-8	7.423946957781822e-9	4.6518992628714475e-9	2.961956279943955e-9	1.9138714686198788e-9	1.2535330974543608e-9	8.313994937187851e-10	5.578871357978229e-10	3.7844225133733855e-10	2.593342316211275e-10	1.7941078667932645e-10	1.2523171257169592e-10	8.815142502449033e-11	6.25441141962684e-11
13.061708881318415	0.3333333333333333	0.022594133348618834	0.003011099462460278	0.0005984727071836038	0.00015441623687007352	0.00004780755544496829	0.000016925380445710184	6.6407794615043835e-6	2.826470485712777e-6	1.285274448139466e-6	6.174412323185298e-7	3.1070258627285473e-7	1.6269353473010592e-7	8.818479450856317e-8	4.926933608472756e-8	2.827567965009645e-8	1.6620807159647693e-8	9.982591442128075e-9	6.113569936222801e-9	3.811035305100162e-9	2.414502884431756e-9	1.5526549626057018e-9	1.0122355685085062e-9	6.683503772773175e-10	4.4652900796341344e-10	3.016253154466298e-10	2.058472115712794e-10	1.4184020819725865e-10	9.862259027721888e-11	6.915849165518687e-11	4.888740582405322e-11
13.243415351946645	0.3333333333333333	0.0220388300476323	0.002875227525184129	0.0005612116110123595	0.00014256402287618537	0.00004354126772016776	0.000015229850697125105	5.9109327103679815e-6	2.491073927441037e-6	1.1225167185072263e-6	5.347358056500224e-7	2.669822982878171e-7	1.3877587244297857e-7	7.470117428512381e-8	4.1463086029365944e-8	2.3647842142814493e-8	1.3818180626015644e-8	8.252317771051336e-9	5.0264790243313526e-9	3.1170316692651213e-9	1.9648974944412525e-9	1.2574148179287322e-9	8.159206474295793e-10	5.362891341729549e-10	3.5672523938887065e-10	2.3993735759679964e-10	1.6306985600682536e-10	1.1191180559661236e-10	7.750806481950261e-11	5.414436027506642e-11	3.8131391042320476e-11
13.427649611378637	0.3333333333333333	0.021495858407055396	0.0027450205496995757	0.0005261139944470069	0.00013156537584407813	0.00003963386363897517	0.000013695036071783505	5.257222675683072e-6	2.1935553409002497e-6	9.794201375142383e-7	4.6261990613474973e-7	2.2915324751802426e-7	1.1823069420039133e-7	6.319784679582405e-8	3.484638918964161e-8	1.9749359440436128e-8	1.1471116604028409e-8	6.811439761757199e-9	4.126088637698927e-9	2.5451976046319318e-9	1.5962885287229776e-9	1.0165286678815672e-9	6.564937270574663e-10	4.2952626747486233e-10	2.8444230753599807e-10	1.904956344592638e-10	1.2892611961283126e-10	8.81196890226647e-11	6.078835336225566e-11	4.230063561547492e-11	2.967820663803365e-11
13.6144468246595	0.3333333333333333	0.020965003980959428	0.0026202708413068	0.0004930660211326084	0.00012136375688468192	0.00003605731519808966	0.000012306698762503414	4.672188081705292e-6	1.929879653430183e-6	8.537367680245817e-7	3.998065541482674e-7	1.9646007419516153e-7	1.0060453876814253e-7	5.339694483359222e-8	2.9245785261125594e-8	1.64700565073587e-8	9.508540589308153e-9	5.613441823748621e-9	3.3815487981609486e-9	2.0748195596861708e-9	1.2946085106717436e-9	8.203404794174613e-10	5.272606443652739e-10	3.4337760123544136e-10	2.2637377155634837e-10	1.5094697594694465e-10	1.017282615394773e-10	6.924450107794638e-11	4.757638569832191e-11	3.297774194810304e-11	2.304922003297304e-11
13.803842646028848	0.3333333333333333	0.020446053406481098	0.0025007766441468176	0.0004619589950168205	0.00011190595753886082	0.000032785578433479045	0.000011051758231909947	4.149044320748303e-6	1.696412181524205e-6	7.434593059411292e-7	3.4515582560002316e-7	1.68238795478186e-7	8.550164308091003e-8	4.505759242803989e-8	2.4511830359417937e-8	1.371561586733423e-8	7.869962511582295e-9	4.6189565381479495e-9	2.766890325132058e-9	1.6885510644995287e-9	1.0481353098038302e-9	6.608427519521911e-10	4.2269591073262133e-10	2.739941422698974e-10	1.79814596659865e-10	1.1937439921352379e-10	8.010705775934782e-11	5.4300980566128085e-11	3.715820033290965e-11	2.5654862124542528e-11	1.7862103717609987e-11
13.99587322572618	0.3333333333333333	0.019938794529148495	0.0023863420679599593	0.00043268918702686664	0.00010314193687619021	0.00002979447150965429	9.91820753219132e-6	3.68162799337243e-6	1.48988232597255e-6	6.467973455391763e-7	2.9765926844620263e-7	1.4390649996340194e-7	7.257706809197781e-8	3.797127688543808e-8	2.0516020603587254e-8	1.1405419956882296e-8	6.503983037100491e-9	3.794721460919052e-9	2.2602900876304796e-9	1.3718910318456612e-9	8.471188474898339e-10	5.314074387733638e-10	3.382473904449047e-10	2.1821934941759262e-10	1.4255618675940167e-10	9.421944299662458e-11	6.295400190605634e-11	4.249470923624561e-11	2.896040469555559e-11	1.9915333857475183e-11	1.3812140137934207e-11
14.190575216890922	0.3333333333333333	0.01944301652163761	0.0022767770097227437	0.00040515766358222255	0.00009502466400182518	0.00002706155869752491	8.895034687322603e-6	3.264345383578594e-6	1.3073501786381575e-6	5.621557468399502e-7	2.5642581843105406e-7	1.229521063773716e-7	6.153057961311313e-8	3.195775756757053e-8	1.714799540956185e-8	9.470667981366633e-9	5.366997647434297e-9	3.1126791961437905e-9	1.8434406207822919e-9	1.1127385081254232e-9	6.834641155387902e-10	4.265585776957085e-10	2.701720335556729e-10	1.7346964295814668e-10	1.1279889787773107e-10	7.421771460510396e-11	4.937353971990294e-11	3.318651260830563e-11	2.252349972228406e-11	1.5426557043778393e-11	1.0657013998822295e-11
14.387985782558454	0.3333333333333333	0.018958509996085584	0.002171897070599145	0.0003792701172306446	0.000087509965973747	0.000024566040091171443	7.97214892184789e-6	2.89212465011465e-6	1.146175847959369e-6	4.88114945786549e-7	2.206690879422198e-7	1.0492808883876786e-7	5.210120960574152e-8	2.686145492798514e-8	1.4313122426891297e-8	7.852735156932227e-9	4.422074279895097e-9	2.5492024634831757e-9	1.501010284634928e-9	9.010133929516083e-10	5.504625342389957e-10	3.4178054226455795e-10	2.1539800478781507e-10	1.376345776419954e-10	8.907927541730548e-11	5.834551707777439e-11	3.8643681939399224e-11	2.5863225818403243e-11	1.7480062192694313e-11	1.192362501508295e-11	8.204468896594856e-12
14.588142602753484	0.33333333333333326	0.01848506711009283	0.002071523468628711	0.00035493669966991665	0.00008055638113997968	0.000022288646905650102	7.140311521259275e-6	2.560371521368027e-6	1.0039913185016147e-6	4.2341305713999054e-7	1.896959104102627e-7	8.944307856030747e-8	4.40624296946514e-8	2.254826851524603e-8	1.1930377504898727e-8	6.501745571643676e-9	3.6379829931005184e-9	2.0844280056446687e-9	1.2201818194146449e-9	7.28333968983679e-10	4.425647270500829e-10	2.733566595018537e-10	1.714092033015446e-10	1.0899361717509146e-10	7.020966585515651e-11	4.57757473926034e-11	3.018359758347199e-11	2.0113740172933503e-11	1.3536939335044518e-11	9.196018897326675e-12	6.302312924609663e-12
14.791083881682074	0.3333333333333333	0.018022481666551585	0.0019754829475601018	0.00033207185739326996	0.00007412501787903118	0.000020211542191090853	6.39107111086367e-6	2.2649282880979698e-6	8.786746687133533e-7	3.6692962894164165e-7	1.6289603087693647e-7	7.615525894257046e-8	3.721787457752129e-8	1.8902777460916094e-8	9.930492004546833e-9	5.375332977037751e-9	2.98835854324668e-9	1.7016850871053817e-9	9.902586471485492e-10	5.87743257047248e-10	3.5518869754831906e-10	2.1823365652019638e-10	1.3614873507575924e-10	8.614689441099178e-11	5.5228205324716603e-11	3.584153454738344e-11	2.3527009561033157e-11	1.5609421347501458e-11	1.0460753098954459e-11	7.076817633522353e-12	4.830345285372203e-12
14.996848355023735	0.33333333333333326	0.017570549207442984	0.0018836076822242695	0.0003105941701728014	0.0000681794187067229	0.000018318226792778415	5.716703142691965e-6	2.0020358953732298e-6	7.683264797755378e-7	3.1767091610982926e-7	1.3973284118870558e-7	6.47664776898523e-8	3.1397558508968015e-8	1.5825781411822038e-8	8.25433642262762e-9	4.437566602998426e-9	2.4509789414103152e-9	1.3870060424102084e-9	8.023296010504225e-10	4.734772473053467e-10	2.845582145474799e-10	1.7390803090550395e-10	1.0793839330280421e-10	6.795772797263494e-11	4.3357490696488045e-11	2.800632463698283e-11	1.8300402203035472e-11	1.2088136195084751e-11	8.066124665198956e-12	5.43396842145192e-12	3.693850167370112e-12
15.205475297324956	0.3333333333333333	0.01712906710174922	0.0017957351808269696	0.00029042619257250144	0.00006268542971233833	0.00001659345038253921	5.110153383392136e-6	1.7682989424542081e-6	6.712482770937066e-7	2.7475654908993916e-7	1.1973506573354025e-7	5.501700585913842e-8	2.6454533159627804e-8	1.3232143959402808e-8	6.851512523149929e-9	3.6580216162068615e-9	2.0071450282130165e-9	1.1287078580552387e-9	6.489839467485566e-10	3.8076897999701876e-10	2.2756691586153325e-10	1.38330991450222e-10	8.541163068744894e-11	5.3504999765152484e-11	3.397049926891317e-11	2.1839323854139956e-11	1.4205210823342253e-11	9.341254593267248e-12	6.206131375284577e-12	4.163240722291046e-12	2.8183661676530445e-12
15.417004529495594	0.33333333333333326	0.016697834627630706	0.0017117081845254402	0.0002714942986606731	0.000057611075247589424	0.000015023127383818822	4.564985200073318e-6	1.5606534069242797e-6	5.859228545235712e-7	2.3740748167637934e-7	1.0248931072571247e-7	4.668087964414327e-8	2.2261939903390097e-8	1.1048904381279246e-8	5.67912911540997e-9	3.010976126466827e-9	1.6411478671176384e-9	9.170351323045732e-10	5.240696047320989e-10	3.0568324464167415e-10	1.8166426382121432e-10	1.0982909539318783e-10	6.74578785553098e-11	4.204378533161855e-11	2.6562546469198282e-11	1.6995384105603267e-11	1.1003297051953406e-11	7.203095108875087e-12	4.764590747909017e-12	3.1825525896672603e-12	2.145491275101091e-12
15.631476426409542	0.3333333333333333	0.016276653049021095	0.0016313745646391218	0.0002537285300706169	0.00005292643780608733	0.00001359425760818773	4.075330445649862e-6	1.3763369170710983e-6	5.10996339806325e-7	2.0493510986730716e-7	8.763339675404265e-8	3.956176620649789e-8	1.8710413984772723e-8	9.213626960216511e-9	4.700739290675332e-9	2.4747187058912737e-9	1.3398123383139944e-9	7.438559673249662e-10	4.224884156840581e-10	2.449773864890148e-10	1.4476002897970425e-10	8.703812503141858e-11	5.317638813907161e-11	3.2972876040077666e-11	2.072826187727018e-11	1.319856449891025e-11	8.505132139244882e-12	5.54237517221183e-12	3.649836347845426e-12	2.427412884275629e-12	1.629526512299169e-12
15.848931924611136	0.3333333333333333	0.015865325686795783	0.0015545872178292348	0.00023706244753852372	0.000048603543002912866	0.000012294851428333027	3.635843750297652e-6	1.2128614042885064e-6	4.4526186788575157e-7	1.7673146112534396e-7	7.485040064567558e-8	3.348930000675657e-8	1.5705802079725227e-8	7.6729603014934e-9	3.885419359591358e-9	2.030952240600587e-9	1.0921067275051165e-9	6.024034221144797e-10	3.400230955389677e-10	1.9598432297365083e-10	1.1514445116916613e-10	6.884810753356547e-11	4.1838045528717495e-11	2.5808043839471793e-11	1.6142726626688445e-11	1.0228725580766013e-11	6.56020394902272e-12	4.255300957764123e-12	2.789708845540412e-12	1.8472686439439366e-12	1.2347970847745684e-12
16.069412530128773	0.3333333333333333	0.015463657984671003	0.0014812039595668977	0.00022143298602851288	0.00004461624956005424	0.0000111138592951271	3.2416600311051915e-6	1.0679879750611247e-6	3.876447367579513e-7	1.5226036055369294e-7	6.386333866414745e-8	2.8315840871449753e-8	1.3167158503804431e-8	6.381381949669605e-9	3.206971926650471e-9	1.664281599940072e-9	8.88809362915114e-10	4.870561034436841e-10	2.731912562592193e-10	1.5651441804586995e-10	9.142163813439698e-11	5.4357693726713943e-11	3.285384910088441e-11	2.0160080375393987e-11	1.2546054347967254e-11	7.910622771101974e-12	5.049247353167678e-12	3.259995449463117e-12	2.1275345240427926e-12	1.4025848694221146e-12	9.335194890143629e-13
16.292960326397225	0.3333333333333333	0.015071457569992725	0.001411087416194396	0.00020678031353674197	0.000040940144193579885	0.000010041105428214828	2.888355037812462e-6	9.397038498769011e-7	3.371889282327315e-7	1.310494873027681e-7	5.443042866402797e-8	2.391360947267015e-8	1.102498875853327e-8	5.300106227809245e-9	2.6432375216147916e-9	1.361774100150025e-9	7.222244735617205e-10	3.931523175874982e-10	2.1912249160755494e-10	1.2477333530188162e-10	7.245411834415588e-11	4.283638055687901e-11	2.574894173187551e-11	1.571679660215551e-11	9.730813561183518e-12	6.105051869830313e-12	3.877965757291187e-12	2.4920160028872778e-12	1.6189042220737176e-12	1.0625154913424913e-12	7.041074714023095e-13
16.51961798229015	0.33333333333333326	0.014688534309574928	0.0013441049158691807	0.00019304769364945519	0.000037552441290759206	9.06722549364012e-6	2.5719087586163085e-6	8.262012239967615e-7	2.9304488348768183e-7	1.126832409835322e-7	4.634087407299241e-8	2.0172160008230376e-8	9.219712257306845e-9	4.396135603996309e-9	2.175500993806586e-9	1.1125830729180363e-9	5.8594043565119e-10	3.168329361730871e-10	1.7545508112193002e-10	9.929340273603097e-11	5.731677282363829e-11	3.369329320736541e-11	2.014126414758836e-11	1.2228300972224564e-11	7.531791988134896e-12	4.70167714747099e-12	2.971969234741174e-12	1.900756809568232e-12	1.2290995388154648e-12	8.030503366095014e-13	5.298298558128945e-13
16.749428760264372	0.3333333333333333	0.014314695923016377	0.0012801283786652343	0.0001801813519137594	0.00003443188725870149	8.183608092447306e-6	2.288671516323663e-6	7.258579129679084e-7	2.544584304387091e-7	9.679634398155254e-8	3.941111747598402e-8	1.699615366847074e-8	7.700318953464922e-9	3.6414380482446582e-9	1.7879804804399998e-9	9.076260384289494e-10	4.746244517386796e-10	2.5490878905259384e-10	1.4024934701893132e-10	7.887637948285243e-11	4.52586368278685e-11	2.6451441289928418e-11	1.5724044192677855e-11	9.494984086477877e-12	5.817684153703277e-12	3.613235361922395e-12	2.2727029343551626e-12	1.446568356369577e-12	9.310411565508731e-13	6.055444002523066e-13	3.9774978510203347e-13
16.982436524617444	0.33333333333333326	0.013949770217778216	0.0012190342060916964	0.00016813034606478076	0.00003155866942043952	7.382339884201011e-6	2.035332591597691e-6	6.372196526111497e-7	2.2076076692774256e-7	8.306811134281477e-8	3.348151614645071e-8	1.4303399976131089e-8	6.42319722217693e-9	3.012234795474591e-9	1.4673881996312568e-9	7.393100406278613e-10	3.8384848961638513e-10	2.0474896325728855e-10	1.1191511866103249e-10	6.254582455761119e-11	3.567129113768161e-11	2.0726533357079745e-11	1.225146373251225e-11	7.35773498230458e-12	4.484356307765078e-12	2.770862374339122e-12	1.7341796222283748e-12	1.0984564286202013e-12	7.036572974133716e-13	4.55553403838269e-13	2.978884576633604e-13
17.21868574986007	0.3333333333333333	0.013593560753817523	0.0011607031702740933	0.00015684644013870005	0.000028914329329691032	6.656154172656412e-6	1.8088912166169852e-6	5.589839311471279e-7	1.9135941028417576e-7	7.121732534333817e-8	2.8413396118947048e-8	1.202313630405924e-8	5.351112741255222e-9	2.4883846898602256e-9	1.2025536066400444e-9	6.012976420089107e-10	3.0994198382291916e-10	1.6418688740338605e-10	8.915112431493728e-11	4.950753512813097e-11	2.8062759388251442e-11	1.6209578991476153e-11	9.526950598342046e-12	5.689991019578391e-12	3.4494015000554198e-12	2.1203335346595164e-12	1.320363646429493e-12	8.32248418292116e-13	5.305894158111084e-13	3.4191412144998705e-13	2.2256749598179683e-13
17.458221529205037	0.3333333333333333	0.013245891258546048	0.0011050203030291222	0.00014628398248790365	0.00002648168037171845	5.998382784259514e-6	1.606629789107186e-6	4.899852378371782e-7	1.6573003015110747e-7	6.099765696608139e-8	2.4086445338856564e-8	1.0094518828107793e-8	4.452320290185572e-9	2.0528528724473753e-9	9.84100601667149e-10	4.883079056084931e-10	2.4986741303427295e-10	1.3144151744426302e-10	7.089444661984826e-11	3.9116752447226315e-11	2.203599630164113e-11	1.2652631177399679e-11	7.393636640708696e-12	4.391292280912512e-12	2.6477475532325666e-12	1.6190461029621388e-12	1.0030813511483036e-12	6.291355167187481e-13	3.991679137142872e-13	2.5601981737746154e-13	1.6589308956633754e-13
17.70108958317421	0.3333333333333333	0.012906583471664084	0.0010518747850499263	0.00013639978770219112	0.000024244729514734276	5.4029110740125426e-6	1.426089163366728e-6	4.291816195883445e-7	1.434090874603081e-7	5.219358129869616e-8	2.039641007262561e-8	8.465300875172276e-9	3.6997923573045582e-9	1.691252997064772e-9	8.041715017267339e-10	3.959474325026162e-10	2.0111539053412685e-10	1.0505131948998817e-10	5.6278452264408234e-11	3.085103187584088e-11	1.7271195681776188e-11	9.857127063035687e-12	5.726596958697078e-12	3.382067229680265e-12	2.0281223180864674e-12	1.2336028288726649e-12	7.603559193248503e-13	4.745165159473166e-13	2.9960352324981923e-13	1.9125081939835404e-13	1.2335236998973278e-13
17.947336268325266	0.3333333333333333	0.012575461612392905	0.0010011598354051508	0.0001271530224337242	0.00002218860307409437	4.864135897442875e-6	1.2650458815548638e-6	3.756424435155142e-7	1.2398720813444e-7	4.461673834375228e-8	1.725306212978906e-8	7.090677094722679e-9	3.070550227333369e-9	1.3914534361351996e-9	6.561913994504511e-10	3.2056716290013935e-10	1.6161636811919045e-10	8.381907576268042e-11	4.4597843026189555e-11	2.4287843559107593e-11	1.3511269806813761e-11	7.664372803984621e-12	4.426551818812022e-12	2.599423767406799e-12	1.5502153193247491e-12	9.37881401841129e-13	5.750835672330303e-13	3.5708302488036245e-13	2.2435051181805768e-13	1.4252812832615623e-13	9.149840192678312e-14
18.197008586099834	0.3333333333333333	0.012252352405140585	0.0009527726015403728	0.00011850509507674835	0.0000202994763500411	4.376926391914605e-6	1.1214912151073417e-6	3.2853727008696953e-7	1.0710322548337618e-7	3.810269490968784e-8	1.4578407550952872e-8	5.932274131788087e-9	2.54508482994343e-9	1.1432390794461396e-9	5.346673392793248e-10	2.59141228500202e-10	1.2966645797521652e-10	6.676582624667573e-11	3.527967920007862e-11	1.908611594056702e-11	1.0549956242055926e-11	5.947795753314948e-12	3.4147666263983412e-12	1.993759385693405e-12	1.1824037752630182e-12	7.114956607175776e-13	4.339836100599407e-13	2.680974424526543e-13	1.6760643450001544e-13	1.0596435682927143e-13	6.770496167913318e-14
18.450154191794738	0.3333333333333333	0.011937085101487745	0.0009066140499612027	0.00011041954935134172	0.000018564506998939238	3.9365874152672596e-6	9.936118926622386e-7	2.8712574746641317e-7	9.24388303479324e-8	3.250806713729971e-8	1.2305110268276292e-8	4.9572705251796636e-9	2.106856078556151e-9	9.38021347688131e-10	4.3501745455620953e-10	2.091646394917772e-10	1.0386522886595991e-10	5.3092506502310565e-11	2.7859401671140084e-11	1.4971058655334022e-11	8.222097121411826e-12	4.606648341656082e-12	2.628931048808868e-12	1.526037104465925e-12	8.999349316724359e-13	5.385719261347412e-13	3.2676772273963944e-13	2.008244555296684e-13	1.2492012664491154e-13	7.859146403263216e-14	4.9976131799177124e-14
18.706821403658008	0.3333333333333333	0.011629491498645922	0.0008625888577581044	0.00010286196165248101	0.00001697177199774283	3.5388254947113233e-6	8.797723972890646e-7	2.5074844372289377e-7	7.971377283420696e-8	2.7707966825157767e-8	1.037510686152122e-8	4.1376304113171436e-9	1.7418607302147172e-9	7.685899498443004e-10	3.534258444468473e-10	1.685670304150882e-10	8.30636390681592e-11	4.214805615726175e-11	2.196102915267076e-11	1.1721707235684377e-11	6.395709802687017e-12	3.5609028576578086e-12	2.0198365875414346e-12	1.1656013367943196e-12	6.834764733154091e-13	4.0677820083749177e-13	2.4548420697121807e-13	1.500845097575945e-13	9.288528024976157e-14	5.814892807599263e-14	3.6798839323180175e-14
18.967059212111465	0.3333333333333333	0.011329405954539632	0.0008206053051272142	0.00009579984219595387	0.000015510208061785095	3.1797171440105525e-6	7.784987220948417e-7	2.18818539206898e-7	6.868156398163328e-8	2.3593738060458706e-8	8.738390927830398e-9	3.4494372953491907e-9	1.4382599650024353e-9	6.289007198131806e-10	2.867195184735608e-10	1.3564007264894446e-10	6.632053404900225e-11	3.340295698038241e-11	1.7280835674624155e-11	9.16072249927201e-12	4.965533200580624e-12	2.74712068325724e-12	1.5487037744980228e-12	8.884306031170929e-13	5.179631391081621e-13	3.0655580180492734e-13	1.840016407997335e-13	1.119039436405083e-13	6.8901517779728e-14	4.291935986632541e-14	2.702894794132e-14
19.230917289101583	0.3333333333333333	0.01103666539966009	0.0007805751690254169	0.00008920253987884522	0.00001416955537684723	2.8556794121965425e-6	6.884634794113121e-7	1.9081430680307273e-7	5.9125629925620016e-8	2.0070953752411492e-8	7.351947771235994e-9	2.8723156707314893e-9	1.1860589277302087e-9	5.13894582895939e-10	2.322642322441307e-10	1.08976496099004e-10	5.286636679670383e-11	2.6427317932718986e-11	1.3573923153197366e-11	7.146052684257016e-12	3.84778546253587e-12	2.1151171632985023e-12	1.1850367129950103e-12	6.757428775937661e-13	3.9168113524287044e-13	2.3051264093360567e-13	1.3760326499078035e-13	8.324153556874568e-14	5.09885631098661e-14	3.1601259213570395e-14	1.9803498116721648e-14
19.49844599758045	0.3333333333333333	0.010751109345836759	0.0007424136180877516	0.00008304115080109284	0.00001294030450778806	2.5634425323550656e-6	6.084722647307546e-7	1.662723129101553e-7	5.0855875060153645e-8	1.7057644516345162e-8	6.178822112324413e-9	2.3889296388263382e-9	9.76831408110419e-10	4.193433342973747e-10	1.8787646345980795e-10	8.741895410327766e-11	4.207299732660398e-11	2.0872760512931174e-11	1.064319734097764e-11	5.564132991368988e-12	2.9759148055850713e-12	1.6252746639576175e-12	9.049047276724957e-13	5.128849238151346e-13	2.955430111774004e-13	1.729452925702246e-13	1.0266912999278166e-13	6.177530347156823e-14	3.7642074232432435e-14	2.321077424786421e-14	1.4473269632657587e-14
19.769696401118605	0.3333333333333333	0.01047257989206956	0.0007060391089238378	0.00007728843038371671	0.000011813646347756021	2.3000245443616552e-6	5.374511823396155e-7	1.4478127687416429e-7	4.370561438659911e-8	1.4482734981462508e-8	5.187303332904151e-9	1.9845489135403595e-9	8.034836669185303e-10	3.4171847460483996e-10	1.5174915366423944e-10	7.001721871712058e-11	3.342859908251174e-11	1.6457474022225797e-11	8.330334839411146e-12	4.324349712678278e-12	2.297162562569226e-12	1.2463825254630572e-12	6.895691521923329e-13	3.884498035634311e-13	2.2251470775189276e-13	1.2946340317563836e-13	7.642762170168042e-14	4.573669413183204e-14	2.7722080835437038e-14	1.7006049085680985e-14	1.0551096732193836e-14
20.04472027365161	0.3333333333333333	0.010200921727562097	0.0006713732838992999	0.00007191870901413832	0.000010781424974116315	2.062707770795756e-6	4.7443544518782754e-7	1.2597653121441526e-7	3.752883866248446e-8	1.2284665006604286e-8	4.350214417890958e-9	1.6466737039866454e-9	6.600521555877761e-10	2.780798333931711e-10	1.2238916972009428e-10	5.599241295208727e-11	2.6516847197196994e-11	1.2953909676578516e-11	6.508396488784766e-12	3.3545432119890304e-12	1.7697890533832011e-12	9.539043560423059e-13	5.243883780290091e-13	2.9357729067231484e-13	1.6716391062763137e-13	9.669523611361806e-14	5.676169756339466e-14	3.3781950437249714e-14	2.0366872628328595e-14	1.2429117204747367e-14	7.67236085322484e-15
20.32357010936222	0.3333333333333333	0.009935982132093209	0.00063834087049787	0.00006690781114445151	9.83609327966419e-6	1.8490170305999578e-6	4.1855896691796287e-7	1.0953502933745268e-7	3.2197779149063744e-8	1.0410175499434165e-8	3.6442922493601823e-9	1.3647109614341154e-9	5.415305319388997e-10	2.259811514604504e-10	9.856472513927015e-11	4.470717631137439e-11	2.099968994253695e-11	1.0178667088173103e-11	5.075798501320219e-12	2.597362446595335e-12	1.3608391935975845e-12	7.28591149738937e-13	3.9794673175363936e-13	2.2140054531499967e-13	1.2530485835128804e-13	7.20573794531138e-14	4.2058157784176513e-14	2.489257081379978e-14	1.4926702339596504e-14	9.06138755937187e-15	5.564871917881275e-15
20.606299132700002	0.3333333333333333	0.009677610973860887	0.0006068695823499639	0.00006223297776456085	8.9706712504221e-6	1.656699480348858e-6	3.690448691552911e-7	9.51708515368102e-8	2.7600741710056417e-8	8.813240557772299e-9	3.049648257693922e-9	1.1296953655115352e-9	4.437219603938498e-10	1.8339016929521788e-10	7.926125051369679e-11	3.5640823745424235e-11	1.6603112913088608e-11	7.984198504974174e-12	3.951402314140554e-12	2.0073155973754717e-12	1.0443466507304196e-12	5.553736320871994e-13	3.0136298193252215e-13	1.6660948582458138e-13	9.371966637782473e-14	5.357507016587027e-14	3.1090682798439034e-14	1.8298475254049384e-14	1.0912875100591883e-14	6.5896330269706195e-15	4.025968307875911e-15
20.892961308540396	0.3333333333333333	0.009425660704929648	0.0005768900220041162	0.000057872792168727375	8.17870676429374e-6	1.483705978228123e-6	3.251968321224329e-7	8.263116393290957e-8	2.3640182747497514e-8	7.454129499738113e-9	2.549299653262151e-9	9.340492182234203e-10	3.631131926093258e-10	1.4862110314075618e-10	6.364441860890233e-11	2.8368699202956395e-11	1.3105397953442722e-11	6.25201744575185e-12	3.0705230451251204e-12	1.5483890731233135e-12	7.998935481020757e-13	4.2247955503800933e-13	2.2774267186228116e-13	1.251070385686926e-13	6.994020156566012e-14	3.9742349437433466e-14	2.292929756615018e-14	1.3418848312048721e-14	7.958754222768206e-15	4.780071710634612e-15	2.9051520538996928e-15
21.18361135248502	0.3333333333333333	0.009179986354408988	0.0005483355855087559	0.00005380710893122828	7.4542387880869905e-6	1.3281738709791505e-6	2.8639122138815417e-7	7.169258862455587e-8	2.0231001985543667e-8	6.298584033887002e-9	2.1287625598218797e-9	7.713761216182454e-10	2.967673849716628e-10	1.2027768144178592e-10	5.1029217136177256e-11	2.2545046172841033e-11	1.0327457679313663e-11	4.887149157984591e-12	2.3816913999305214e-12	1.1921291947592636e-12	6.114577925069504e-13	3.207318046221074e-13	1.7174534411201798e-13	9.373913843148016e-14	5.2077756784020124e-14	2.941348412177361e-14	1.6870466140518774e-14	9.816707934828334e-15	5.789971609715138e-15	3.458667665096443e-15	2.0909567697943043e-15
21.478304741305337	0.3333333333333333	0.008940445519487288	0.0005211423688624526	0.00005001698600450954	6.791762853433197e-6	1.1884111091205773e-6	2.520699280814922e-7	6.215794670926655e-8	1.7299029440795106e-8	5.31709735318903e-9	1.7756993578915737e-9	6.362839440987722e-10	2.422330052397721e-10	9.720516843692615e-11	4.085412432738918e-11	1.7888821568763108e-11	8.124893517946919e-12	3.81360527896943e-12	1.844032055355777e-12	9.160999066569864e-13	4.664925651687418e-13	2.4299151571637723e-13	1.2924333041331218e-13	7.008315067818249e-14	3.869036820876239e-14	2.1718869960102782e-14	1.2383250397751365e-14	7.16410447311557e-15	4.201729322883714e-15	2.4961984068127e-15	1.501043454337326e-15
21.77709772353159	0.33333333333333326	0.008706898354442157	0.0004952490763850627	0.00004648461985135744	6.1861986967379085e-6	1.062881600700186e-6	2.217338642268642e-7	5.385333899255039e-8	1.4779686059561358e-8	4.484283328592172e-9	1.4796134322522132e-9	5.242331390929275e-10	1.9746653266507403e-10	7.845002291394039e-11	3.265958233823937e-11	1.4171968230618443e-11	6.381482106662137e-12	2.9707003792975624e-12	1.4251454288471872e-12	7.026453842741046e-13	3.551927958179159e-13	1.8371721471207292e-13	9.705334634033488e-14	5.228246080912657e-14	2.867970381211801e-14	1.60000563677882e-14	9.067945478880739e-15	5.215530924700906e-15	3.0415495711139733e-15	1.7969659567894324e-15	1.0747510577390471e-15
22.080047330188997	0.3333333333333333	0.008479207557744735	0.0004705969310503913	0.00004319328352120664	5.632859950033722e-6	9.501917186463974e-7	1.9493705891275576e-7	4.662553215513442e-8	1.2616799469688136e-8	3.778325239637776e-9	1.2315853113335455e-9	4.314069737503058e-10	1.6076696465863893e-10	6.322603239752523e-11	2.6070083995882098e-11	1.1209737585524187e-11	5.003843338175641e-12	2.3100597847105327e-12	1.0993996340212283e-12	5.378993368830145e-13	2.6991189854150256e-13	1.386165908881904e-13	7.272583868588112e-14	3.891746160223885e-14	2.1211125252995964e-14	1.1759668693559714e-14	6.624380785519163e-15	3.787659298530325e-15	2.196199768746158e-15	1.290285271242485e-15	7.67508702764703e-16
22.387211385683393	0.3333333333333333	0.008257238357371913	0.0004471295868178379	0.000040127267579703705	5.127425775475297e-6	8.490778814669951e-7	1.7128130492411607e-7	4.033962089125462e-8	1.0761558098014755e-8	3.1804946212429476e-9	1.0240448958677378e-9	3.5460066630001273e-10	1.3072041225649195e-10	5.08859297711485e-11	2.077929196632417e-11	8.852717849615507e-12	3.9170834641162145e-12	1.793193659089568e-12	8.465559794521364e-13	4.1099348419194064e-13	2.0469899162098117e-13	1.0437204731339317e-13	5.4380037959786595e-14	2.890516538344853e-14	1.5651864818388853e-14	8.622907740714392e-15	4.827689477281315e-15	2.7439379526336103e-15	1.5818083243760237e-15	9.240840301154386e-16	5.466558259315798e-16
22.69864851883822	0.3333333333333333	0.008040858494437133	0.00042479304299112165	0.000037271823800032716	4.66591433817255e-6	7.583951315750327e-7	1.5041130909975345e-7	3.487693907993969e-8	9.17158855489514e-9	2.674731836901798e-9	8.505751075601889e-10	2.9112681181682096e-10	1.0615330272477182e-10	4.0897643646780714e-11	1.653769824374554e-11	6.9802797420476864e-12	3.061242164196803e-12	1.3895340316910308e-12	6.506651219213262e-13	3.1342649239744005e-13	1.5493250967970585e-13	7.8424883169741e-14	4.057509654437702e-14	2.1421274800416843e-14	1.1523328209710592e-14	6.3080235605220315e-15	3.5098339054951883e-15	1.9829142308897986e-15	1.1364123287723078e-15	6.601030648205872e-16	3.8832411472654715e-16
23.014418174085087	0.33333333333333326	0.007829938205246748	0.000403535560626535	0.00003461311152424395	4.244658017394257e-6	6.771066399008444e-7	1.3201030315075192e-7	3.013319541428121e-8	7.810142694799657e-9	2.247280918221556e-9	7.057428528073854e-10	2.3873482236582726e-10	8.60929132000972e-11	3.2824458457395405e-11	1.314240789867282e-11	5.495196842878998e-12	2.3884003055299382e-12	1.0748495361277424e-12	4.991823822403968e-13	2.3856190050336326e-13	1.170307616698574e-13	5.880596252916349e-14	3.0209650400280246e-14	1.583983121120797e-14	8.464385125870178e-15	4.6037281139184014e-15	2.5455556048093046e-15	1.429404485903661e-15	8.143537662159665e-16	4.703068996641571e-16	2.751179596128593e-16
23.33458062281003	0.3333333333333333	0.007624350201885456	0.0003833075810069932	0.000032138146602891424	3.860280258868496e-6	6.042740696693708e-7	1.1579607492785039e-7	2.6016811100629033e-8	6.645382136764706e-9	1.886372047410484e-9	5.84953698316239e-10	1.9554240328531602e-10	6.973413829081874e-11	2.6308467721028936e-11	1.0428695974937513e-11	4.319238245964923e-12	1.860330114324674e-12	8.299676960501726e-13	3.8226015555704764e-13	1.8122951447545755e-13	8.822377399314976e-14	4.4003155448080096e-14	2.2443716127313246e-14	1.16865871419628e-14	6.203185434367046e-15	3.3519593652925063e-15	1.841717558169602e-15	1.0278346747281908e-15	5.82077001010514e-16	3.342066293076462e-16	1.943937286535655e-16
23.659196974857583	0.3333333333333333	0.007423969651430913	0.00036406164619244693	0.000029834752821641007	3.5096739754459906e-6	5.390487362794551e-7	1.0151738318754766e-7	2.2447439260026313e-8	5.6497492799063854e-9	1.581945811052419e-9	4.843271010794109e-10	1.599773520873623e-10	5.6411550110774676e-11	2.1056796399777115e-11	8.263041772237853e-12	3.3895642695509837e-12	1.44658961792981e-12	6.397471177553963e-13	2.921831219280914e-13	1.3740961628203121e-13	6.6373835971899e-14	3.285779999982173e-14	1.6638097580356597e-14	8.603067969877519e-15	4.535573943477012e-15	2.434761982520554e-15	1.3292404889765956e-15	7.372311695852027e-16	4.1498560572917674e-16	2.3686871751341564e-16	1.369868391348918e-16
23.988329190194904	0.3333333333333333	0.007228674153894031	0.00034575232165191583	0.000027691515724141716	3.189981407010004e-6	4.80663504113761e-7	8.895072177887628e-8	1.935464752748165e-8	4.799414986481389e-9	1.325414027702497e-9	4.0058942910621005e-10	1.3072819627231488e-10	4.557594411228525e-11	1.6830147690325088e-11	6.537392056339012e-12	2.655784230675298e-12	1.1229802832284392e-12	4.922523399851175e-13	2.2291836130540644e-13	1.039833129084862e-13	4.9834661300970707e-14	2.4484014767166473e-14	1.2307486222421798e-14	6.318938738316679e-15	3.3085995328469685e-15	1.7643266218910817e-15	9.57017564767945e-16	5.274628075318437e-16	2.950978423176514e-16	1.6743805188601281e-16	9.627273762177069e-17
24.322040090738156	0.33333333333333326	0.007038343718977999	0.00032833612097744576	0.000025697738741324608	2.8985753543687607e-6	4.284253648330088e-7	7.789740186324754e-8	1.6676747060157074e-8	4.073794136739521e-9	1.1094525554780453e-9	3.309823610231437e-10	1.0670238820123814e-10	3.677468085073544e-11	1.343329764611949e-11	5.16444415146457e-12	2.077559017876829e-12	8.703009905578767e-13	3.780926897371395e-13	1.6975773127611264e-13	7.853559259609363e-14	3.734109900635035e-14	1.820596151463556e-14	9.084245392813785e-15	4.630807926750797e-15	2.407947421427947e-15	1.2754464859614429e-15	6.873340189761136e-16	3.764291096647616e-16	2.0930260374351033e-16	1.1804547084940442e-16	6.747615283290055e-17
24.660393372343393	0.3333333333333333	0.006852860741745808	0.00031177143267570025	0.00002384340153838921	2.6330417056408215e-6	3.817086452660236e-7	6.818092329088049e-8	1.4359752742326676e-8	3.4551211942987295e-9	9.278220253654754e-10	2.7318455676308906e-10	8.699095112813657e-11	2.963523469616993e-11	1.0707219253929428e-11	4.0737747678687885e-12	1.6226511236808206e-12	6.733433165168368e-13	2.898935938872872e-13	1.2903417068439815e-13	5.920029176925555e-14	2.7922957831849836e-14	1.3509175794091363e-14	6.690510248458027e-15	3.3860079569256623e-15	1.7483849983354476e-15	9.198190446182726e-16	4.92428490947222e-16	2.6796204651592205e-16	1.4806556085363387e-16	8.300192339900072e-17	4.716441924959615e-17
25.003453616964315	0.3333333333333333	0.006672109977282404	0.00029601844902863854	0.000022119120492028616	2.391163177361733e-6	3.39948796398187e-7	5.96446086158841e-8	1.2356460821863399e-8	2.928078765764656e-9	7.752129274119319e-10	2.2524476779709087e-10	7.08386239252412e-11	2.3851447505297555e-11	8.522567295499451e-12	3.2086680625859355e-12	1.2653414980685878e-12	5.200829309878401e-13	2.2187464729838687e-13	9.78971111348531e-14	4.453831459302084e-14	2.083782080324421e-14	1.0002897147820157e-14	4.916744543908988e-15	2.4702139707355142e-15	1.26651666526286e-15	6.617525605990185e-16	3.519182404580207e-16	1.9026445837996958e-16	1.0447192259929673e-16	5.820571618093352e-17	3.2876877835730375e-17
25.35128630497908	0.3333333333333333	0.006495978514434463	0.00028103909701080343	0.000020516111211912453	2.1709041961908617e-6	3.026367181868295e-7	5.2149475399267563e-8	1.0625631538597225e-8	2.4794729011416457e-9	6.471119058592041e-10	1.855247917811143e-10	5.7618685515040416e-11	1.9172060151553444e-11	6.77429768144633e-12	2.523521248975398e-12	9.85146550235984e-13	4.0103006508284606e-13	1.6951354834892466e-13	7.41350482479893e-14	3.3442177740778053e-14	1.5518781279900078e-14	7.39097967421118e-15	3.605298851137369e-15	1.79801551968108e-15	9.153033649284216e-16	4.749393709440112e-16	2.5087626640184954e-16	1.347509919979324e-16	7.352017805635622e-17	4.0707722818284985e-17	2.2854582815371046e-17
25.703957827688633	0.3333333333333333	0.006324355748707308	0.0002667969712471373	0.000019026153022068646	1.9703968506711457e-6	2.693135779951511e-7	4.557232450356494e-8	9.131265517395604e-9	2.0979495691241466e-9	5.396865007129823e-10	1.526508876245426e-10	4.6811755945895334e-11	1.5391159148544498e-11	5.377230967120918e-12	1.981726236040953e-12	7.657802816423272e-13	3.0870874981153206e-13	1.2927895875060605e-13	5.603565975217566e-14	2.5061350234816975e-14	1.1533876855262132e-14	5.449480099223968e-15	2.6378335151349716e-15	1.3057543882282267e-15	6.599273523901099e-16	3.400371072456627e-16	1.783990554612594e-16	9.519011789592917e-17	5.160244985240396e-17	2.839335776259264e-17	1.5843731759220218e-17
26.061535499988953	0.3333333333333333	0.006157133354395378	0.00025325726899193507	0.000017641555319562825	1.787927845983266e-6	2.3956608333931213e-7	3.980402395946353e-8	7.841963806155013e-9	1.7737473600604525e-9	4.4968591191664366e-10	1.2547245120617868e-10	3.798797154467822e-11	1.2340230776456912e-11	4.26240032155302e-12	1.5539429389615864e-12	5.943162407213845e-13	2.372400917370267e-13	9.841857426619597e-14	4.227575331375316e-14	1.874398370247159e-14	8.554672991933689e-15	4.009430267385504e-15	1.9257207525775643e-15	9.460971710234112e-16	4.746798408548496e-16	2.428602283400791e-16	1.2654259325923687e-16	6.707073679665326e-17	3.612320906767258e-17	1.9750614298506294e-17	1.0953122923652097e-17
26.424087573219467	0.3333333333333333	0.0059942052560192855	0.00024038672710652938	0.000016355125729748673	1.6219263980328157e-6	2.1302217239030783e-7	3.4747969740843796e-8	6.730362448621179e-9	1.4984820252619253e-9	3.7435566251965795e-10	1.0302691315657504e-10	3.0792018548884187e-11	9.881562349790997e-12	3.3740502359810778e-12	1.2166942726623046e-12	4.605120575046416e-13	1.8200943703249076e-13	7.479133061556579e-14	3.183486258221527e-14	1.3991532801357154e-14	6.331986972710183e-15	2.9436253279603722e-15	1.4027376542193149e-15	6.839325093338113e-16	3.4062441015971263e-16	1.7303136735752257e-16	8.953404570093278e-17	4.713585524360547e-17	2.5220288051949786e-17	1.3701356032918203e-17	7.551089765832216e-18
26.791683248190317	0.3333333333333333	0.005835467599139576	0.00022815356101056915	0.000015160139979335686	1.470953006508401e-6	1.8934708826337686e-7	3.031870640577981e-8	5.7726334012764576e-9	1.2649589599910731e-9	3.1136430300618494e-10	8.450996126058694e-11	2.4930584750628323e-11	7.90277061805924e-12	2.667173824080555e-12	9.51224871963908e-13	3.562660081035591e-13	1.394010441217467e-13	5.6734818225510025e-14	2.3927550864713148e-14	1.0423490615904282e-14	4.677171287355206e-15	2.1565150057549063e-15	1.0195165583240404e-15	4.93277304646862e-16	2.4384725138316565e-16	1.229781927494618e-16	6.318924108664612e-17	3.304019848487506e-17	1.7561314025230846e-17	9.478962860923519e-18	5.191196139102259e-18
27.164392688390823	0.3333333333333333	0.00568081872061396	0.00021652740557927985	0.00001405031341057782	1.3336890497457939e-6	1.6823980558414752e-7	2.6440692060235798e-8	4.948044439283509e-9	1.0670101841022827e-9	2.5874053320979213e-10	6.925031304188262e-11	2.0161853473881128e-11	6.312271706708324e-12	2.1054956285674496e-12	7.425756354168235e-13	2.751805967271748e-13	1.0658697619076455e-13	4.2960727053172585e-14	1.7950482379279445e-14	7.75004371127197e-15	3.4477156523274256e-15	1.5764870658240572e-15	7.393402264951808e-16	3.549495278341424e-16	1.7415018618914845e-16	8.718920847854931e-17	4.448337559287118e-17	2.3099508833275203e-17	1.2195589993656919e-17	6.539848801170668e-18	3.558822856967723e-18
27.542287033381662	0.3333333333333333	0.005530159118362025	0.00020547925795687955	0.000013019774062011471	1.2089271473245194e-6	1.4942978010259197e-7	2.304719348500188e-8	4.238571455125623e-9	8.993527737458164e-10	2.1481932691115932e-10	5.668837126550974e-11	1.6286719980175088e-11	5.0355363036199e-12	1.6598218328820384e-12	5.788345739163226e-13	2.1221271989974078e-13	8.13594547138765e-14	3.2472560451093693e-14	1.3441125891752074e-14	5.750914217009384e-15	2.5361960802717357e-15	1.1499905614218913e-15	5.349635909400558e-16	2.548220013898727e-16	1.240769003382174e-16	6.166309620625558e-17	3.1235486673897984e-17	1.6107481690585587e-17	8.446623029896615e-18	4.4996585152064174e-18	2.432884437037424e-18
27.92543841237338	0.3333333333333333	0.005383391420698306	0.00019498142225434956	0.000012063037243349895	1.0955622393058052e-6	1.3267399431625883e-7	2.0079298541853898e-8	3.6285572412405e-9	7.574660542279115e-10	1.78195824061129e-10	4.635818847956482e-11	1.3141458327944728e-11	4.011998692763357e-12	1.306693229309561e-12	4.505314230571062e-13	1.6339374363385697e-13	6.199798122123724e-14	2.450100464552662e-14	1.0045601502273598e-14	4.259024613453861e-15	1.8618120217558007e-15	8.370706510929065e-16	3.862172247817783e-16	1.8251536664042896e-16	8.818928971461375e-17	4.3502333582154185e-17	2.1877168233228162e-17	1.120245929021388e-17	5.8343652062990125e-18	3.087391969985549e-18	1.6584709498896713e-18
28.313919957993793	0.33333333333333326	0.005240420355291865	0.00018500745609800848	0.000011174981534360849	9.925833338927245e-7	1.1775427407464578e-7	1.7485034148802346e-8	3.1044114703492826e-9	6.374851821472461e-10	1.4768591859262235e-10	3.78722470724084e-11	1.0591607828615129e-11	3.1925093539395375e-12	1.0272871587313596e-12	3.5014927408504076e-13	1.2560593182397755e-13	4.716421824976588e-14	1.8453267279067868e-14	7.49369859265476e-15	3.1479133686063097e-15	1.363920088688737e-15	6.079838556955788e-16	2.7820462179717835e-16	1.3042221085527728e-16	6.253105359517238e-17	3.06140759640137e-17	1.5283493486026056e-17	7.77062621726532e-18	4.01911177266982e-18	2.1125150666941487e-18	1.1273550055711193e-18
28.70780582024691	0.3333333333333333	0.005101152717807552	0.00017553211899380697	0.000010350826139802981	8.990658780534615e-7	1.0447485305043656e-7	1.5218579193178933e-8	2.654347149724608e-9	5.361090280695462e-10	1.2229260908744315e-10	3.090863264187222e-11	8.526883456037967e-12	2.537238718242576e-12	8.065238571485918e-13	2.7173128331906344e-13	9.640420561757598e-14	3.581898959765936e-14	1.3873445415931912e-14	5.579506172892556e-15	2.3220612821355173e-15	9.971044894463576e-16	4.4063832667944316e-16	1.9994943124311653e-16	9.298026581449956e-17	4.4231105013710444e-17	2.1490570435071033e-17	1.0649748387398466e-17	5.375906873856307e-18	2.7611396419345217e-18	1.4414487850774536e-18	7.641439637141349e-19
29.107171180666054	0.33333333333333326	0.0049654973402815765	0.00016653132247093546	9.586109534763268e-6	8.141647082964072e-7	9.266016374147702e-8	1.3239562741509921e-8	2.268149333361278e-9	4.5052052271426316e-10	1.0117730365370011e-10	2.5200237732593545e-11	6.856944671088718e-12	2.0139548448671346e-12	6.32340336957607e-13	2.1056449507422668e-13	7.387430161431287e-14	2.715687102129351e-14	1.0411584017561936e-14	4.1464262337090635e-15	1.7094715255620925e-15	7.274274872838225e-16	3.186625745547494e-16	1.4338280052793936e-16	6.613246074721685e-17	3.121110894635496e-17	1.5048381883394276e-17	7.401807602313138e-18	3.7093409453806144e-18	1.8917527603997207e-18	9.808115343867457e-19	5.1647180575378075e-19
29.512092266663856	0.3333333333333333	0.0048333650592812215	0.0001579820819671963	8.876669337012017e-6	7.37107541321335e-7	8.215283533202494e-8	1.1512438812694721e-8	1.936972333615648e-9	3.7831785307331794e-10	8.363537831003439e-11	2.05256866208806e-11	5.507882805453424e-12	1.5966103350987728e-12	4.951013500183023e-13	1.6292609574898803e-13	5.6520101222165523e-14	2.0554742122416946e-14	7.799567766060908e-15	3.0756026364862495e-15	1.2559907635065658e-15	5.295838826393519e-16	2.299517840849293e-16	1.0258715868364061e-16	4.6926796429321756e-17	2.1970365423960796e-17	1.0510991829646455e-17	5.131148658113423e-18	2.5526270400302864e-18	1.2925700029678838e-18	6.655098925454896e-19	3.480730006406512e-19
29.92264636608189	0.3333333333333333	0.004704668683896077	0.00014986247041764243	8.218623345265338e-6	6.671889666949027e-7	7.28118802947936e-8	1.0005929811709305e-8	1.6531620857448792e-9	3.174550929500063e-10	6.907538273317931e-11	1.6701716493252665e-11	4.419309125650995e-12	1.2641848730743209e-12	3.8712232569694233e-13	1.258801218716461e-13	4.317429469463674e-14	1.5531397045215196e-14	5.832374860170287e-15	2.2770058841515575e-15	9.20972323126833e-16	3.847464647394145e-16	1.6557619010442444e-16	7.323287584808408e-17	3.3220578337915476e-17	1.5427992349149623e-17	7.323297324863215e-18	3.547859912955603e-18	1.7519428791336442e-18	8.80751729594376e-19	4.502998408589544e-19	2.3390621102483577e-19
30.338911841942707	0.33333333333333326	0.004579322963605496	0.00014215157350719258	7.60835168450822e-6	6.037649060123226e-7	6.451105306246273e-8	8.692531480555196e-9	1.4101006889723672e-9	2.6619102772788615e-10	5.700136966479673e-11	1.3576789506219065e-11	3.5419440597791405e-12	9.997384628010342e-13	3.0228362128484634e-13	9.71148698739815e-14	3.292767596364051e-14	1.1715897651502797e-14	4.3535295226545205e-15	1.6825786164789573e-15	6.739715104774166e-16	2.7893835996595987e-16	1.1896327195365455e-16	5.2159629114464633e-17	2.3462341099561354e-17	1.080744583502561e-17	5.089508305358276e-18	2.446753227126767e-18	1.1991980906935949e-18	5.984926043489342e-19	3.0382478049203954e-19	1.5673152050913244e-19
30.76096814740708	0.3333333333333333	0.00445724455606477	0.00013482944654730965	7.042480001777652e-6	5.462475052117815e-7	5.713736544408418e-8	7.54807291602655e-9	1.2020704799994295e-9	2.2304508814723913e-10	4.6997896136245674e-11	1.1025743702335384e-11	2.8356243233155663e-12	7.896382160886268e-13	2.357191098024332e-13	7.481308179218474e-14	2.5073284608492194e-14	8.822824342908267e-15	3.2438355171000853e-15	1.2409765885857346e-15	4.922329504180797e-16	2.0180622731761478e-16	8.528653130935765e-17	3.7066064561178345e-17	1.6531462460778652e-17	7.552240073672283e-18	3.528160883854132e-18	1.6829940255867617e-18	8.186473220706626e-19	4.0557027218827615e-19	2.044158560218335e-19	1.047151848163474e-19
31.18889584093937	0.3333333333333333	0.004338351994849966	0.00012787707293634743	6.517863658027648e-6	4.941004288060566e-7	5.058974471351431e-8	6.55132583663745e-9	1.0241352927603785e-9	1.8675944465140098e-10	3.871730719474903e-11	8.94531952871406e-12	2.2676576343747124e-12	6.229278177236476e-13	1.8356518409400382e-13	5.754847744770854e-14	1.9062357453038805e-14	6.632958232231334e-15	2.4126682427005885e-15	9.135422571390684e-16	3.587843231383779e-16	1.456976943158953e-16	6.100975082558183e-17	2.6280304172161304e-17	1.1620504157398754e-17	5.2645979074703705e-18	2.439616772134645e-18	1.154624094893165e-18	5.573580706888617e-19	2.7407646909996355e-19	1.3714244738858964e-19	6.9758530551472e-20
31.622776601683796	0.33333333333333326	0.00422256565719925	0.00012127632416282905	6.031572863890348e-6	4.468345267890246e-7	4.4777821458887436e-8	5.683657855911613e-9	8.720368248919988e-10	1.562664344324383e-10	3.1868967136916254e-11	7.250423363684539e-12	1.8114663293948236e-12	4.908141094443264e-13	1.4275878099103142e-13	4.4203427195643233e-14	1.446965605436012e-14	4.9782316155211075e-15	1.791257911958201e-15	6.712285714298273e-16	2.60993330561133e-16	1.0496916973407453e-16	4.3547988939331503e-17	1.8590653775774307e-17	8.149116145132231e-18	3.660909963559854e-18	1.6826464970358793e-18	7.900622625221932e-19	3.7844254651025785e-19	1.847021896271135e-19	9.174684877539032e-20	4.633562449321572e-20
32.06269324505466	0.3333333333333333	0.004109807731786215	0.00011500992131070608	5.580878709304495e-6	4.040038468659081e-7	3.962083535931489e-8	4.928725043159857e-9	7.421042698179875e-10	1.3066059943162575e-10	2.6210150382471347e-11	5.871010561980091e-12	1.4454706815271547e-12	3.862496621539955e-13	1.1087511225184189e-13	3.390355783870798e-14	1.096622391062701e-14	3.730026117517387e-15	1.3275189773126117e-15	4.922536827234292e-16	1.8947772928954446e-16	7.546769388359741e-17	3.101600852432109e-17	1.3121027186236807e-17	5.7011971015127044e-18	2.5394818935507083e-18	1.1576030519190569e-18	5.391899491533167e-19	2.5626576755427087e-19	1.2412618896993852e-19	6.120240079885292e-20	3.0687289038583816e-20
32.50872973854344	0.3333333333333333	0.004000002186558706	0.000109061398025551	5.163240039099994e-6	3.6520196644798773e-7	3.504664805242181e-8	4.272199528223463e-9	6.311755862518068e-10	1.0917470683709273e-10	2.153834494583903e-11	4.749488562357748e-12	1.1521708230392019e-12	3.0359389535447103e-13	8.5997504814645e-14	2.596589759335505e-14	8.298020137465906e-15	2.7900912652504548e-15	9.82077866684543e-16	3.6031667464844805e-16	1.3728385839867469e-16	5.4143957026245947e-17	2.2042033304646025e-17	9.239501291336922e-18	3.979146015652702e-18	1.7572409942792903e-18	7.943638798920203e-19	3.6701111854134214e-19	1.7306253641581265e-19	8.318449675165308e-20	4.070989460636018e-20	2.0263930214495748e-20
32.96097121774578	0.3333333333333333	0.0038930747366745025	0.00010341506490064876	4.776291128700503e-6	3.300586205480232e-7	3.099085317880867e-8	3.701528338099092e-9	5.365289667890978e-10	9.11592055367448e-11	1.7684756777492897e-11	3.838555987622139e-12	9.173929819504817e-13	2.3833837175798695e-13	6.661316330696569e-14	1.985782713526156e-14	6.2691923692132264e-15	2.0835101800448552e-15	7.252274581622013e-16	2.6324297627872545e-16	9.926888736788565e-17	3.876394429400183e-17	1.5630196358839123e-17	6.491356629716976e-18	2.770641432779293e-18	1.2129577093781562e-18	5.437133526542048e-19	2.4915574332050125e-19	1.1655590970398236e-19	5.55911368667243e-20	2.7001132107977262e-20	1.3341554066110937e-20
33.419504002611426	0.3333333333333333	0.0037889528125633312	0.00009805597524206711	4.417830116132084e-6	2.9823660331494905e-7	2.739597454169659e-8	3.2057200443612487e-9	4.5582323637312284e-10	7.60646435908025e-11	1.4508833750576184e-11	3.0994067728770363e-12	7.296714677211667e-13	1.8688444321093762e-13	5.1529825142434146e-14	1.516464016801134e-14	4.729005274078961e-15	1.5532613533349821e-15	5.345967845951941e-16	1.919581536906002e-16	7.163728729574129e-17	2.7694564638605228e-17	1.1059192922745708e-17	4.550168412464129e-18	1.924579490932155e-18	8.3519177474350685e-19	3.7120081782324353e-19	1.6869966027241378e-19	7.828549907917342e-20	3.7046705288231523e-20	1.7857094200860164e-20	8.757955873984536e-21
33.884415613920254	0.3333333333333333	0.0036875655281427286	0.00009296989217198993	4.085808148501453e-6	2.694289224587247e-7	2.421074410632813e-8	2.7751561537118863e-9	3.8704606185530066e-10	6.342663519545325e-11	1.18936543789724e-11	2.500239501053523e-12	5.797426459383114e-13	1.4636353694161872e-13	3.980922651702828e-14	1.156395134073564e-14	3.561644229624049e-15	1.1560223922267833e-15	3.933715883203057e-16	1.3971211598565813e-16	5.159379068662771e-17	1.9744647966910496e-17	7.807786734375891e-18	3.1821705585469272e-18	1.3336903639575585e-18	5.736554986087337e-19	2.5277498379005123e-19	1.1392173935862261e-19	5.24374134832203e-20	2.4619048854258768e-20	1.177559490570739e-20	5.732034205344627e-21
34.35579478998746	0.3333333333333333	0.0035888436492134603	0.00008814325702988856	3.7783192030304006e-6	2.4335618724189023e-7	2.1389452288431655e-8	2.4014244954498064e-9	3.2846898753554704e-10	5.285301961828049e-11	9.742049014923518e-12	2.015021628321726e-12	4.601311687335888e-13	1.1449211797335976e-13	3.071407266489342e-14	8.805540418800534e-15	2.678276102952611e-15	8.58938281437433e-16	2.8893824693626583e-16	1.0149386823572264e-16	3.708413891365504e-17	1.4047281255594045e-17	5.500185630633666e-18	2.220355090726478e-18	9.220117476485553e-19	3.9304185466132325e-19	1.7168937594325828e-19	7.672654903297281e-20	3.5027675793164267e-20	1.631426296697419e-20	7.742740363442655e-21	3.740422537017332e-21
34.83373150360118	0.33333333333333326	0.00349271956205851	0.00008356315903147093	3.493590544600959e-6	2.1976421205675852e-7	1.8891363648296896e-8	2.077172145459371e-9	2.786084301801986e-10	4.4012903527278967e-11	7.973340766005918e-12	1.6224661982123454e-12	3.648120967468705e-13	8.945480888381609e-14	2.366583824233071e-14	6.695504816880433e-15	2.0108786340141024e-15	6.371372158234711e-16	2.118524191443604e-16	7.35909423423218e-17	2.6601838246833156e-17	9.972936498603912e-18	3.8660827062273734e-18	1.5456940546188124e-18	6.358855107243819e-19	2.6862567093382743e-19	1.163147894972649e-19	5.1538176061296136e-20	2.3333979470996306e-20	1.0780405886630688e-20	5.076249033803258e-21	2.4335187676365927e-21
35.3183169791957	0.3333333333333333	0.0033991272422678556	0.00007921730614578472	3.229973783577683e-6	1.984218188696815e-7	1.6680191516663753e-8	1.7959756907859573e-9	2.3619187214683457e-10	3.6627319395522424e-11	6.5206101128471954e-12	1.3051856315320132e-12	2.8893536271849703e-13	6.981033762661204e-14	1.821123895512648e-14	5.083820619828722e-15	1.5074530645547562e-15	4.718247148853684e-16	1.550562314618508e-16	5.3258440471891114e-17	1.9044436172413758e-17	7.065480285325512e-18	2.7114956930508605e-18	1.0735591661412486e-18	4.37503259706613e-19	1.8313686986848645e-19	7.859714404472815e-20	3.4526655246940724e-20	1.550140765645331e-20	7.103482028003387e-21	3.3183656065743535e-21	1.5785096513167805e-21
35.80964371026361	0.3333333333333333	0.0033080022238097862	0.00007509399715134796	2.9859364994279295e-6	1.7911882299991116e-7	1.4723627274265429e-8	1.552226870582623e-9	2.0012858431695066e-10	3.046126930512211e-11	5.328401568488937e-12	1.048992730992433e-12	2.286013738564941e-13	5.441596499643801e-14	1.3995634509196653e-14	3.854595447625825e-15	1.1283166080528114e-15	3.488241873300779e-16	1.1328530495885197e-16	3.8470944518470646e-17	1.3606864248838374e-17	4.995146799305543e-18	1.897537575703218e-18	7.439249247962774e-19	3.0029113216247756e-19	1.2454382922081051e-19	5.2973312151409876e-20	2.3068529949805044e-20	1.0269653840938782e-20	4.667379671482402e-21	2.1628950130998135e-21	1.0208331100374815e-21
36.30780547701014	0.3333333333333333	0.0032192815683678277	0.00007118209483273442	2.7600543973567424e-6	1.616641878136035e-7	1.2992914812613628e-8	1.3410318421021213e-9	1.6948429283565124e-10	2.5316955145178863e-11	4.350803019744618e-12	8.423240106187559e-13	1.8067850443801643e-13	4.2366848757481343e-14	1.0741963025031151e-14	2.9184434819811424e-15	8.432363404739345e-16	2.574614912481258e-16	8.262048569663021e-17	2.773693577115865e-17	9.702462910624531e-18	3.52405708119566e-18	1.3249983816936008e-18	5.143187433930707e-19	2.056182411476574e-19	8.448614494316717e-20	3.5611015480552864e-20	1.5371747680655398e-20	6.784852674623975e-21	3.058002930333281e-21	1.4056378330882798e-21	6.581937770768835e-22
36.81289736425314	0.3333333333333333	0.003132903834960967	0.0000674710002796443	2.5510039668104077e-6	1.4588433495692259e-7	1.1462472601175361e-8	1.1581225099813747e-9	1.4345927634491639e-10	2.1028023737092136e-11	3.5498389114274807e-12	6.757645086892433e-13	1.4265485475141745e-13	3.2947462454796686e-14	8.234082576761407e-15	2.206530619122366e-15	6.292175179366657e-16	1.8971402788588067e-16	6.014964647623053e-17	1.9960267211761673e-17	6.9046328438990226e-18	2.4809957015773983e-18	9.231743459114455e-19	3.5476049996239285e-19	1.4045521467135177e-19	5.716950508386987e-20	2.387739229561975e-20	1.0215569053620963e-20	4.470156210068967e-21	1.997850290192941e-21	9.108256028966628e-22	4.230979944820675e-22
37.325015779572055	0.3333333333333333	0.003048809049863426	0.00006395062825113911	2.3575556122808143e-6	1.3162159772930736e-7	1.010955194144937e-8	9.997785277784132e-10	1.2136944452202301e-10	1.7454679314424975e-11	2.8941274210179594e-12	5.416566911136256e-13	1.1251800121607125e-13	2.5592728318885885e-14	6.303618346311214e-15	1.6659317146518391e-15	4.687999427507253e-16	1.3956286432306332e-16	4.3713043518830123e-17	1.4336976577230278e-17	4.9038209910372326e-18	1.7430020024894606e-18	6.417938524556411e-19	2.4413918391204437e-19	9.571290082254046e-20	3.858850443826244e-20	1.5968469226522602e-20	6.770738665463633e-21	2.9369764040562098e-21	1.301504640198372e-21	5.884613173189261e-22	2.711521705961774e-22
37.844258471709324	0.3333333333333333	0.0029669386768388377	0.00006061138356840433	2.178567228362042e-6	1.1873280611205501e-7	8.913931809161673e-9	8.627587338332878e-10	1.0263000524171937e-10	1.4479536490278508e-11	2.357759437506828e-12	4.337789452629915e-13	8.865757977608403e-14	1.9856966371232487e-14	4.81959377689589e-15	1.2560168525454447e-15	3.487480124643557e-16	1.0250037581842968e-16	3.171196887766594e-17	1.0278586104483894e-17	3.475881138865622e-18	1.2219658400722983e-18	4.451957047136883e-19	1.6762500880646365e-19	6.506671372038012e-20	2.598155058180696e-20	1.0651534780973915e-20	4.475504531422453e-21	1.924294866655524e-21	8.454419679094839e-22	3.7906938959874914e-22	1.732475031059731e-22
38.37072454922787	0.3333333333333333	0.002887235587702479	0.000057444138500117354	2.0129781924712084e-6	1.070879928216898e-7	7.857645337492374e-9	7.442409207518702e-10	8.674137741877773e-11	1.2004104766169704e-11	1.9193636890894236e-12	3.4708159236046267e-13	6.978646978059982e-14	1.5389123230198376e-14	3.680269084265706e-15	9.456432432931846e-16	2.590452692162885e-16	7.515678342449438e-17	2.296525287399345e-17	7.355210219601472e-18	2.4588526047907617e-18	8.548898691208222e-19	3.0814151991019687e-19	1.1482570457348553e-19	4.4126813105630557e-20	1.744957815853954e-20	7.086509587890016e-21	2.9503858505148843e-21	1.2572864330007121e-21	5.476144018016339e-22	2.434641021930781e-22	1.1035693373294683e-22
38.90451449942806	0.3333333333333333	0.0028096440332239206	0.00005444021110529886	1.859803750048057e-6	9.656921055524862e-8	6.9247349579129535e-9	6.417689606768823e-10	7.327705031878124e-11	9.945811128396496e-12	1.5613279208456281e-12	2.77470381442657e-13	5.487710932235202e-14	1.1913038645186186e-14	2.8067270990356383e-15	7.109767664123349e-16	1.9212403689269643e-16	5.501741036628036e-17	1.6601865636987072e-17	5.253444513325293e-18	1.735954895041011e-18	5.968317729712945e-19	2.1281081096374895e-19	7.847627943247909e-20	2.985390731918834e-20	1.1690061700479895e-20	4.702434338785961e-21	1.9397466696300152e-21	8.19193375161402e-22	3.5368503411140634e-22	1.559064216901517e-22	7.00822567131965e-23
39.44573020752784	0.3333333333333333	0.0027341096143812895	0.000051591344499136935	1.7181297683927748e-6	8.706945133868371e-8	6.1010333139169864e-9	5.53206418406324e-10	6.187312853258556e-11	8.235480653930876e-12	1.2691507426710099e-12	2.2162913084574323e-13	4.31101032597597e-14	9.21174742624668e-15	2.1378400980491655e-15	5.33804769497226e-16	1.4227622388192067e-16	4.0209023547720066e-17	1.1980696701613982e-17	3.745261156267318e-18	1.223161896346976e-18	4.15800692111519e-19	1.4664992655834583e-19	5.351022648375149e-20	2.0149045164777426e-20	7.811960780969056e-21	3.112305903720647e-21	1.2718597670929368e-21	5.322632645929518e-22	2.27775584165733e-22	9.954133474797442e-23	4.4370009646946535e-23
39.99447497610974	0.3333333333333333	0.0026605792539772643	0.00004888968700833837	1.5871078365899812e-6	7.849165958303649e-8	5.373967338826748e-9	4.766958826172674e-10	5.221933550527097e-11	6.815206583232444e-12	1.0309027884603567e-12	1.7687460628951107e-13	3.383280422897966e-14	7.115009094913384e-15	1.626326293941736e-15	4.0023149513870263e-16	1.0520348214933978e-16	2.933868343364838e-17	8.630754313478585e-18	2.6650822607143073e-18	8.601423539652207e-19	2.8907527832992943e-19	1.0083593101224114e-19	3.6402776353262234e-20	1.3566327577513375e-20	5.207318951101687e-21	2.0545187573390223e-21	8.316875715322505e-22	3.4486791952079805e-22	1.4626631977950644e-22	6.336522127615436e-23	2.800536601501682e-23
40.550853544838375	0.3333333333333333	0.0025890011686258187	0.00004632777318309558	1.465950690199661e-6	7.07478310988174e-8	4.7323831401094026e-9	4.106233331118113e-10	4.405127803991941e-11	5.6365512535726364e-12	8.367791780972784e-13	1.410379122354751e-13	2.652597378622623e-14	5.48941544404861e-15	1.2356648070531118e-15	2.9967101854032325e-16	7.767436662814734e-17	2.1372425827332312e-17	6.206675293338887e-18	1.8929164926436327e-18	6.036692253628249e-19	2.0055350179716854e-19	6.918226807240355e-20	2.4707677032833273e-20	9.112229597937739e-21	3.462412389951398e-21	1.3527124438816672e-21	5.423839538258291e-22	2.228249635371384e-22	9.365399599206959e-23	4.021649897473131e-23	1.7622222299119072e-23
41.11497211045222	0.3333333333333333	0.0025193248411177877	0.00004389850563374669	1.353927940574249e-6	6.375819091888483e-8	4.166389561237495e-9	3.535869401775377e-10	3.71438000477686e-11	4.659027835186576e-12	6.787282233723834e-13	1.1236766285933397e-13	2.0776981325681195e-14	4.230554007063868e-15	9.376858708971017e-16	2.2407111966115274e-16	5.726350202900277e-17	1.5544101029319844e-17	4.455691209415747e-18	1.3419813991414218e-18	4.2283565262347165e-19	1.3884949258478334e-19	4.7361030226922435e-20	1.6731292470080598e-20	6.1057868933961054e-21	2.2964322297547058e-21	8.883165747931304e-22	3.5275898637727627e-22	1.4356820056871844e-22	5.979313958381865e-23	2.5448445699718855e-23	1.1054658104167123e-23
41.68693834703354	0.3333333333333333	0.0024515009931722854	0.0000415951376609802	1.250362089786274e-6	5.7450443341362113e-8	3.667218499938123e-9	3.0436976180642207e-10	3.1305276423627574e-11	3.848820159047751e-12	5.501436701752922e-13	8.945102260395921e-14	1.6258285790982762e-14	3.256808752303437e-15	7.106913232651228e-16	1.673161080013802e-16	4.215348802357875e-17	1.1287001643279609e-17	3.193149390702584e-18	9.496372314678692e-19	2.9558996226379177e-19	9.592999278371471e-20	3.235156611859218e-20	1.1303887650612287e-20	4.0814407526889745e-21	1.5192825916090787e-21	5.81830443193451e-22	2.2880899260805945e-22	9.224328951052109e-23	3.8064299897416765e-23	1.605535711507728e-23	6.913418023873278e-24
42.2668614265603	0.3333333333333333	0.0023854815585801787	0.000039411256649281355	1.1546248132242596e-6	5.175908811686054e-8	3.227100250421521e-9	2.619158665150184e-10	2.6372717675410638e-11	3.1777042311281814e-12	4.4560986780157556e-13	7.114939063937712e-14	1.2710180460148963e-14	2.5044626972555375e-15	5.379908907060004e-16	1.247680846777393e-16	3.098471461259331e-17	8.182677687938633e-18	2.2844091521577534e-18	6.70760175418087e-19	2.0623152960310507e-19	6.613967097332569e-20	2.2050497147126835e-20	7.619520882606239e-21	2.721702009339625e-21	1.0026135393694687e-21	3.8009409943463154e-22	1.4801000893803312e-22	5.910065447037158e-23	2.4161521504615078e-23	1.0099003340460832e-23	4.310234996265501e-24
42.85485203974395	0.3333333333333333	0.0023212196567449586	0.000037340768194159385	1.0661334929375244e-6	4.662479719274502e-8	2.839152308466515e-9	2.2530946464453378e-10	2.2207573172715814e-11	2.6221404348609455e-12	3.6069096896922483e-13	5.65460716561362e-14	9.926973398186231e-15	1.923834318793862e-15	4.067639853030964e-16	9.291511900562414e-17	2.2741698222617935e-17	5.922689604622673e-18	1.6314792886962766e-18	4.729087191069664e-19	1.4360502456935693e-19	4.550600481244158e-20	1.499655746142293e-20	5.124244377194327e-21	1.8106035113300345e-21	6.599921328032872e-22	2.4765754791470944e-22	9.548418478746263e-23	3.7759808264242315e-23	1.5292175867583118e-23	6.333374342074568e-24	2.6789684577586858e-24
43.451022417157155	0.33333333333333326	0.0022586695666254744	0.000035377880934534165	9.843479857842502e-7	4.199384686753004e-8	2.4972802335517004e-9	1.9375668000697836e-10	1.8692135906258892e-11	2.162510054173203e-12	2.917567226616937e-13	4.4903746095176343e-14	7.745933146575124e-15	1.4762336800478604e-15	3.0717593927199654e-16	6.910185629710725e-17	1.666720665907722e-17	4.280081758936604e-18	1.163174524499844e-18	3.328052867040815e-19	9.980111919862459e-20	3.1244683121457333e-20	1.0176916518106874e-20	3.438233093425018e-21	1.2016070325421784e-21	4.3336555200743985e-22	1.6094505477916186e-22	6.143186058808258e-23	2.4057272125746524e-23	9.650540036744962e-24	3.959937061339015e-24	1.6599338830371382e-24
44.05548635065533	0.33333333333333326	0.002197786701084322	0.00003351709206250348	9.087676113636192e-7	3.781760062478244e-8	2.196089302933102e-9	1.6656963722939853e-10	1.5726464737725396e-11	1.7824737109268355e-12	2.3583864666566096e-13	3.562994258448503e-14	6.038457160314161e-15	1.1315676017485757e-15	2.31692814151716e-16	5.132357415566713e-17	1.2197490951237913e-17	3.0881452171234865e-18	8.278784413731268e-19	2.337805612336825e-19	6.92236540366142e-20	2.1408492047574432e-20	6.891182474503798e-21	2.3016814357995554e-21	7.95533778577035e-22	2.8384472197912863e-22	1.0432042252450981e-22	3.941643938656413e-23	1.5284152106107933e-23	6.072536937149615e-24	2.4685186192033207e-24	1.0253418058445502e-24
44.66835921509632	0.33333333333333326	0.0021385275816448845	0.00003175317348354679	8.389283455931485e-7	3.405203829776927e-8	1.9308058199497685e-9	1.4315257871577778e-10	1.3225751507156855e-11	1.468432695861265e-12	1.90511395555965e-13	2.824903734571723e-14	4.703024629201069e-15	8.664580146399211e-16	1.7455094794842135e-16	3.8068994837542913e-17	8.913520260493002e-18	2.2246362679437685e-18	5.882331252874177e-19	1.6392093278446452e-19	4.7921368192919865e-20	1.4638631923660808e-20	4.656137233187935e-21	1.5373075528169343e-21	5.254274039130389e-22	1.8544647175832241e-22	6.74414357253124e-23	2.5222165723509218e-23	9.683092586214709e-24	3.8099909971987786e-24	1.5341865775150333e-24	6.31392623939973e-25
45.28975799036208	0.33333333333333326	0.00208084981365941	0.000030081158601053262	7.744002066283879e-7	3.065732757022121e-8	1.6972070540607265e-9	1.2298975932190207e-10	1.1118070263535685e-11	1.2090770618400802e-12	1.5379500317851035e-13	2.2379571224284338e-14	3.6595799410088894e-15	6.627654993165333e-16	1.313468962243539e-16	2.8200501514921965e-17	6.504328628323197e-18	1.6000706266144675e-18	4.172501855390344e-19	1.1472840178101681e-19	3.311020306596611e-20	9.988986104130922e-21	3.1391638723704784e-21	1.0244324225036245e-21	3.4619895382548933e-22	1.2085601852603053e-22	4.3486085816041784e-23	1.6095650134149745e-23	6.11736099144728e-24	2.383483366030773e-24	9.506318946844156e-25	3.875981713198882e-25
45.919801283686866	0.3333333333333333	0.0020247120618897725	0.00002849632969988511	7.147848206152963e-7	2.7597434145842436e-8	1.4915588942587332e-9	1.0563489709623395e-10	9.342454480155076e-12	9.95006812240587e-13	1.240744021769911e-13	1.771589407407384e-14	2.8450617150441705e-15	5.064322991261133e-16	9.872090312602266e-17	2.0863002215200176e-17	4.739512297468214e-18	1.1490566034871895e-18	2.954682416994066e-19	8.015318027508432e-20	2.283257597330316e-20	6.802225126533604e-21	2.1118362162323306e-21	6.811054721766799e-22	2.27561535598637e-22	7.856529070109191e-23	2.796663922868239e-23	1.0243676952960413e-23	3.85381703280592e-24	1.4867364390710298e-24	5.872701605569647e-25	2.3719954929494963e-25
46.5586093522959	0.3333333333333333	0.001970074026502091	0.000026994205904501714	6.597131555176381e-7	2.4839767221504404e-8	1.3105603915620902e-9	9.070198520605864e-11	7.847255573963007e-12	8.18414616156105e-13	1.0003322872226397e-13	1.4013326681067009e-14	2.2098479821701514e-15	3.8657687439896124e-16	7.411292259726724e-17	1.5414699077272646e-17	3.448628172841143e-18	8.238899624293151e-19	2.0887931876753267e-19	5.589677554772637e-20	1.5714878037828903e-20	4.622655841653805e-21	1.4176416849152013e-21	4.518096971737431e-22	1.4922215425368228e-22	5.0945614373197705e-23	1.7938959027026956e-23	6.5016652273384596e-24	2.421000265163994e-24	9.246746745284474e-25	3.6170448880503626e-25	1.4470868973433336e-25
47.20630412635906	0.3333333333333333	0.0019168964194757067	0.000025570531687974722	6.088434119740917e-7	2.2354857178113468e-8	1.1512944511679468e-9	7.785729382583479e-11	6.5887425119961984e-12	6.728202679469848e-13	8.059942694985035e-14	1.107617873925496e-14	1.7149331176741218e-15	2.947862379631863e-16	5.557483127008068e-17	1.1374580094292062e-17	2.5057878251611105e-18	5.898288412396789e-19	1.4741908306514795e-19	3.89109597279133e-20	1.0795254331697473e-20	3.135057475881361e-21	9.495871009936648e-22	2.990257627219612e-22	9.761813529603347e-23	3.295319884202011e-23	1.1476828133141685e-23	4.115428209861381e-24	1.5166148047465692e-24	5.734250097927867e-25	2.2210558165385707e-25	8.80081318135346e-26
47.86300923226384	0.3333333333333333	0.0018651409414265434	0.000024221265909016215	5.618590608140758e-7	2.0116062660553932e-8	1.0111840113972972e-9	6.681241165756994e-11	5.529907885460415e-12	5.528486266598462e-13	6.490059045639861e-14	8.748083207814003e-15	1.3296885208451479e-15	2.24563588637049e-16	4.162609787150353e-17	8.38265606446998e-18	1.8181561430204517e-18	4.2161434956626766e-19	1.0386972114331244e-19	2.7038303533395682e-20	7.401561398929108e-21	2.1218534375375976e-21	6.346984720544805e-22	1.9745831936470294e-22	6.370771169700276e-23	2.1262005961317813e-23	7.32343830326811e-24	2.597931004023654e-24	9.47398174301893e-25	3.545656877216563e-25	1.3597341383313068e-25	5.33577370799854e-26
48.52885001621211	0.33333333333333326	0.0018147702588443668	0.000022942571354922306	5.18467017499165e-7	1.8099304455397133e-8	8.879531155414423e-10	5.7318195189218483e-11	4.639450674668269e-12	4.5404405978643554e-13	5.2227330945613976e-14	6.904207280799764e-15	1.030088397609458e-15	1.7089771890818707e-16	3.1143010250475114e-17	6.169895749203976e-18	1.3173793776837031e-18	3.009130525352727e-19	7.306421051712643e-20	1.8754801775737664e-20	5.065069169476473e-21	1.4331902866195277e-21	4.233180316732641e-22	1.3009423774410908e-22	4.1478160024151334e-23	1.368447381923691e-23	4.660984452506329e-24	1.6355467232974945e-24	5.9015600167209925e-25	2.185994422935655e-25	8.299214190373662e-26	3.224909477884814e-26
49.20395356814509	0.3333333333333333	0.0017657479817429957	0.000021730804769100356	4.783959443598798e-7	1.6282823793660284e-8	7.795923448357128e-10	4.9159510052379664e-11	3.8909101138929904e-12	3.727155091930518e-13	4.2003257981592465e-14	5.444982029484294e-15	7.973056634844469e-16	1.299277807299039e-16	2.3273777664964588e-17	4.535528838266835e-18	9.53207095568099e-19	2.1444044790734612e-19	5.13102905558357e-20	1.298597031173954e-20	3.4595695373978705e-21	9.660814028585458e-22	2.817313899172905e-22	8.55182174998041e-23	2.6941064906899563e-23	8.785584334939638e-24	2.958767721818505e-24	1.0268849911834933e-24	3.6658823721443805e-25	1.343797016525657e-25	5.050193573853025e-26	1.943043139670139e-26
49.88844874600122	0.3333333333333333	0.0017180386417220965	0.000020582507342599613	4.413946720671464e-7	1.4646962907139715e-8	6.843281366823584e-10	4.2150663161622315e-11	3.261928681360455e-12	3.0580722356330925e-13	3.3760398432394457e-14	4.2910597187672755e-15	6.166020243802917e-16	9.868262357797537e-17	1.7373555379679866e-17	3.3299373621523663e-18	6.887544295386749e-19	1.5258656228187603e-19	3.597426924581213e-20	8.975707234335477e-21	2.35850390436231e-21	6.499020403929369e-22	1.8710072859715583e-22	5.608922889916166e-23	1.7457409217833052e-23	5.626437459070302e-24	1.8733371205089755e-24	6.429912481409085e-25	2.2707439441559943e-25	8.236652291412043e-26	3.06384607240365e-26	1.1670556307598959e-26
50.5824662003114	0.3333333333333333	0.0016716076704387708	0.000019494395649800852	4.0723073231531954e-7	1.3173965851990613e-8	6.005955625087198e-10	3.6131436924899546e-11	2.7336253495276173e-12	2.5079098603924644e-13	2.7119087486041187e-14	3.3792624935518805e-15	4.764515938597765e-16	7.487837212961797e-17	1.295478578873312e-17	2.441779187114291e-18	4.969885295137937e-19	1.0841109603082647e-19	2.5180885621387274e-20	6.1929684264354956e-21	1.6048420944377674e-21	4.363243370173246e-22	1.2399102174511448e-22	3.670481004423561e-23	1.128539294985174e-23	3.594333673188915e-24	1.183025915539703e-24	4.0152608627481337e-25	1.4026083632424952e-25	5.0338531223931995e-26	1.8531631840467672e-26	6.987863920842829e-27
51.28613839913648	0.33333333333333326	0.0016264213784867763	0.00001846335300914104	3.7568899420079297e-7	1.1847797783461913e-8	5.27014184815989e-10	3.096364790435382e-11	2.2900629475766744e-12	2.055763290794996e-13	2.177153200949739e-14	2.659330763796205e-15	3.6784968504811796e-16	5.676142788578631e-17	9.649298001697719e-18	1.7883113725345373e-18	3.5812720952403973e-19	7.691005060079069e-20	1.7597274903978275e-20	4.265487244578669e-21	1.0899651881779961e-21	2.9234892741337214e-22	8.199406127625078e-23	2.3965789635149144e-23	7.278261906605959e-24	2.2904838873788028e-24	7.451563091563556e-25	2.5006281300127035e-25	8.639410983792087e-26	3.0674928228714633e-26	1.1175019237513866e-26	4.171005893973376e-27
51.999599653351595	0.3333333333333333	0.0015824469346809125	0.000017486421250453012	3.465703972583259e-7	1.065398102212467e-8	4.623666535373454e-10	2.6528162054584682e-11	1.9177957566275348e-12	1.68435788811172e-13	1.746838706791956e-14	2.0913159993368296e-15	2.837682569046299e-16	4.29868529608598e-17	7.179421376766243e-18	1.308129137874787e-18	2.577160792792449e-19	5.448143238390087e-20	1.227776234342362e-20	2.932795721110712e-21	7.388922627104366e-22	1.9549128443606298e-22	5.410718860110333e-23	1.5613075567157706e-23	4.682902954494741e-24	1.4560024030388057e-24	4.681413604516535e-25	1.5531465877715676e-25	5.306550217337353e-26	1.863804673971979e-26	6.718480118863369e-27	2.4818785513787684e-27
52.722986142282274	0.3333333333333333	0.0015396523457436974	0.00001656079287118578	3.19690774567648e-7	9.579446395590005e-9	4.055797382277907e-10	2.2722307227198103e-11	1.6054854998303527e-12	1.3794272558141992e-13	1.4007802486864511e-14	1.6434922471577837e-15	2.1872737160590398e-16	3.2524277967252954e-17	5.335999194431112e-18	9.557255562152555e-19	1.8520951073338483e-19	3.853667387631892e-20	8.552567284019294e-21	2.0129930013070642e-21	4.99967136083985e-22	1.3046395692084785e-22	3.5629612122077703e-23	1.0148830076182525e-23	3.0059492671779217e-24	9.232623755910102e-25	2.933492612367943e-25	9.620668871991607e-26	3.250289124920203e-26	1.1291505130707024e-26	4.027006571601824e-27	1.4721892367075658e-27
53.45643593969716	0.3333333333333333	0.0014980064363912687	0.000015683803564442463	2.9487975976706306e-7	8.612398471564713e-9	3.55707525257265e-10	1.9457631144979544e-11	1.3435755737380302e-12	1.1291963213903536e-13	1.1226492404143926e-14	1.2906847901814025e-15	1.6845831616796112e-16	2.4585193779778638e-17	3.961676861939731e-18	6.9742146554800175e-19	1.329251105417518e-19	2.721852265194116e-20	5.948143473241134e-21	1.3792849872796738e-21	3.376738578776777e-22	8.689494090447408e-23	2.341283755069414e-23	6.582294100642895e-24	1.9249959260087436e-24	5.8400789785475425e-25	1.8334680323448886e-25	5.943321515286035e-26	1.9852471324149905e-26	6.820854810152195e-27	2.406482724935871e-27	8.705432109601762e-28
54.20008904016238	0.3333333333333333	0.0014574788298150822	0.000014852925102423183	2.719797722098915e-7	7.74219341903873e-9	3.119165384421642e-10	1.6657959639659584e-11	1.124014850053237e-12	9.239519416059739e-14	8.992460188351096e-15	1.0129338897601827e-15	1.2963906776163693e-16	1.856683547554942e-17	2.938216335273085e-18	5.083249734191014e-19	9.527462159304377e-20	1.9196581141042136e-20	4.130268779456602e-21	9.434549411566431e-22	2.2764230503825423e-22	5.776209161806053e-23	1.5352787856549146e-23	4.259665409572862e-24	1.2298792522175073e-24	3.6850664966634487e-25	1.1429946461792362e-25	3.661728384814627e-26	1.2091814553900631e-26	4.1083023097739685e-27	1.4337485466038803e-27	5.131696511090171e-28
54.954087385762456	0.33333333333333326	0.001418039928555775	0.000014065758559495894	2.5084507487499676e-7	6.959228345279999e-9	2.734725677631095e-10	1.425771572346576e-11	9.400236395467705e-13	7.556864333195739e-14	7.199076711601849e-15	7.944274444356965e-16	9.968678943855936e-17	1.4008924008240275e-17	2.1768795826606104e-18	3.7006342448759487e-19	6.819906878701667e-20	1.3519378893409419e-20	2.8634626155365372e-21	6.442403930763546e-22	1.531835360129571e-22	3.832124418479006e-23	1.0046486987639354e-23	2.750513953912346e-24	7.839395663695734e-25	2.3195706348463743e-25	7.107221764799463e-26	2.2499762564015247e-26	7.344365928578414e-27	2.467310762509583e-27	8.516358830210051e-28	3.0156160790383165e-28
55.71857489319299	0.3333333333333333	0.0013796608957653271	0.000013320027859734235	2.3134089999550568e-7	6.254841057910036e-9	2.397290142824027e-10	1.2200465123571501e-11	7.858954943472964e-13	6.178018565328244e-14	5.7602640915257535e-15	6.226492379913149e-16	7.659523369464331e-17	1.056035927223743e-17	1.6111482217188635e-18	2.69094036697828e-19	4.875456559082682e-20	9.507529425549266e-21	1.9820998123424484e-21	4.391761041734905e-22	1.0289136532875226e-22	2.5373973626908415e-23	6.560525912647003e-24	1.7721308078532802e-24	4.985322331489492e-25	1.4564927487376817e-25	4.40801246359017e-26	1.378817447594724e-26	4.448410279702256e-27	1.477490160864926e-27	5.043437961790328e-28	1.7665920633677712e-28
56.49369748123025	0.3333333333333333	0.0013423136368534282	0.00001261357363436067	2.133426377013482e-7	5.6212192943753074e-9	2.101165803684312e-10	1.0437658336197172e-11	6.568294542590548e-13	5.048648594105011e-14	4.606581652406856e-15	4.876998564321482e-16	5.880746861169114e-17	7.953605517041969e-18	1.191219017910384e-18	1.9544737729276362e-19	3.480907368110253e-20	6.676692320389515e-21	1.3698874703484733e-21	2.9888068513025275e-22	6.898548972120668e-23	1.6768476483829253e-23	4.2752777994916514e-24	1.1392650958583474e-24	3.1629891157197826e-25	9.12326816649967e-26	2.7269404310954323e-26	8.427037188163733e-27	2.6868597378682474e-27	8.821982753718369e-28	2.977778579677768e-28	1.0316740101866254e-28
57.279603098582925	0.3333333333333333	0.0013059707815137839	0.000011944347375114001	1.9673508328253923e-7	5.051318546291122e-9	1.8413415310561962e-10	8.927543129638038e-12	5.487881387925718e-13	4.124035751225583e-14	3.6820475867142314e-15	3.8175576274702527e-16	4.511635649703015e-17	5.985015549691493e-18	8.798474745767549e-19	1.417941154700268e-19	2.482074038389721e-20	4.682119936365553e-21	9.45310102299738e-22	2.0306259581872903e-22	4.616926131010217e-23	1.1060102082840677e-23	2.7803227519443502e-24	7.30810157102641e-25	2.0021625637667807e-25	5.700816090950358e-26	1.6826785072132152e-26	5.136706982732905e-27	1.618366505273398e-27	5.25231080303512e-28	1.7528812363447964e-28	6.006143666235148e-29
58.07644175213121	0.3333333333333333	0.0012706056661259094	0.000011310405870123934	1.8141173897227173e-7	4.538787684043073e-9	1.613407455430044e-10	7.634224810236706e-12	4.583777678243982e-13	3.367394674138133e-14	2.9415600327323117e-15	2.9863880912444636e-16	3.4586813435729795e-17	4.499734295043939e-18	6.492133998179658e-19	1.0275286327781853e-19	1.7676118441960878e-20	3.2788081782986586e-21	6.513261141883468e-22	1.3773350283354955e-22	3.0843875208119715e-23	7.28097202612787e-24	1.8044104851014e-24	4.677770768434518e-25	1.2644501022131978e-25	3.553622865153609e-26	1.0356719828021114e-26	3.1227629209885296e-27	9.720816644903186e-28	3.1180217912442822e-28	1.0287468273771287e-28	3.4857573028847727e-29
58.8843655355589	0.3333333333333333	0.001236192316527812	0.000010709905909420953	1.6727416642295427e-7	4.0779016582691205e-9	1.4134837541604125e-10	6.526854521786549e-12	3.827467763492771e-13	2.7484820107239272e-14	2.3488061219626208e-15	2.3347394378428183e-16	2.6495144572709976e-17	3.380129184212949e-18	4.785601847847016e-19	7.437754660434443e-20	1.2572276158739084e-20	2.292908290719718e-21	4.480869669517543e-22	9.326776462052126e-23	2.0568867513856442e-23	4.783972767786406e-24	1.1686619910734626e-24	2.987664480242215e-25	7.967250172671749e-26	2.2098192051983726e-26	6.3583140155130475e-27	1.8933911045126783e-27	5.822708229416574e-28	1.8456717643591718e-28	6.019524358655948e-29	2.0167317882995406e-29
59.70352865838369	0.3333333333333333	0.001202705431154822	0.00001014109924773814	1.542313863052718e-7	3.6635006199504423e-9	1.238157743490285e-10	5.578928429573055e-12	3.1950018657579647e-13	2.2424460053955977e-14	1.8745679447943017e-15	1.8241728289460283e-16	2.0281752019146937e-17	2.5369334942724582e-18	3.524190582655174e-19	5.377827054990513e-20	8.931011987794868e-21	1.6012514264406044e-21	3.078014725031713e-22	6.305371802604931e-23	1.3692475176740795e-23	3.13734064751381e-24	7.553709346860145e-25	1.904089359106265e-25	5.0086817295771816e-26	1.3708716482085038e-26	3.893710144205439e-27	1.1449635654098924e-27	3.4781339286179647e-28	1.0893780762221545e-28	3.511683691355142e-29	1.1631889000549645e-29
60.53408747539137	0.3333333333333333	0.0011701203645397035	9.602327812772323e-6	1.421993217011561e-7	3.290934860312317e-9	1.0844283247579995e-10	4.767682891562844e-12	2.666273256644615e-13	1.828875858237251e-14	1.4953511108778645e-15	1.4244027006160452e-16	1.551430423942591e-17	1.9024740959791726e-18	2.5927503776176765e-19	3.8841304117010406e-20	6.3365404463603295e-21	1.1167078994247599e-21	2.1111964663688865e-22	4.255807030090751e-23	9.098891706282801e-24	2.053586240328869e-24	4.872522414725887e-25	1.2109038649849777e-25	3.1415979787423013e-26	8.483892935597948e-27	2.378431019305449e-27	6.905515409756973e-28	2.0719025413597554e-28	6.411417385238664e-29	2.042538362440771e-29	6.688137254499565e-30
61.37620051647943	0.3333333333333333	0.001138413111169073	9.092019147566095e-6	1.3110028218711786e-7	2.956015026037722e-9	9.4965694053992e-11	4.073572681959902e-12	2.2244084008185257e-13	1.491016651172114e-14	1.192275288184754e-15	1.1115850162938482e-16	1.1859080928670436e-17	1.4254988024172767e-18	1.9056595491876647e-19	2.8022554914517686e-20	4.490281836613301e-21	7.777355939024878e-22	1.4459100762254447e-22	2.8678094036804494e-23	6.035800888110675e-24	1.3416748417222637e-24	3.1367089745294105e-25	7.684280358540108e-26	1.9660478584762432e-26	5.237882345038917e-27	1.4491934031040078e-27	4.153907977582696e-28	1.2308270067592073e-28	3.7625589700683917e-29	1.1844832254643538e-29	3.8336708276269514e-30
62.23002851691596	0.33333333333333326	0.0011075602896910538	8.608682076149092e-6	1.2086248571559313e-7	2.6549671090780656e-9	8.315242912829594e-11	3.4798210424134207e-12	1.8552526668106626e-13	1.2151213999108033e-14	9.50177326707567e-16	8.66960895536017e-17	9.058700285599827e-18	1.0672298402186353e-18	1.399323200591078e-19	2.0195453806176277e-20	3.17811763203997e-21	5.4093100470358e-22	9.888121121650551e-23	1.929393893917949e-23	3.9969269952241536e-24	8.749224357158002e-25	2.0152369568047386e-25	4.866003642243924e-26	1.2276035097224754e-26	3.2261344754973917e-27	8.807946970427056e-28	2.4921684341370742e-28	7.291761779504204e-29	2.2017559829898732e-29	6.848475214546674e-30	2.1906916312936224e-30
63.095734448019336	0.3333333333333333	0.0010775391274690119	8.150902582037606e-6	1.1141961559961089e-7	2.384391796886438e-9	7.279921474225825e-11	2.9720318252052584e-12	1.546936847994992e-13	9.899166009583064e-15	7.56886751342174e-16	6.757827367445478e-17	6.9148237464005725e-18	7.983560809960079e-19	1.0265585171852489e-19	1.453906616996266e-20	2.2467072819668053e-21	3.757288448019504e-22	6.752294768509115e-23	1.2959820757009761e-23	2.642211402441195e-24	5.694882634711733e-25	1.2921542340053967e-25	3.0748361582637013e-26	7.647986552567929e-27	1.982346205769481e-27	5.339977832666849e-28	1.4912869834259694e-28	4.30803224969909e-29	1.2847380681269626e-29	3.947914510442311e-30	1.24797738542458e-30
63.973483548264824	0.3333333333333333	0.0010483274454761503	7.717339889635716e-6	1.0271041009100297e-7	2.141227683276776e-9	6.372696671580281e-11	2.537855288568278e-12	1.289511958669376e-13	8.061616538129396e-15	6.026409089014606e-16	5.264646993820235e-17	5.274738572354004e-18	5.967431980643526e-19	7.523972739056342e-20	1.0455901975275362e-20	1.5863843173741163e-21	2.606365260703053e-22	4.604256091230296e-23	8.691402898632497e-24	1.7436695351588206e-24	3.699968833793024e-25	8.268826717020289e-26	1.9389053760455046e-26	4.754070408742064e-27	1.2152094696774228e-27	3.229420961604987e-28	8.900453034217931e-29	2.5382819713686504e-29	7.475197042682742e-30	2.2690979486234982e-30	7.0875094609481e-31
64.86344335482384	0.3333333333333333	0.0010199036435256748	7.306722739009633e-6	9.467828221512511e-8	1.922718094036845e-9	5.577836969505209e-11	2.1667002313059215e-12	1.0746417156943549e-13	6.5628588076597484e-15	4.796131777384623e-16	4.099112182949607e-17	4.020958578368607e-18	4.456922426904282e-19	5.509515822840014e-20	7.511621491283287e-21	1.1188219882863826e-21	1.8056329711912468e-22	3.135042475794795e-23	5.819678101369995e-24	1.1487391019994614e-24	2.399466240386924e-25	5.281044244864385e-26	1.2200601200576665e-26	2.948616461589315e-27	7.4319338068449655e-28	1.9482042568251605e-28	5.29826826917873e-29	1.4914847797739486e-29	4.337071899365068e-30	1.3003293093864894e-30	4.012773734094194e-31
65.76578373554204	0.3333333333333333	0.0009922466858311985	6.9178458449196185e-6	8.727096768780698e-8	1.726381094104522e-9	4.8815259130563974e-11	1.8494861335287937e-12	8.953437017990607e-14	5.340896478913524e-15	3.815326434105278e-16	3.189866663962426e-17	3.0631715599079815e-18	3.326166871150646e-19	4.030763206218561e-20	5.3908627268359325e-21	7.881512616108723e-22	1.2492880031739128e-22	2.1316149499038393e-23	3.8907356650874854e-24	7.555177493286143e-25	1.553244594405424e-25	3.36625724865991e-26	7.661271597611639e-27	1.8247777157377137e-27	4.5345705100935655e-28	1.1723931566994984e-28	3.145797633408715e-29	8.740164230775149e-30	2.5092271565240347e-30	7.429698622664377e-31	2.2649706318595826e-31
66.6806769213622	0.3333333333333333	0.0009653360868920179	6.549566531391296e-6	8.04401988878469e-8	1.5499824104781468e-9	4.271631412909156e-11	1.5784298213895522e-12	7.457716090731066e-14	4.3449840591091346e-15	3.0337771461329533e-16	2.4809682765919272e-17	2.3320095655796183e-18	2.480384221392935e-19	2.9462778045069415e-20	3.8649189189721194e-21	5.545740257269532e-22	8.632568908441433e-23	1.447308183146247e-23	2.5971303205622027e-24	4.960660603865124e-25	1.0036427093804652e-25	2.1415671619049194e-26	4.8008778306550005e-27	1.1267968442167635e-27	2.7603163962629475e-28	7.037939240357445e-29	1.8629742292560715e-29	5.1079437061078825e-30	1.4476259088460542e-30	4.23262792689396e-31	1.2745308250461848e-31
67.60829753919818	0.33333333333333326	0.0009391518976978471	6.200801533490864e-6	7.41414030051763e-8	1.391510988770657e-9	3.737502482353692e-11	1.3468619126514278e-12	6.210321245707311e-14	3.5336039310752866e-15	2.4112946836383093e-16	1.9285886564247175e-17	1.774233733635118e-18	1.8482659560829443e-19	2.1516796028485347e-20	2.7681222035980422e-21	3.8977704150627067e-22	5.957547047675168e-23	9.813091331775027e-24	1.730974491966123e-24	3.251708165436845e-25	6.473483550580005e-26	1.3598106492718787e-26	3.0022434575422835e-27	6.942731160376008e-28	1.676389140856196e-28	4.214595041419051e-29	1.1004404061672382e-29	2.9771619363190742e-30	8.328169058613662e-31	2.404216269788846e-31	7.150084014619902e-32
68.54882264526614	0.3333333333333333	0.0009136746922476076	5.870523958336792e-6	6.833342261067516e-8	1.249156920229638e-9	3.269790207968963e-11	1.1490689411900037e-12	5.170310151676848e-14	2.8728033961400277e-15	1.915732102259686e-16	1.4984127608751555e-17	1.3490158099659461e-18	1.376211417680595e-19	1.5700155992537342e-20	1.9806061499728328e-21	2.7364355039318506e-22	4.1062979189197594e-23	6.644295285061845e-24	1.1519357003662178e-24	2.1279750593053886e-25	4.167947645625903e-26	8.617733828714279e-27	1.8736222374628465e-27	4.268442046097356e-28	1.015755345044494e-28	2.5177296527947845e-29	6.483572543091605e-30	1.7305849963611848e-30	4.77775105594653e-31	1.361649051917603e-31	3.9989717221251264e-32
69.50243175887968	0.3333333333333333	0.0008888855543768139	5.557760397734384e-6	6.297825702006666e-8	1.1212915418436348e-9	2.8602901063734332e-11	9.801576147210288e-13	4.3034381190076194e-14	2.3348284003487905e-15	1.521389275948599e-16	1.163591389153245e-17	1.0250690987511752e-18	1.0239662594059589e-19	1.144610573017983e-20	1.4157424011446571e-21	1.9189864052733413e-22	2.8267970637829386e-23	4.492582202245169e-24	7.65441959464157e-25	1.3903055065720448e-25	2.678782893406076e-26	5.45106405280493e-27	1.1669025050144277e-27	2.618593714632568e-28	6.140544441367077e-29	1.5004108669315157e-29	3.8102642581915685e-30	1.0032795859515574e-30	2.7332695239172434e-31	7.689337404057377e-32	2.2297976268874468e-32
70.46930689671468	0.33333333333333326	0.0008647660648881417	5.261588185159957e-6	5.8040822937795e-8	1.0064494609738383e-9	2.501803348252537e-11	8.359381422032661e-13	3.5810720863181786e-14	1.897001603533638e-15	1.2077309462350585e-16	9.031303084180665e-18	7.784367274670713e-19	7.613257857219131e-20	8.337655254985642e-21	1.0109947178478288e-21	1.344255499025596e-22	1.9435947323993305e-23	3.033562774998289e-24	5.0786541497075215e-25	9.068774237377957e-26	1.718658931996291e-26	3.4415085395614095e-27	7.252858315037036e-28	1.602994590123002e-28	3.7036799720798955e-29	8.91998825587678e-30	2.233539152874311e-30	5.800884194121327e-31	1.5593036381452928e-31	4.3296098177667726e-32	1.239556194842612e-32
71.44963260755132	0.3333333333333333	0.0008412982889797263	4.981132790148025e-6	5.3488732973905086e-8	9.033123499957072e-10	2.1880146225006856e-11	7.128239851256121e-13	2.9792789522441614e-14	1.540801567791177e-15	9.583573239928815e-17	7.006238191196799e-18	5.907880927256603e-19	5.656456291343456e-20	6.068306233241582e-21	7.21269159731365e-22	9.406337160650716e-23	1.3347177890602855e-23	2.0456233424035828e-24	3.364676540089013e-25	5.905920052866784e-26	1.1007400471447304e-26	2.1687109491641604e-27	4.498955384673584e-28	9.791897126927706e-29	2.2288164744565373e-29	5.290254987766413e-30	1.3059748949617425e-30	3.3451406005203413e-31	8.871003013835954e-32	2.4307983546334013e-32	6.869965600501901e-33
72.44359600749901	0.3333333333333333	0.0008184647639657676	4.715565343448665e-6	4.929209072665371e-8	8.106943279456488e-10	1.913384671881957e-11	6.077457486709273e-13	2.4780605790398333e-14	1.2511074006630713e-15	7.601779974855964e-17	5.432598350523424e-18	4.481078332430966e-19	4.1996386899745813e-20	4.412994657084065e-21	5.140850590111046e-22	6.574967953736232e-23	9.154858347405012e-24	1.3775901378319065e-24	2.225883043114549e-25	3.840017767800676e-26	7.037668105583999e-27	1.3640985698945185e-27	2.785145969660445e-28	5.968679455048448e-29	1.3382432452031456e-29	3.1300594519687635e-30	7.617001982884278e-31	1.9239220381056e-31	5.03284144571335e-32	1.3607985647053346e-32	3.796073211229594e-33
73.45138681571149	0.3333333333333333	0.0007962484872840383	4.464100286623538e-6	4.542330121651368e-8	7.275287780235053e-10	1.673055760762731e-11	5.18077241900901e-13	2.0607121308351513e-14	1.015579432398211e-15	6.02749394796951e-17	4.210388271859361e-18	3.3968772604630277e-19	3.115857594064779e-20	3.2066137921396148e-21	3.6607247139134587e-22	4.5909940287775224e-23	6.271884975445507e-24	9.264927881174074e-25	1.4703874984216288e-25	2.4928247829932634e-26	4.4918774501647095e-27	8.564208069401249e-28	1.7207748469834903e-28	3.630548200334848e-29	8.017176762316973e-30	1.8475567809667476e-30	4.431458085611409e-31	1.1036175382035742e-31	2.8474566363609246e-32	7.596054483397831e-33	2.091272198371046e-33
74.47319739059891	0.3333333333333333	0.0007746329047848937	4.225993140037731e-6	4.1856895543818e-8	6.528564620048915e-10	1.4627685384659128e-11	4.4157200703277777e-13	1.7132840760421698e-14	8.241516787013613e-16	4.777437355494159e-17	3.2616109267591026e-18	2.5735215011027495e-19	2.310181096556286e-20	2.3281568540274603e-21	2.604347719932244e-22	3.202325232792146e-23	4.291752665668833e-24	6.222970900216294e-25	9.699243600041659e-26	1.615732105644529e-26	2.8621234877478316e-27	5.367008218636889e-28	1.061075036071198e-28	2.2037114736539603e-29	4.792249266126217e-30	1.0879725714671525e-30	2.5717460099310704e-31	6.314122958961193e-32	1.606605961601712e-32	4.228013705104714e-33	1.1486480931890564e-33
75.50922276654339	0.3333333333333333	0.0007536018992964305	4.000538383482047e-6	3.856936872294193e-8	5.858148058120173e-10	1.278788941553275e-11	3.763088521622069e-13	1.4241312822417402e-14	6.68616113217432e-16	3.785236254062095e-17	2.5254640736145387e-18	1.948634843239163e-19	1.7116767964916497e-20	1.6890212616034249e-21	1.851126172932285e-22	2.2313896979476753e-23	2.9333732973624424e-24	4.17439267724971e-25	6.388909917297844e-26	1.0456163009373049e-26	1.820608329248259e-27	3.3572773942333997e-28	6.53010805032981e-29	1.33484856205466e-29	2.8582151219593223e-30	6.391737178316167e-31	1.4887920016352333e-31	3.60309942657177e-32	9.040141432334136e-33	2.3466252387950585e-33	6.290259249453619e-34
76.55966069112563	0.3333333333333333	0.0007331397794604535	3.7870674439255786e-6	3.553902972101812e-8	5.256282424631073e-10	1.1178439374579429e-11	3.2064512428840825e-13	1.1835352493678593e-14	5.422823038115963e-16	2.9980147385093147e-17	1.9545771730501843e-18	1.4746600332585103e-19	1.2673873212476212e-20	1.2243914625055845e-21	1.3145695924263216e-22	1.553253569037353e-23	2.0026357583908744e-24	2.7966284535673477e-25	4.202471551885538e-26	6.75627170374827e-27	1.1561622831035938e-27	2.096324594752449e-28	4.011005299650018e-29	8.068824912987822e-30	1.700960252689027e-30	3.7463357248409903e-31	8.597463309071385e-32	2.050755318434359e-32	5.0729438611346106e-33	1.2987191797376791e-33	3.434472701242049e-34
77.62471166286917	0.3333333333333333	0.0007132312688339683	3.5849467851533815e-6	3.2745862799086253e-8	4.715995094788171e-10	9.770650526798695e-12	2.7317663444957907e-13	9.833877367082505e-15	4.396988805911085e-16	2.373669764369411e-17	1.512065339955897e-18	1.1153628686378616e-19	9.378067158848181e-21	8.868960340630914e-22	9.327108067133384e-23	1.0801198232345149e-23	1.3656661569409001e-24	1.8712351585604803e-25	2.760439694500717e-26	4.3589319684234725e-27	7.32996150682173e-28	1.3066301959114578e-28	2.4589584381725703e-29	4.867388660985507e-30	1.0100513629597306e-30	2.1907229527475424e-31	4.952710816044389e-32	1.164210783514349e-32	2.8390263653135384e-33	7.167310985924341e-34	1.869677118616219e-34
78.70457896950987	0.33333333333333326	0.0006938614952509316	3.3935760942875913e-6	3.01713993186322e-8	4.231018076694618e-10	8.539387532866919e-12	2.327032978583842e-13	8.169259036881884e-15	3.5642570753098073e-16	1.8786918042719453e-17	1.1692244670904836e-18	8.431547660867295e-20	6.934868244688864e-21	6.419442946210785e-22	6.611981944361928e-23	7.503603137430436e-24	9.302529748354816e-25	1.2504902596396828e-25	1.81072962860555e-26	2.8080046258673512e-27	4.639506699440384e-28	8.129733766172322e-29	1.504599173390351e-29	2.930189673164128e-30	5.984794288391768e-31	1.2781078548950676e-31	2.846151953280462e-32	6.592277882695959e-33	1.5845613670518807e-33	3.944320640081534e-34	1.0148302680165479e-34
79.79946872679767	0.3333333333333333	0.0006750159804390576	3.2123865604239945e-6	2.7798599236995783e-8	3.7957173715119856e-10	7.462628555687828e-12	1.9819968233889295e-13	6.785106567180143e-15	2.888476115336982e-16	1.486422965579993e-17	9.037291534350131e-19	6.370437348363747e-20	5.124936345936085e-21	4.643004794694825e-22	4.683202002654736e-23	5.207650542171387e-24	6.329618615749683e-25	8.346355240029649e-26	1.186143584012303e-26	1.806204317568988e-27	2.931809884196834e-28	5.049357686352683e-29	9.189012185023112e-30	1.7604190705791436e-30	3.5384904987145866e-31	7.439663149872205e-32	1.6316310336180736e-32	3.723330765709412e-33	8.82033073107764e-34	2.164555950646729e-34	5.492194214011064e-35
80.90958991783823	0.3333333333333333	0.000656680629886516	3.040839240839527e-6	2.561174157141657e-8	3.405029345261914e-10	6.521082420158421e-12	1.6878977088690855e-13	5.634412196534701e-15	2.340221558388817e-16	1.1756655063750258e-17	6.982246556654633e-19	4.8106747661976074e-20	3.785023590205156e-21	3.3556991194098673e-22	3.3142560575675694e-23	3.6107181608631044e-24	4.302095129656636e-25	5.563964105159281e-26	7.759535600734571e-27	1.1600959486562644e-27	1.8496963349779854e-28	3.130681783353552e-29	5.6014700294119235e-30	1.0555134848058615e-30	2.0876446185453985e-31	4.3206724621848355e-32	9.331275942331076e-33	2.0976171512286506e-33	4.896693453184729e-34	1.1845459460146505e-34	2.963668637721999e-35
82.03515443298184	0.3333333333333333	0.0006388417229534081	2.878423510440106e-6	2.3596323163828317e-8	3.0544034248768675e-10	5.69785243768199e-12	1.4372534121871898e-13	4.6780006189287085e-15	1.8955528950900906e-16	9.295708510532845e-18	5.39227404203231e-19	3.630960090151534e-20	2.7937208185479446e-21	2.423560737139486e-22	2.3435083848967663e-23	2.5010988458305888e-24	2.920885426399085e-25	3.7046655085829025e-26	5.0693881919885265e-27	7.440217442199534e-28	1.165124997540646e-28	1.9377224782414387e-29	3.4082174021054716e-30	6.316053171482897e-31	1.2290559513624039e-31	2.503620167206439e-32	5.32380202868803e-33	1.178760983777375e-33	2.711249241786987e-34	6.464389611895188e-35	1.5945953020612694e-35
83.17637711026711	0.3333333333333333	0.0006214859032229687	2.7246555903227937e-6	2.173896512716849e-8	2.739750497455194e-10	4.978141266426173e-12	1.223674488331924e-13	3.883232582444266e-15	1.534998114868189e-16	7.347530222948288e-18	4.1626699708948034e-19	2.7391737944606114e-20	2.0608013786539715e-21	1.7491083646944863e-22	1.6557302793459162e-23	1.7308497171756997e-24	1.9810121997350057e-25	2.4637535736013226e-26	3.307526299087347e-27	4.7648451673348635e-28	7.327552634471984e-29	1.1972946933976306e-29	2.0699108781689016e-30	3.771976941332683e-31	7.220549101748606e-32	1.4474761456575537e-32	3.0301999477926514e-33	6.6074941148090155e-34	1.4972380557235692e-34	3.5180488001503134e-35	8.554888889679481e-36
84.33347577642755	0.3333333333333333	0.0006046001690874867	2.5790771515219555e-6	2.0027326399186583e-8	2.457396451743622e-10	4.348991848892914e-12	1.0417057220522263e-13	3.2229214591470655e-15	1.2427249805674954e-16	5.805815187737197e-18	3.2121704517853946e-19	2.0654001612378495e-20	1.5192609680497802e-21	1.2614682454945985e-22	1.1688549704151446e-23	1.1966987565073923e-24	1.342159028113554e-25	1.636573428496988e-26	2.155190311806752e-27	3.0471246542824293e-28	4.601152980003975e-29	7.3854067083681e-30	1.254822172216215e-30	2.2482294864821676e-31	4.2331079742107884e-32	8.350014973663269e-33	1.7206640240914135e-33	3.694588402938664e-34	8.246577224561285e-35	1.90933132435011e-35	4.576436989530392e-36
85.50667128846834	0.3333333333333333	0.0005881718645640093	2.441253990196222e-6	1.8450023871748396e-8	2.2040403552397618e-10	3.799060060250745e-12	8.866904082934263e-14	2.6744280955816255e-15	1.0058649088478475e-16	4.586176005340462e-18	2.477736148702101e-19	1.5566076827671105e-20	1.1193762857970775e-21	9.091542804025454e-23	8.244891435557958e-24	8.2663353811691725e-25	9.083873873700744e-26	1.0858506369041801e-26	1.4025203447185314e-27	1.9458832459977223e-28	2.884713719907609e-29	4.547982460219036e-30	7.5932218276647544e-31	1.337419994769356e-31	2.476544835931831e-32	4.8062136856042446e-33	9.747725598162374e-34	2.060727084315878e-34	4.5302774391272677e-35	1.0334093625346716e-35	2.4411595692477216e-36
86.69618757582165	0.3333333333333333	0.0005721886703349459	2.310774770691803e-6	1.6996558602657743e-8	1.9767168095048231e-10	3.3184152231412125e-12	7.546542030495073e-14	2.218904849723205e-15	8.13961576420889e-17	3.6216511943292055e-18	1.9104895224297764e-19	1.1725956598070159e-20	8.242740689390226e-22	6.547949948258313e-23	5.81122694416984e-24	5.704920977045653e-25	6.141784948527759e-26	7.196270413218311e-27	9.115502845191363e-28	1.2408959848822955e-28	1.8058187990478734e-29	2.7960269512411824e-30	4.586597535459388e-31	7.940682864487603e-32	1.445899363272962e-32	2.760362540639075e-33	5.509346630131926e-34	1.1465871734213723e-34	2.482281118052353e-35	5.578043132000102e-36	1.2984551280059572e-36
87.90225168308842	0.3333333333333333	0.0005566385950087523	2.187249833088556e-6	1.565724765325876e-8	1.7727620707833382e-10	2.8983651053557742e-12	6.422057468025593e-14	1.840664423708975e-15	6.585214208063763e-17	2.8591279236102824e-18	1.472551911456428e-19	8.829077220632896e-21	6.0662917309092665e-22	4.7128587841343077e-23	4.0927441849462975e-24	3.9336923785403795e-25	4.148399873093925e-26	4.7638062230902886e-27	5.917070360532715e-28	7.902290290857566e-29	1.1287250455579408e-29	1.716126931223246e-30	2.765560621143718e-31	4.705634199239034e-32	8.424465726214649e-33	1.5819172922057213e-33	3.106660422952169e-34	6.364042288061701e-35	1.3566233322648512e-35	3.0027323503480523e-36	6.886943629818956e-37
89.12509381337455	0.3333333333333333	0.0005415099665199896	2.0703100619984734e-6	1.4423161128730565e-8	1.589783563278788e-10	2.5313024230214015e-12	5.464516587304648e-14	1.5266530528766325e-15	5.3264734769512315e-17	2.2564943626829043e-18	1.1345825550280144e-19	6.644831964237071e-21	4.462059308629709e-22	3.3898431438734885e-23	2.8802521057577865e-24	2.710010764303409e-25	2.799208328481408e-26	3.15004228177272e-27	3.836138056651659e-28	5.025468747332451e-29	7.044527842732227e-30	1.0515992882308841e-30	1.6646049393001822e-31	2.783275832898391e-32	4.898539510833971e-33	9.046144352483301e-34	1.7478002232149717e-34	3.5237553890822026e-35	7.395320016837328e-36	1.6120693532454997e-36	3.6425188131408105e-37
90.36494737223015	0.3333333333333333	0.0005267914241218918	1.959605813541972e-6	1.3286064029219359e-8	1.4256324488292044e-10	2.210570230058078e-12	4.649238404703544e-14	1.2660109294227584e-15	4.3074035569800485e-17	1.7803738925396917e-18	8.738648495163113e-20	4.99871116724773e-21	3.2802883157368327e-22	2.4366639554671153e-23	2.0254465779000096e-24	1.8653794881043672e-25	1.8869680177481536e-26	2.08065860297664e-27	2.4839902681086486e-28	3.1916348979216786e-29	4.3900816667177966e-30	6.433560518808595e-31	1.0001891635851114e-31	1.6431594193397292e-32	2.842617545160544e-33	5.161940078376904e-34	9.810738066058632e-35	1.946402497930536e-35	4.0211604864247737e-36	8.631581925815007e-37	1.9211436370197844e-37
91.62204901219997	0.33333333333333326	0.0005124719098170522	1.8548058975762913e-6	1.2238362548940166e-8	1.2783789496268084e-10	1.9303438902860366e-12	3.955173210747713e-14	1.0497055236931366e-15	3.4825657564719106e-17	1.4043231090688554e-18	6.728189715285723e-20	3.758729712055612e-21	2.4102246976054116e-22	1.75039984184431e-23	1.4232811466757521e-24	1.2829053685569127e-25	1.2707925717996492e-26	1.372820924711881e-27	1.6064992006219585e-28	2.0242769676837831e-29	2.7318546113600583e-30	3.9297072399817546e-31	5.999342813179444e-32	9.682693912953158e-33	1.6462869851558564e-33	2.9392724120147085e-34	5.494537620424082e-35	1.0725594770146807e-35	2.180972111857927e-36	4.609396265534594e-37	1.0104338067718712e-37
92.89663867799362	0.3333333333333333	0.0004985406607617251	1.7555966123922135e-6	1.1273054487274515e-8	1.1462901503585828e-10	1.6855276066297688e-12	3.3643712649717034e-14	8.702258023919915e-16	2.815095048471637e-17	1.1073993259260492e-18	5.1784650114204e-20	2.825119260930411e-21	1.7700113430568574e-22	1.2566350845096158e-23	9.994139681335173e-25	8.815743828127727e-26	8.55011000092842e-27	9.048197094524788e-28	1.0377504075981132e-28	1.2821943584685264e-29	1.6975171746029676e-30	2.3965375044397077e-31	3.5923897785778284e-32	5.695259617188865e-33	9.515591279723177e-34	1.6701366081890502e-34	3.0703509840577816e-35	5.896301918984984e-36	1.1799422923479929e-36	2.4550041323173995e-37	5.299724721378301e-38
94.18895965228414	0.33333333333333326	0.0004849872014789138	1.661680829230911e-6	1.038368346083967e-8	1.027810033009453e-10	1.4716637267876715e-12	2.8615287320137204e-14	7.213273022416079e-16	2.2750908667387148e-17	8.730223116859574e-19	3.984334149827843e-20	2.1225048610402422e-21	1.2991871268361078e-22	9.01604459365062e-24	7.012778518315595e-25	6.052932977755836e-26	5.7472717202516786e-27	5.957331849267992e-28	6.69566803652227e-29	8.110957312843305e-30	1.0532943644463672e-30	1.4592546008125537e-31	2.1474803753110468e-32	3.343794060884e-33	5.4893011826971575e-34	9.470161466524923e-35	1.711907306133858e-35	3.233817763062772e-36	6.367826165757145e-37	1.3041353359257202e-37	2.7720671932968055e-38
95.49925860214358	0.3333333333333333	0.0004718013363421193	1.5727771241019548e-6	9.564296628643603e-9	9.215415218371208e-11	1.2848532604018269e-12	2.4335997123373158e-14	5.978196600124535e-16	1.8383081672936914e-17	6.880702157408381e-19	3.0645403417191706e-20	1.5939708051334835e-21	9.53122241158886e-23	6.464910365376352e-24	4.917336931639831e-25	4.1526082495596736e-26	3.859675806553067e-27	3.918226991741424e-28	4.315094944373683e-29	5.124268135031445e-30	6.526370863317722e-31	8.871730788298738e-32	1.28158890611139e-32	1.959666296837954e-33	3.1605117011908814e-34	5.358756999099086e-35	9.523923122241244e-36	1.769444345215908e-36	3.4280676121396166e-37	6.909764215401768e-38	1.4459955141601515e-38
96.8277856261249	0.3333333333333333	0.00045897314224734427	1.4886189545068787e-6	8.809405663896632e-9	8.262303379441317e-11	1.1216862326157643e-12	2.0694648158006805e-14	4.953895760694124e-16	1.485093092996322e-17	5.421618041251312e-19	2.3563118370153465e-20	1.1965622467527315e-21	6.988931462449816e-23	4.6329023554591726e-24	3.445641285138536e-25	2.846622386341108e-26	2.5896737596248164e-27	2.574434970063082e-28	2.777723967011038e-29	3.233257000102397e-30	4.038197842911406e-31	5.38547186837185e-32	7.635718794063122e-33	1.1464347422224067e-33	1.8162051972809535e-34	3.0260785685696174e-35	5.286924575513399e-36	9.65944056538151e-37	1.8409560581405706e-37	3.6515895622305347e-38	7.522302785145936e-39
98.17479430199845	0.3333333333333333	0.000446492961469075	1.4089538787902364e-6	8.11395072594209e-9	7.40750482661552e-11	9.791806659939154e-13	1.7596480952045005e-14	4.1045334132394297e-16	1.1995178223575615e-17	4.2708684717981015e-19	1.8111771558028938e-20	8.978772244794383e-22	5.122267562746886e-23	3.318123353107129e-24	2.412767608793374e-25	1.9498362531992536e-26	1.736002960911908e-27	1.6897998417470145e-28	1.7860637512388661e-29	2.0375320285877048e-30	2.4951966072084416e-31	3.2642620632112897e-32	4.541932638461485e-33	6.694979449437732e-34	1.041712289549862e-34	1.7053520850099873e-35	2.928533818756704e-36	5.261008917388951e-37	9.862376657264477e-38	1.9248063127311943e-38	3.902684401052227e-39
99.54054173515269	0.3333333333333333	0.000434351394696054	1.3335428159522272e-6	7.47326720420703e-9	6.640911868227315e-11	8.547291297878e-13	1.4960753315711948e-14	3.4003402266510927e-16	9.686775576078543e-18	3.363542632088118e-19	1.391722711899764e-20	6.734862916866118e-22	3.7523817345576906e-23	2.375117877549984e-24	1.688384324099462e-25	1.3345392725949292e-26	1.1627144514117913e-27	1.108041611749138e-28	1.1471516160111997e-29	1.2824241968005613e-30	1.5396811512817328e-31	1.9756039666946872e-32	2.697298483301657e-33	3.902923164050932e-34	5.963679551645801e-35	9.591223148098849e-36	1.6186974244412305e-36	2.8588838708502953e-37	5.270748067072673e-38	1.012014638252829e-38	2.0193567857901302e-39
100.92528860766845	0.33333333333333326	0.0004225392942427185	1.2621593438638122e-6	6.883055023161559e-9	5.953451791286623e-11	7.460519248495351e-13	1.2718676705052817e-14	2.816592097781666e-16	7.821194491964433e-18	2.648338172802411e-19	1.069081819449341e-20	5.04979896097116e-22	2.747571306203922e-23	1.699164993135649e-24	1.180708064175425e-25	9.127146868476272e-27	7.780703897020147e-28	7.25856535059783e-29	7.359825781077805e-30	8.061748016643823e-31	9.487967533765033e-32	1.1939226203012488e-32	1.5992741396679804e-33	2.2713277803018557e-34	3.407789839668052e-35	5.383546526301157e-36	8.928076968481802e-37	1.5500401300658315e-37	2.810114191935053e-38	5.307496517730013e-39	1.042096871812448e-39
102.32929922807541	0.3333333333333333	0.0004110477574322561	1.1945890339270726e-6	6.339350313108483e-9	5.336981413552155e-11	6.511560862153311e-13	1.0811654730458584e-14	2.332759021502651e-16	6.313788420608285e-18	2.0847211591341608e-19	8.209910259806696e-21	3.7849162568035364e-22	2.010907184195834e-23	1.2149212181596956e-24	8.251523222145579e-26	6.2375591386021865e-27	5.202282076525217e-28	4.7503527760526214e-29	4.716761795797378e-30	5.0617910535874875e-31	5.839013957438234e-32	7.204796654942359e-33	9.467394772482035e-34	1.3195533616838418e-34	1.9437111735165372e-35	3.015824232256361e-36	4.914005197436703e-37	8.385268538115583e-38	1.494670183822828e-38	2.7765431604013573e-39	5.3636088118836815e-40
103.75284158180126	0.3333333333333333	0.00039986812014729603	1.130628820320585e-6	5.838499266293223e-9	4.7841923127818577e-11	5.682994853664231e-13	9.189779851760618e-15	1.9317968035571631e-16	5.096027910208607e-18	1.6406757812778987e-19	6.302862911902355e-21	2.835819672884102e-22	1.4710926261890686e-23	8.68214952505412e-25	5.763032130208049e-26	4.259667805489905e-27	3.4753940411908936e-28	3.105901677424237e-29	3.0196519931349883e-30	3.174416544915318e-31	3.5887014674014224e-32	4.341545921327303e-33	5.595769874739597e-34	7.653141947228255e-35	1.1066227227986477e-35	1.6861464480055763e-36	2.6990283781813503e-37	4.526133741893833e-38	7.931315931405918e-39	1.4489042657017913e-39	2.753396660203587e-40
105.19618738232228	0.33333333333333326	0.0003889919505443368	1.0700864020620307e-6	5.377134011410722e-9	4.288525660314689e-11	4.959594020611407e-13	7.810550650141147e-15	1.5995577833876445e-16	4.112445153623157e-18	1.2909220273207011e-19	4.837400061102624e-21	2.123950274263503e-22	1.0757138287197692e-23	6.201222852633132e-25	4.0225196347680487e-26	2.9068567559309243e-27	2.319825310003428e-28	2.0288162313487167e-29	1.931137591598528e-30	1.9884539971030953e-31	2.2027957442449382e-32	2.6124746615108803e-33	3.3023199904236462e-34	4.4312538763288256e-35	6.289048297680672e-36	9.409032712602329e-37	1.4793885636881412e-37	2.4377156280854536e-38	4.1988707839708614e-39	7.542310457292138e-40	1.4097821647432448e-40
106.6596121230258	0.3333333333333333	0.0003784110429280745	1.0127796762082615e-6	4.952150352168592e-9	3.844095692908495e-11	4.328050128657076e-13	6.6377775066044894e-15	1.324300684241963e-16	3.318154992245583e-18	1.0155045213887365e-19	3.711620033360026e-21	1.5902180571398396e-22	7.862596353983336e-24	4.426930058513944e-25	2.805952917039872e-26	1.982274364238666e-27	1.5472250388644285e-28	1.3240282801349205e-29	1.2337288896611611e-30	1.2441316612091766e-31	1.3503855901653468e-32	1.5698303012885316e-33	1.94588247611282e-34	2.561509585070822e-35	3.567766337370485e-36	5.240393204104184e-37	8.092243370137185e-38	1.3100652762799922e-38	2.2177683302725078e-39	3.916585428706543e-40	7.199723140005806e-41
108.1433951297938	0.33333333333333326	0.0003681174117818685	9.58536200596902e-7	4.5606872272171876e-9	3.4456209530317594e-11	3.7767331136888735e-13	5.640649176047778e-15	1.0962830081918517e-16	2.6768442025473205e-18	7.986756349141362e-20	2.84704938114309e-21	1.1901967998686782e-22	5.744489177561155e-24	3.158693534699458e-25	1.9561514518236006e-26	1.3508324428988377e-27	1.031108875324992e-28	8.63291980337484e-30	7.873779509832932e-31	7.775413929142811e-32	8.267907889447899e-33	9.420071439392757e-34	1.1448812312014206e-34	1.4782786650575137e-35	2.0204248288225312e-36	2.9131365598097344e-37	4.4174991964897426e-38	7.025320640086344e-39	1.1687063234829634e-39	2.0288897612327195e-40	3.6674929304989237e-41
109.64781961431851	0.3333333333333333	0.0003581032859506599	9.071926846133461e-7	4.200107759543959e-9	3.088362514597317e-11	3.2954803467185926e-13	4.792936735886235e-15	9.074221502129104e-17	2.1591410686205584e-18	6.280118171041908e-20	2.1832781039146884e-21	8.90499649817945e-23	4.195239126130538e-24	2.2526620914728256e-25	1.362916452752538e-26	9.199031287310939e-28	6.866164960289776e-29	5.623806512156089e-30	5.020078955751977e-31	4.853938717833625e-32	5.055863433327829e-33	5.645007240806998e-34	6.72603151045485e-35	8.517578158723083e-36	1.1421747589723932e-36	1.616385022237715e-37	2.4066557077169613e-38	3.759342284128965e-39	6.14482349191577e-40	1.0484946849648043e-40	1.8634672705139793e-41
111.17317272815912	0.3333333333333333	0.0003483611029727204	8.585945065430218e-7	3.867981773414625e-9	2.7680684893546385e-11	2.875412230919621e-13	4.0723148039919115e-15	7.510137070377131e-17	1.741293683707324e-18	4.937146870934819e-20	1.6738179895478141e-21	6.660466919413396e-23	3.062566391843697e-24	1.6057299589889704e-25	9.490418828934978e-27	6.260238422301544e-28	4.568655416447689e-29	3.6603410065658184e-30	3.1974841177985546e-31	3.026814852318953e-32	3.08790912669044e-33	3.378248484874029e-34	3.945665593854784e-35	4.899863728381157e-36	6.445769752370402e-37	8.952097313783538e-38	1.3085506891492436e-38	2.0074251931710127e-39	3.2235736295717224e-40	5.405555888636904e-41	9.444580517201795e-42
112.71974561755104	0.3333333333333333	0.00033888350355668994	8.125952561410596e-7	3.5620696661853283e-9	2.4809241796562235e-11	2.5087708598147484e-13	3.4597828442496977e-15	6.214973775823881e-17	1.4040988119772668e-18	3.8805844377991215e-20	1.2829065351858123e-21	4.980059960772162e-23	2.2348138872631547e-24	1.1440394353050217e-25	6.604737930323068e-27	4.257484164367717e-28	3.037615435690332e-29	2.3803318078541883e-30	2.034621057898031e-31	1.885408271513139e-32	1.8836957483609135e-33	2.019033052755964e-34	2.311281645298255e-35	2.8142879295155735e-36	3.631434653342542e-37	4.94891317247602e-38	7.10093385754271e-39	1.0696902065010119e-39	1.687327577866127e-40	2.7802917064000995e-41	4.774870025005144e-42
114.28783347897718	0.3333333333333333	0.00032966332620041683	7.690563011203608e-7	3.2803075308620005e-9	2.22350730683621e-11	2.1887788691099176e-13	2.9391718796301328e-15	5.1426245476179e-17	1.1320340409889863e-18	3.0495310601796823e-20	9.830415597438738e-22	3.722428992446327e-23	1.6301508327528836e-24	8.147147528370973e-26	4.593931324421105e-27	2.893568575904326e-28	2.0181484623842955e-29	1.546622973986959e-30	1.2934292557832694e-31	1.1731677460698503e-32	1.1477351039015573e-33	1.2051136127179131e-34	1.3519636169213483e-35	1.6139063527172555e-36	2.042451655528663e-37	2.7309204753617217e-38	3.845900283621359e-39	5.688231597660258e-40	8.812607103208029e-41	1.4266777277369203e-41	2.408064392966569e-42
115.8777356155126	0.3333333333333333	0.0003206936019482055	7.278463763244902e-7	3.020793433196447e-9	1.9927478016665774e-11	1.90951596879818e-13	2.4967240726954893e-15	4.254862457070067e-17	9.125548248342234e-19	2.3959941536708388e-20	7.530802093918188e-22	2.7815262445883566e-23	1.1886343402093623e-24	5.799229475156923e-26	3.193571824726943e-27	1.9653423936241076e-28	1.339846472803568e-29	1.0040806788879294e-30	8.214715299892379e-32	7.292175722740346e-33	6.984974325735979e-34	7.183783859350536e-35	7.89705221529519e-36	9.241065796986083e-37	1.146844073584925e-37	1.5042901872960676e-38	2.078966916544265e-39	3.0186075684498053e-40	4.592638528014544e-41	7.303931041572307e-42	1.2114684429434733e-42
117.48975549395296	0.3333333333333333	0.00031196754928312204	6.888411944141368e-7	2.78177475442919e-9	1.7858916949038513e-11	1.6658109529085839e-13	2.1207344637153373e-15	3.5199987252893894e-17	7.355252332661272e-19	1.88216250654999e-20	5.767737198859697e-22	2.0778188494243974e-23	8.663756473894491e-25	4.126093950857568e-26	2.2188946953715143e-27	1.334048001792114e-28	8.88882175937617e-30	6.5132254767841895e-31	5.21242356096508e-32	4.527970286678675e-33	4.2460760935307755e-34	4.276881297465946e-35	4.6063955552591384e-36	5.2833379990072326e-37	6.429022801012457e-38	8.271547342730362e-39	1.1216918821999378e-39	1.5986588226721343e-40	2.3882661645151965e-41	3.7307192549744e-42	6.079999034121428e-43
119.12420080273749	0.3333333333333333	0.00030347856915109603	6.51923076955105e-7	2.5616365175610915e-9	1.600468692363684e-11	1.4531472569086233e-13	1.801245721537222e-15	2.911768354423748e-17	5.927570896172765e-19	1.4782538496749222e-20	4.416384780326516e-22	1.551682371750492e-23	6.3125532947678765e-25	2.934377357412977e-26	1.5408806202793802e-27	9.049790392171218e-29	5.892860712135338e-30	4.221561087532873e-31	3.3043865681113016e-32	2.808707692630279e-33	2.57820883341779e-34	2.5430668616733986e-35	2.683255381032899e-36	3.0161019745688686e-37	3.5981772729018025e-38	4.540291415759125e-39	6.040675514078085e-40	8.449564982804876e-41	1.2392976576599945e-41	1.901268930337699e-42	3.0440539874617777e-43
120.78138351067803	0.3333333333333333	0.0002952202401136124	6.169806048521583e-7	2.3588906212989517e-9	1.4342630607647423e-11	1.2675803719170648e-13	1.5297881001822881e-15	2.4084049490060558e-17	4.776369501371075e-19	1.1608157381549519e-20	3.3808651893613313e-22	1.158434265599843e-23	4.597778721758076e-25	2.085953969603491e-26	1.069493188886894e-27	6.135421457422861e-29	3.90397032576049e-30	2.7340444783047545e-31	2.0929196098975594e-32	1.740496378931108e-33	1.5637355266046661e-34	1.510264314300602e-35	1.5609022290774855e-36	1.7192682555591227e-37	2.010602268166109e-38	2.4878937704629728e-39	3.247079456876493e-40	4.457097068275311e-41	6.41727859454197e-42	9.667622081685419e-43	1.5204382207198243e-43
122.46161992650487	0.3333333333333333	0.00028718631362586056	5.83908287126603e-7	2.172165911612368e-9	1.2852874882213741e-11	1.1056656346213483e-13	1.2991579375262284e-15	1.9918727499967663e-17	3.8482425356350067e-19	9.113846735355165e-21	2.587560834734849e-22	8.646018148371848e-24	3.3476384022601407e-25	1.482208196805029e-26	7.419389334913116e-28	4.157134102641332e-29	2.5845841750918966e-30	1.769292476799253e-31	1.324437111162932e-32	1.0774828096507324e-33	9.473946205070715e-35	8.958198630747324e-36	9.067982053286295e-37	9.786107476014037e-38	1.1217209937493536e-38	1.3609444884791034e-39	1.7422296411895701e-40	2.3464906596512386e-41	3.316030513908052e-42	4.90491013386967e-43	7.576402720032887e-44
124.16523075924111	0.3333333333333333	0.0002793707094372697	5.526062470864498e-7	2.000199026194963e-9	1.1517596171468606e-11	9.643950957047536e-14	1.1032290094263652e-15	1.647229282003636e-17	3.100071186736605e-19	7.154282427967962e-21	1.9799638726760756e-22	6.451189191189138e-24	2.4365746074550813e-25	1.052769284291436e-26	5.144506669032236e-28	2.815090134054657e-29	1.7099528357395427e-30	1.1440927222412548e-31	8.374015000004942e-33	6.663850239225618e-34	5.733613431564646e-35	5.30724197640225e-36	5.261083621722739e-37	5.562291592290737e-38	6.248383260715848e-39	7.432224764499991e-40	9.331094650469804e-41	1.2329470794329518e-41	1.7099703211981323e-42	2.4830642234891995e-43	3.7665655375078897e-44
125.89254117941672	0.33333333333333326	0.00027176751111142935	5.229799249864044e-7	1.8418259520747075e-9	1.0320809778260298e-11	8.411423308253906e-14	9.367918873004734e-16	1.3620964927267766e-17	2.497048248561331e-19	5.615107754234434e-21	1.5147121974992154e-22	4.8122143761411506e-24	1.772861324172899e-25	7.47447038788879e-27	3.565406200176091e-28	1.9052152196309963e-29	1.1305564334913904e-30	7.392584249209752e-32	5.290128085201716e-33	4.1174158194381705e-34	3.4662767998779963e-35	3.1405482774482614e-36	3.0484402864016172e-37	3.1570661461598963e-38	3.4752310475597105e-39	4.052065926069068e-40	4.988663226420652e-41	6.466046739822697e-42	8.799767465782424e-43	1.2542978354166889e-43	1.868214186004417e-44
127.64388088113438	0.3333333333333333	0.0002643709616624546	4.949397963209864e-7	1.6959742411956629e-9	9.248180783623236e-12	7.336141995236467e-14	7.954171600450389e-16	1.126221992346061e-17	2.0110808691044083e-19	4.406354737246367e-21	1.1585406481836586e-22	3.5886766194609785e-24	1.2895162785121877e-25	5.304623188837946e-27	2.4698366030747206e-28	1.2887065106399963e-29	7.469995753229703e-31	4.773211633908598e-32	3.339143745256055e-33	2.5416502142624994e-34	2.0933547460082874e-35	1.856257958824562e-36	1.7641131426947009e-37	1.7894043557531055e-38	1.92993199931734e-39	2.2055801007270527e-40	2.6623790756658896e-41	3.384636376182991e-42	4.519356393188447e-43	6.322365626397132e-44	9.245214890086552e-45
129.41958414499862	0.3333333333333333	0.0002571754593049201	4.6840110493780324e-7	1.5616558330246153e-9	8.286854314016805e-12	6.39808681303005e-14	6.753389899387051e-16	9.311151041167763e-18	1.6194992031237627e-19	3.457258312162475e-21	8.859369669386891e-23	2.6755337269539346e-24	9.376461749012234e-26	3.763216135815831e-27	1.7101158024567919e-28	8.712182546014958e-30	4.932575452091191e-31	3.079713207370655e-32	2.105944326727785e-33	1.5674917985871284e-34	1.2629163032694617e-35	1.0959110711302866e-36	1.019599792253685e-37	1.0128307898795262e-38	1.0701674215068177e-39	1.1985806753060187e-40	1.4184024011534167e-41	1.7683734807767133e-42	2.316407799029389e-43	3.1800593300936914e-44	4.5648572078658705e-45
131.21998990192031	0.3333333333333333	0.00025017555331455373	4.4328361019959903e-7	1.4379604371467376e-9	7.425303202565197e-12	5.579780266725039e-14	5.733559919154028e-16	7.697450200323085e-18	1.304012603541568e-19	2.7121695678854176e-21	6.773401576920122e-23	1.994232593639908e-24	6.815759716472932e-26	2.6686883296344306e-27	1.1835456583885957e-28	5.886640831940662e-30	3.2550496330337326e-31	1.9856413742697025e-32	1.3271127385318049e-33	9.658285946380102e-35	7.61142208294935e-36	6.4628527661302865e-37	5.885669690115859e-38	5.725027852562501e-39	5.925458180600546e-40	6.503082534740003e-41	7.543669653350073e-42	9.222206229424677e-43	1.1849411850811392e-43	1.5961659823012473e-44	2.2488886024316717e-45
133.0454417978091	0.3333333333333333	0.00024336593999693367	4.195113474631835e-7	1.3240494324282713e-9	6.653191270432548e-12	4.865965560384183e-14	4.867468692417328e-16	6.362905039766911e-18	1.04986607511598e-19	2.1273359539895737e-21	5.177561888010023e-23	1.4860483882840332e-24	4.952855624364656e-26	1.891795253213617e-27	8.187489669512116e-29	3.975395537789178e-30	2.146728659017422e-31	1.279346029341943e-32	8.356495395805575e-34	5.945753859322611e-35	4.5827255686893924e-36	3.807088491713814e-37	3.393385018444622e-38	3.2317615515762615e-39	3.276134604180918e-40	3.522802392423109e-41	4.005246984427263e-42	4.800700646266301e-43	6.049678339792726e-44	7.995004063865556e-45	1.1054778459396753e-45
134.89628825916535	0.33333333333333326	0.00023674145876150513	3.970124011808918e-7	1.2191502426636838e-9	5.961250634279961e-12	4.243325226405982e-14	4.1319861726183337e-16	5.259323718457372e-18	8.451587061862548e-20	1.668365179001272e-21	3.9569469514596955e-23	1.1070934824459866e-24	3.598041040524186e-26	1.3405760099916103e-27	5.66143808510679e-29	2.6833043738747743e-30	1.414938170792189e-31	8.23716141542984e-33	5.2577772273545245e-34	3.6570645766169026e-35	2.7564871511701067e-36	2.2402124529795233e-37	1.9541132585782804e-38	1.8219258194433044e-39	1.8087569549837385e-40	1.9053896017596685e-41	2.1229960942599265e-42	2.4945574572630063e-43	3.082704496995452e-44	3.9963893367398824e-45	5.422310266097901e-46
136.7728825595849	0.3333333333333333	0.00023029708829828228	3.757186899658664e-7	1.122551151710076e-9	5.341171607472382e-12	3.700235286963457e-14	3.5074542994947614e-16	4.346814641459941e-18	6.802930839623607e-20	1.3082281207330216e-21	3.023524942933135e-23	8.245789319190856e-25	2.6130546345086525e-26	9.49627307729514e-28	3.9130639749571167e-29	1.8102593867644345e-30	9.320593985468346e-32	5.299990287072672e-33	3.305582384346309e-34	2.2474180613533934e-35	1.6564159125445535e-36	1.3168026582574706e-37	1.1239678020887432e-38	1.0257945866539536e-39	9.972095939653455e-41	1.0289997318418166e-41	1.1234459197901535e-42	1.29393256529903e-43	1.5678556656239856e-44	1.9935910120593674e-45	2.6538834108848746e-46
138.67558288718885	0.3333333333333333	0.0002240279428546679	3.5556576299632444e-7	1.0335965239621034e-9	4.78550390813784e-12	3.226550478160379e-14	2.9771671963220833e-16	3.5923606201460314e-18	5.475306066269411e-20	1.0256865708945677e-21	2.309868136171598e-23	6.140152107553271e-25	1.8971673324499515e-26	6.724542385856801e-28	2.70349273648105e-29	1.2206675156300629e-30	6.136214410271024e-32	3.407893904493467e-33	2.076670980533686e-34	1.3799625028870932e-35	9.944232983913385e-37	7.732058290257779e-38	6.457341083965418e-39	5.768157096627302e-40	5.490216932159704e-41	5.5487117362821904e-42	5.935373724190052e-43	6.699913549006886e-44	7.959124880858553e-45	9.925085845337832e-46	1.2961446326748359e-46
140.6047524129914	0.3333333333333333	0.00021792926860987545	3.364926071661353e-7	9.516823986537082e-10	4.28756801795357e-12	2.813416627083425e-14	2.5269289535355567e-16	2.9686372447352726e-18	4.4063239210476833e-20	8.040557338327463e-22	1.7643428966567758e-23	4.571169117854827e-25	1.377020304945266e-26	4.760179842666796e-28	1.867047492013987e-29	8.227048347454202e-31	4.037506185547193e-32	2.1898584385577417e-33	1.3036690388724439e-34	8.466218598917051e-36	5.964427841606337e-37	4.5354472802738307e-38	3.705590609015457e-39	3.2394354261437864e-40	3.018550405105075e-41	2.987610361223696e-42	3.130738072327777e-43	3.463190438092842e-44	4.0329248320012845e-45	4.9314337798675915e-46	6.316991547554869e-47
142.5607593602188	0.3333333333333333	0.00021199644014450108	3.184414644195793e-7	8.762524289051178e-10	3.841375653108907e-12	2.4531067618060687e-14	2.1446774584005812e-16	2.4530337806437996e-18	3.5456936049720433e-20	6.3023043141483095e-22	1.3474194231866315e-23	3.4023499354897815e-25	9.992067267152603e-27	3.3685136712903404e-28	1.288876164238538e-29	5.542237191026838e-31	2.655134230962352e-32	1.4062755547314552e-33	8.178109902285337e-35	5.18987596328067e-36	3.5741186131689144e-37	2.6576837487391947e-38	2.124090895477649e-39	1.8170451528936584e-40	1.6573806229299045e-41	1.606275714467006e-42	1.6487621553567015e-43	1.7870774512537022e-44	2.0397692669531655e-45	2.4454776995734664e-46	3.072298684263532e-47
144.54397707459273	0.3333333333333333	0.00020622495700284445	3.0135765873716586e-7	8.06794138679764e-10	3.441558414593192e-12	2.1388779632321218e-14	1.8201644400356033e-16	2.0268419898362716e-18	2.8528820685960804e-20	4.939189928543569e-22	1.0288413572901513e-23	2.5318409952622918e-25	7.248586802493872e-27	2.3829272563030323e-28	8.893985152528099e-30	3.731855482192526e-31	1.7451195190641359e-32	9.025153352043057e-34	5.126611309059433e-35	3.1788955933687324e-36	2.1398278080661685e-37	1.5557943808900161e-38	1.2162105384675807e-39	1.017969572413153e-40	9.088034780761595e-42	8.623627869682198e-43	8.669453814954163e-44	9.206200269148725e-45	1.0298136113210437e-45	1.2103658074439825e-46	1.491159277425854e-47
146.55478409559115	0.3333333333333333	0.00020061044034563319	2.8518943226691986e-7	7.428354728901912e-10	3.083303779968268e-12	1.8648463430116053e-14	1.5446833566302288e-16	1.6745841675292309e-18	2.2952252284804604e-20	3.8704066899927875e-22	7.854554963141784e-24	1.8836569505467863e-25	5.25698784116957e-27	1.6851707364363587e-28	6.135001085236446e-30	2.5116977049659237e-31	1.1463943250811765e-32	5.788603873604195e-34	3.211482494087708e-35	1.945600871295497e-36	1.2799863813041306e-37	9.098594522304934e-39	6.9562060979619e-40	5.696197807646508e-41	4.976804431968106e-42	4.623204621581346e-43	4.551533538863895e-44	4.7347572905310094e-45	5.1899533358548266e-46	5.979197848473793e-47	7.222761745378303e-48
148.5935642287007	0.33333333333333326	0.00019514862969086447	2.6988779012170357e-7	6.839416178075573e-10	2.762297684181257e-12	1.6258778602482893e-14	1.3108379941158153e-16	1.383456575510616e-18	1.8464038310552148e-20	3.0325176953267543e-22	5.995481057275007e-24	1.4011262726522194e-25	3.8116132727616866e-27	1.1913538419420849e-28	4.230283962965322e-30	1.6897283674409553e-31	7.526927224715394e-33	3.7105081367097402e-34	2.010408185396143e-35	1.1898598127095759e-36	7.649894231262495e-38	5.3159033851860074e-39	3.974404758051427e-40	3.183647513313605e-41	2.721905110438833e-42	2.475077550647611e-43	2.3859748395777726e-44	2.4311149939770655e-45	2.610995389825566e-46	2.948176383205312e-47	3.491503063869197e-48
150.6607066186742	0.3333333333333333	0.0001898353797405246	2.5540635338795415e-7	6.297120706980072e-10	2.4746730137191565e-12	1.4174929771604428e-14	1.112345704420919e-16	1.1428685142326268e-18	1.4852137704846652e-20	2.375731042216639e-22	4.5756991096048096e-24	1.0419932834489719e-25	2.7629400804719455e-27	8.419850839673616e-29	2.9158459200635378e-30	1.1362593428697822e-31	4.939475797775387e-33	2.377050648418051e-34	1.2576858616513764e-35	7.2712435106468526e-37	4.5681032921745366e-38	3.1029007682654364e-39	2.2683790758227506e-40	1.7773090840711732e-41	1.486777918227802e-42	1.3232334171510464e-43	1.2488948566389296e-44	1.2462752505280616e-45	1.311285245444491e-46	1.4509725735452762e-47	1.6844677886947613e-48
152.75660582380726	0.3333333333333333	0.00018466665729100225	2.4170121991477666e-7	5.797779392421354e-10	2.216963407372197e-12	1.2357834053520217e-14	9.43870113755952e-17	9.440606477147486e-19	1.1945741353247762e-20	1.86097131433481e-22	3.491592129100441e-24	7.747593025164015e-26	2.002291859997257e-27	5.948915107067175e-29	2.00910797355395e-30	7.637532910704602e-32	3.239873213997589e-33	1.5219279050587474e-34	7.862760208412478e-36	4.4401603741227124e-37	2.7255464290214324e-38	1.8094811372123484e-39	1.2933346504732462e-40	9.910769655179909e-42	8.111082217847694e-43	7.064727229033547e-44	6.527510527776973e-45	6.378716908796414e-46	6.574265722973212e-47	7.128055951618535e-48	8.110832360133641e-49
154.88166189124814	0.3333333333333333	0.00017963853822506378	2.2873083247469914e-7	5.337994528012879e-10	1.986061818840616e-12	1.0773394143699053e-14	8.008789001542793e-17	7.797889927287573e-19	9.607271523898592e-21	1.4575780722745462e-22	2.6639360628196976e-24	5.75950200970785e-26	1.4507047435742135e-27	4.2018816505427416e-29	1.3838501480991803e-30	5.131540085304827e-32	2.124044768912769e-33	9.738798124047241e-35	4.9124529189720504e-36	2.709392095013666e-37	1.6248570333473795e-38	1.0542481898398396e-39	7.366577068515617e-41	5.520349367826655e-42	4.419568880983519e-43	3.7668205132090783e-44	3.406753633922087e-45	3.2596709434143946e-46	3.290538153560196e-47	3.4954260226647473e-48	3.897910641738042e-49
157.03628043335524	0.3333333333333333	0.00017474720458330654	2.1645585390861347e-7	4.914636689860282e-10	1.7791833520941715e-12	9.39186366681084e-15	6.795228944157978e-17	6.440633068380733e-19	7.72593004129357e-21	1.1414974613882577e-22	2.0321694464904192e-24	4.280764151426945e-26	1.0508211925862709e-27	2.9670536900594294e-29	9.528516739984335e-31	3.4463965542732987e-32	1.3918493749119222e-33	6.228410956344295e-35	3.067240437424378e-36	1.652092616080622e-37	9.678928390324216e-39	6.136793369565391e-40	4.191677349096982e-41	3.0714876476509927e-42	2.405238728408561e-43	2.0057846748616887e-44	1.7754769773821543e-45	1.6632036757296826e-46	1.6442459693311893e-47	1.7110283857500447e-48	1.8697063132517006e-49
159.22087270511702	0.3333333333333333	0.00016998894171305827	2.0483904888757217e-7	4.5248236026661865e-10	1.5938319304102449e-12	8.187293115353698e-15	5.765333164390145e-17	5.319305361022187e-19	6.2124961885213215e-21	8.938615548588344e-23	1.550006141449334e-24	3.181103782343606e-26	7.6099029756208575e-28	2.0945240950930407e-29	6.558662732673522e-31	2.3137129905867298e-32	9.116289155976179e-34	3.981206245841075e-35	1.9139419212278256e-36	1.0066819302928277e-37	5.760982213447299e-39	3.569086775386045e-40	2.3827853530126103e-41	1.7071128143506472e-42	1.3074418242887732e-43	1.0666765941728689e-44	9.24017565786697e-46	8.473415378413832e-47	8.202710540845973e-48	8.360906414114535e-49	8.95161314899835e-50
161.43585568264862	0.3333333333333333	0.00016536013549273536	1.9384517194321506e-7	4.165900665508986e-10	1.4277704049453745e-12	7.13704617392264e-15	4.8913443401273454e-17	4.392955818582966e-19	4.99513287819658e-21	6.998725071868149e-23	1.1820771450605104e-24	2.3635045555282006e-26	5.50975437567652e-28	1.478177044179542e-29	4.512968592979238e-31	1.552688021054908e-32	5.968229565274268e-34	2.543445596484259e-35	1.1935664331552166e-36	6.129872801610742e-38	3.4263319985620365e-39	2.073942705523581e-40	1.353208082833766e-41	9.477964238712348e-43	7.098737843186413e-44	5.665385588917891e-45	4.802262900335245e-46	4.310454435916297e-47	4.085538259735325e-48	4.078491075081843e-49	4.277863775786623e-50
163.68165214278085	0.3333333333333333	0.0001608572696297258	1.8344086143673814e-7	3.8354230074911183e-10	1.2789937490509816e-12	6.221377513209842e-15	4.149693356908633e-17	3.6277297174478877e-19	4.016006159203568e-21	5.479262794542395e-23	9.013606798580571e-25	1.7557350453602684e-26	3.988324179038397e-28	1.0429209767730587e-29	3.104341828211947e-31	1.0415811277882165e-32	3.905518961031613e-34	1.6240722971404081e-35	7.438864875912442e-37	3.7300773874325327e-38	2.0362563154819304e-39	1.204113553124901e-40	7.677757358921547e-42	5.256726673767773e-43	3.8498437171975503e-44	3.005270444459866e-45	2.492423145713315e-46	2.189521461875588e-47	2.0316692173808046e-48	1.986125205816443e-49	2.0406177931755754e-50
165.95869074375605	0.3333333333333333	0.00015647692302990255	1.7359453915352095e-7	3.531138953549487e-10	1.1457050207889143e-12	5.423064263389064e-15	3.520368538194189e-17	2.9956411960121596e-19	3.2285607068185353e-21	4.289246232273923e-23	6.872159625908147e-25	1.304029038073234e-26	2.886396478080437e-28	7.35635835908797e-30	2.1347160573546336e-31	6.984572443023761e-33	2.5545943521207396e-34	1.0364971108278336e-35	4.633553994485858e-37	2.2682829212762767e-38	1.2092383536485972e-39	6.985156001681949e-41	4.352129469993465e-42	2.9125356067000515e-43	2.085531818208989e-44	1.5922237655072566e-45	1.2918655919958771e-46	1.110572687495038e-47	1.0087395385888713e-48	9.655741116565525e-50	9.716655266512491e-51
168.26740610704672	0.33333333333333326	0.00015221576723692425	1.6427631522684565e-7	3.250974790038097e-10	1.0262938086526818e-12	4.727084360579654e-15	2.9863796701648544e-17	2.4735577051814033e-19	2.5953243041959373e-21	3.357349717702714e-23	5.238791729014014e-25	9.68373911374235e-27	2.0884833895286813e-28	5.1875643395767416e-30	1.4674967141074938e-31	4.681962748292931e-33	1.6702412622470239e-34	6.611732860085894e-36	2.88452596581877e-37	1.3784637298505707e-38	7.175863168822776e-40	4.048830630152601e-41	2.4647579161081316e-42	1.6120947776421078e-43	1.1285239968599305e-44	8.425586062494523e-46	6.687166294536807e-47	5.625050341222407e-48	5.000781540689464e-49	4.686486785967735e-50	4.618528758175263e-51
170.60823890031236	0.3333333333333333	0.0001480705639395213	1.5545789810962913e-7	2.993020728290349e-10	9.193169047299555e-13	4.120335820317351e-15	2.533302610069878e-17	2.042359830944417e-19	2.086138842977386e-21	2.6276651405999848e-23	3.993132163385862e-25	7.189988234473841e-27	1.5108373405527388e-28	3.6572599314753554e-30	1.008517941329319e-31	3.137335798804456e-33	1.0915774742695089e-34	4.2155236358388837e-36	1.794702439742865e-37	8.371781193069616e-39	4.255252901098726e-40	2.3449561804116233e-41	1.3946303698817753e-42	8.914177440523657e-44	6.100051061827092e-45	4.4532858667172095e-46	3.4570497131960385e-47	2.8450994146468856e-48	2.4753690332386392e-49	2.270925351974153e-50	2.1914600145449235e-51
172.98163592151013	0.3333333333333333	0.00014403816254501088	1.4711250932777173e-7	2.7555179723006567e-10	8.234809757878773e-13	3.591391743883829e-15	2.1488923915067066e-17	1.6862462743310805e-19	1.6767351700893863e-21	2.0563751473221796e-23	3.043282401478554e-25	5.337578423965354e-27	1.0927432587457619e-28	2.5777594776000865e-30	6.928872425344038e-32	2.1015631186119603e-33	7.131025410229203e-35	2.686465588957862e-36	1.1160233129697368e-37	5.081247979064371e-39	2.5215741665740375e-40	1.3570573045301419e-41	7.884308743418927e-43	4.924375696977419e-44	3.29376951596635e-45	2.3510094214098693e-46	1.7849138290414225e-47	1.437043797339968e-48	1.223476560120188e-49	1.0986588384713453e-50	1.0380488248926485e-51
175.3880501841761	0.3333333333333333	0.00014011549781732738	1.3921480276266083e-7	2.536846803983305e-10	7.376270263277287e-13	3.1302865205394472e-15	1.8227545478571362e-17	1.3921589661903988e-19	1.3475850924486663e-21	1.6091428243367424e-23	2.3190930532943463e-25	3.96180433128531e-27	7.901951463231374e-29	1.8164592522332817e-30	4.759012736580068e-32	1.4072642386649692e-33	4.65666897478373e-35	1.7112323549406782e-36	6.936204006219571e-38	3.0821830148056497e-39	1.4932046482452437e-40	7.847414850909109e-42	4.45343358063457e-43	2.7177408213043546e-44	1.776635375190479e-45	1.2397392233703412e-46	9.204206887042993e-48	7.248596992164545e-49	6.038309033429979e-50	5.3068669974018535e-51	4.908712637762872e-52
177.82794100389228	0.33333333333333326	0.00013629958757789302	1.317407882235727e-7	2.33551560621778e-10	6.607164688117748e-13	2.728329263045623e-15	1.5460659134021717e-17	1.1493075967477541e-19	1.0829767539172306e-21	1.2590638821679962e-23	1.767025219706894e-25	2.940194614282612e-27	5.713054768184823e-29	1.2796996565920514e-30	3.267754339504395e-32	9.42028372397256e-34	3.0396847813216637e-35	1.0895294829968348e-36	4.3086688634382075e-38	1.868475497217391e-39	8.836374910800361e-41	4.5344703364738656e-42	2.5133924681346692e-43	1.4985095945168931e-44	9.573197044704413e-46	6.530061354567672e-47	4.740479538771255e-48	3.6513974499500545e-49	2.9758381569182733e-50	2.5594089801865175e-51	2.3173640766240957e-52
180.30177408595688	0.3333333333333333	0.00013258753046770203	1.246677590832534e-7	2.15015075011778e-10	5.91818635257616e-13	2.377941015754682e-15	1.3113374704333598e-17	9.48776404740292e-20	8.702700118614454e-22	9.850603734804855e-24	1.3462237458456785e-25	2.1817000301063932e-27	4.12973510686233e-29	9.01346853735561e-31	2.243174067766059e-32	6.30392027052159e-34	1.9834228056844535e-35	6.933868154116608e-37	2.675111360677962e-38	1.1320424348787099e-39	5.225671049975784e-41	2.618210296597449e-42	1.4173158825687614e-43	8.254927283195159e-45	5.153205245184513e-46	3.4357680000815124e-47	2.438564246506917e-48	1.836941044568787e-49	1.4644947720086627e-50	1.2324748101792856e-51	1.0922170935696397e-52
182.81002161427426	0.3333333333333333	0.000128976503769023	1.1797422376183363e-7	1.979487278705787e-10	5.300995814440917e-13	2.072512713086489e-15	1.1122129240880816e-17	7.831990241543801e-20	6.992968430060976e-22	7.706209346362801e-24	1.0255171225314498e-25	1.6186444787834214e-27	2.984679564146453e-29	6.347163246790634e-31	1.539431440099856e-32	4.2171500706707156e-34	1.2937171434686583e-35	4.410856986141211e-37	1.6600564066021906e-38	6.854718268913463e-40	3.0883675183306833e-41	1.510660579161666e-42	7.985846827683853e-44	4.5433556393954135e-45	2.771198986562594e-46	1.8057543783977405e-47	1.2529430045755459e-48	9.229368297287205e-50	7.197158872938463e-51	5.926031872035563e-52	5.139523662721663e-53
185.35316234148112	0.3333333333333333	0.00012546376128517002	1.1163984085550689e-7	1.8223603244740317e-10	4.748120502757205e-13	1.806281249366684e-15	9.43297633727114e-18	6.464896328028958e-20	5.618785870459325e-22	6.0281294010942196e-24	7.811257815983289e-26	1.2007342796687757e-27	2.1567351965228445e-29	4.468620747894158e-31	1.0561953088075062e-32	2.820279665661394e-34	8.435372839989004e-36	2.8046929706515286e-37	1.0296526165599352e-38	4.148330283384219e-40	1.8240663021865308e-41	8.710036900702634e-43	4.496039907001526e-44	2.4983737941007164e-45	1.4887981293143114e-46	9.480480609149674e-48	6.430173836471093e-49	4.631258375784684e-50	3.5321508443080784e-51	2.8451693691743405e-52	2.4146105562476422e-53
187.93168168032685	0.3333333333333333	0.00012204663127682835	1.0564535771707841e-7	1.6776972031997143e-10	4.2528647458758517e-13	1.5742213557374697e-15	8.000133352041518e-18	5.336206729594235e-20	4.514373045067905e-22	4.715079895235053e-24	5.949118293957129e-26	8.906003382046209e-28	1.5581934928571052e-29	3.14539845542157e-31	7.24464776441016e-33	1.8855288144297462e-34	5.498113864165924e-36	1.7826525499396476e-37	6.3833713565081e-39	2.5091058997678906e-40	1.0766701734321727e-41	5.018455305080004e-43	2.529303809183673e-44	1.372658999807987e-45	7.99078915249089e-47	4.972185706261845e-48	3.2962293367163154e-49	2.3210573884414503e-50	1.731140689115824e-51	1.3640210198723369e-52	1.132642150059515e-53
190.54607179632472	0.3333333333333333	0.00011872251445345872	9.997255230562608e-8	1.544510130889737e-10	3.809229119994152e-13	1.3719512722645038e-15	6.784747734379091e-18	4.4043909198802016e-20	3.6268293537760637e-22	3.68774741310818e-24	4.530425313284325e-26	6.604816806279299e-28	1.125571800167466e-29	2.2135450831757084e-31	4.9680055767043595e-33	1.260216298119965e-34	3.582376169326525e-36	1.1325858241411076e-37	3.955537609803146e-39	1.5168116658248246e-40	6.351272747707091e-42	2.889503666334381e-43	1.4218055816746278e-44	7.535286177921783e-46	4.2848647998807716e-47	2.605061819744677e-48	1.6878132124752888e-49	1.1618286125538984e-50	8.47325877836116e-52	6.530002175503852e-53	5.304821402932458e-54
193.1968317016924	0.3333333333333333	0.00011548888201834179	9.460417813211458e-8	1.421889514886839e-10	3.411838154899942e-13	1.1956504587829524e-15	5.753849472461905e-18	3.635144400608311e-20	2.913615012202529e-22	2.8840299973196763e-24	3.4496991312817215e-26	4.8975863993980605e-28	8.129316823296468e-30	1.5574486929676197e-31	3.40597285849998e-33	8.420364992181132e-35	2.33335117506247e-36	7.049643617214436e-38	2.4499735798633177e-39	9.16465902193845e-41	3.744384036021784e-42	1.6625918071600809e-43	7.986462197226715e-45	4.133099662519605e-46	2.295545616070732e-47	1.3634862102518957e-48	8.632815697969289e-50	5.808673842576853e-51	4.1419371649362536e-52	3.1217302910865285e-53	2.4808025897922623e-54
195.88446735059898	0.3333333333333333	0.0001123432737658585	8.95239121369127e-8	1.3089977740022198e-10	3.055875532900706e-13	1.0419878111156943e-15	4.879461637300589e-18	3.0001331213493076e-20	2.340524606875105e-22	2.255307312730707e-24	2.626518392586436e-26	3.6311839336169e-28	5.870372459191242e-30	1.0956047313597986e-31	2.3345173060500448e-33	5.624625060851061e-35	1.5193011753295365e-36	4.5663033627898005e-38	1.516778402446153e-39	5.534493048004599e-41	2.206210701462398e-42	9.56011704116024e-44	4.482808865690758e-45	2.2651561829591847e-46	1.2286940523314567e-47	7.129412156527654e-49	4.4107299621288e-50	2.900681106894542e-51	2.0220940248043704e-52	1.4903134441026452e-53	1.1584250676546992e-54
198.60949173573715	0.3333333333333333	0.00010928329622963973	8.471630534379323e-8	1.2050636460744432e-10	2.737026005996068e-13	9.08059044134034e-16	4.1378452062350434e-18	2.4759557339570862e-20	1.8800563977497678e-22	1.763517869426667e-24	1.9995751922059423e-26	2.6919102348919215e-28	4.238475933072906e-30	7.70567837705323e-32	1.5997505478302238e-33	3.7560896197420507e-35	9.889306002129103e-37	2.897754956288019e-38	9.386248052601049e-40	3.3405739366665454e-41	1.2991698331102714e-42	5.493661233684036e-44	2.5143979969290486e-45	1.2404338145384076e-46	6.570799192681681e-48	3.7242180306484066e-49	2.251163763879829e-50	1.4468393393384254e-51	9.85947494844513e-53	7.105102982371367e-54	5.401431010003614e-55
201.37242498623885	0.3333333333333333	0.00010630662088024981	8.016673614317624e-8	1.1093769446135649e-10	2.451423336277351e-13	7.91332073281941e-16	3.508857930324958e-18	2.043285953784885e-20	1.5101002117945847e-22	1.3788689631147222e-24	1.5221384580988416e-26	1.995356147484605e-28	3.059763798742902e-30	5.418595077251848e-32	1.0959963068981038e-33	2.5076148809998435e-35	6.435009518936941e-37	1.83821769434469e-38	5.8059769237110385e-40	2.0153514106401089e-41	7.646144205870212e-43	3.154913491155283e-44	1.4093284364859823e-45	6.787489119727705e-47	3.5108861158573766e-48	1.943582315171534e-49	1.1477596385733161e-50	7.208537018382396e-52	4.801429455148258e-53	3.3828590861503826e-54	2.514928513039527e-55
204.17379446695293	0.33333333333333326	0.00010341098237110588	7.586136606513515e-8	1.0212837291946767e-10	2.195603636247697e-13	6.895993747660698e-16	2.9754100530988262e-18	1.686163821409576e-20	1.212881786127719e-22	1.078042584379998e-24	1.1585925643416754e-26	1.4788669638819434e-28	2.2085224629962546e-30	3.809634646897263e-32	7.5070605139757084e-34	1.673674564297807e-35	4.185980589129378e-37	1.1656664137277714e-38	3.5898485652632736e-40	1.2152667074427256e-41	4.497610613189244e-43	1.8106965989653747e-44	7.893890330839819e-46	3.7111768228856757e-47	1.8743332345978555e-48	1.0133634006005673e-49	5.845889203215822e-51	3.587480499743148e-52	2.335400014536923e-53	1.6085271282337725e-54	1.1693084503227045e-55
207.01413487910423	0.3333333333333333	0.00010059417683136302	7.178709791003323e-8	9.401818570356751e-11	1.9664635500916622e-13	6.009364343508739e-16	2.5230022747717605e-18	1.3914100553476806e-20	9.741135174420951e-23	8.427900512684306e-25	8.81796729760779e-27	1.0959428466563477e-28	1.5938706171109063e-30	2.677951421108368e-32	5.1408750271505405e-34	1.1167840038544333e-35	2.7221559701038147e-37	7.389197623448562e-39	2.2186999967010234e-40	7.324671123903045e-42	2.644168621964871e-43	1.0385854120993448e-44	4.4185201762074515e-46	2.0276260184885907e-47	9.998059194515885e-49	5.278734365721333e-50	2.974503109890946e-51	1.7834320178022114e-52	1.1345810395608423e-53	7.638602721745204e-55	5.429124449987993e-56
209.89398836235242	0.33333333333333326	0.00009785406020453265	6.793153611162912e-8	8.655168857485738e-11	1.7612227746392973e-13	5.236655079734116e-16	2.1393335544218037e-18	1.1481421516888383e-20	7.823113233749752e-23	6.588312698794219e-25	6.710708675801592e-27	8.120786095731918e-29	1.1501200759099391e-30	1.8821172885370587e-32	3.5197574203296766e-34	7.450029573027123e-36	1.7697000317135433e-37	4.682410366183409e-39	1.3707134723668805e-40	4.4127049043764877e-42	1.5537079899639489e-43	5.953640652320069e-45	2.4715852120722718e-46	1.106991883801144e-47	5.32881522781895e-49	2.7472900145890974e-50	1.5119966995655164e-51	8.856397010169378e-53	5.505575848998846e-54	3.622851432437263e-55	2.517319418488189e-56
212.8139045982712	0.3333333333333333	0.000095188546631628	6.428294921409109e-8	7.967782996086365e-11	1.5773904705451026e-13	4.563240162882067e-16	1.8139682108530116e-18	9.473745810282195e-21	6.282451733447442e-23	5.149926900674115e-25	5.1065948771679845e-27	6.016734176015778e-29	8.298005092316843e-31	1.3225653525729707e-32	2.409346058537657e-34	4.968668818193492e-36	1.1501651141850402e-37	2.9661582946154144e-39	8.464949402199603e-41	2.657212607005331e-42	9.124888353995878e-44	3.410926535252568e-45	1.3816350683408663e-46	6.039318940831654e-48	2.837911273140503e-49	1.4285551438715916e-50	7.67835322759528e-52	4.39339167762444e-53	2.668531562667093e-54	1.7161218662853227e-55	1.1656418971213618e-56
215.77444091526667	0.33333333333333326	0.00009259560687766435	6.083023435062039e-8	7.334960338565963e-11	1.4127351606457526e-13	3.9763698158860093e-16	1.5380533704206994e-18	7.81688489351998e-21	5.0449717238723716e-23	4.0253227037727283e-25	3.8856035065703404e-27	4.457356396655437e-29	5.986129187682602e-31	9.292142706796628e-33	1.6489160879027913e-34	3.312972957336679e-36	7.473044398341758e-38	1.8783444690306123e-39	5.225592130666244e-41	1.5993987295485956e-42	5.356344449005426e-44	1.953065710473689e-45	7.718555921761363e-47	3.292493488166184e-48	1.5101747260841506e-49	7.421896855072967e-51	3.895599704657077e-52	2.1771774453210153e-53	1.2919734556146939e-54	8.119262206906933e-56	5.39039580521941e-57
218.77616239495526	0.3333333333333333	0.00009007326680036971	5.756288361731401e-8	6.75237273550521e-11	1.2652577541193246e-13	3.4649299091785637e-16	1.3040791590162052e-18	6.449588376083534e-21	4.051061757032635e-23	3.1461094033429068e-25	2.9563138284703492e-27	3.3017854195041974e-29	4.317792802793059e-31	6.527466302044446e-33	1.1282698005817601e-34	2.2084827528422037e-36	4.854166579985787e-38	1.189092280080837e-39	3.2246598402178393e-41	9.62277866711245e-43	3.142657125191757e-44	1.1176900783131533e-45	4.3093280213648217e-47	1.793749133144964e-48	8.030133408913902e-50	3.852704754501613e-51	1.9745931390329025e-52	1.0778229336190205e-53	6.2482109802872775e-55	3.836768554268539e-56	2.4895172948136567e-57
221.81964198002188	0.3333333333333333	0.00008761960585999197	5.447095224151877e-8	6.216035053286414e-11	1.1331673724339458e-13	3.019232349704517e-16	1.105675181484694e-18	5.321290056616076e-21	3.252820141294416e-23	2.458788107116039e-25	2.2490984087792692e-27	2.4455492815021764e-29	3.1140261270461052e-31	4.584639269452748e-33	7.718705610305179e-35	1.4718747505491738e-36	3.1522044328484217e-38	7.52520882703163e-40	1.9891763911185292e-41	5.787110333992263e-43	1.84296792155192e-44	6.3928013603668774e-46	2.4044712970362647e-47	9.765727496592963e-49	4.2667023923208664e-50	1.9982823907085648e-51	9.999676656298433e-53	5.33051585722272e-54	3.0184759993084955e-55	1.810943447056066e-56	1.1483091795810423e-57
224.90546058357808	0.33333333333333326	0.00008523275566911635	5.15450284492545e-8	5.722278021449102e-11	1.0148596865863654e-13	2.63083229805898e-16	9.374378054103438e-19	4.390246155940456e-21	2.611757140352691e-23	1.9215125284064087e-25	1.710933489019714e-27	1.811178248012429e-29	2.2455815483351633e-31	3.219579501701429e-33	5.279528268884894e-35	9.80733051013254e-37	2.0464420362404609e-38	4.760882260829888e-40	1.226612343210356e-41	3.478921879653287e-43	1.0802777958691275e-44	3.654529195860119e-46	1.3408242339160372e-47	5.313244739867782e-49	2.2653886709150295e-50	1.0356085396349929e-51	5.059495310143155e-53	2.6337086010876125e-54	1.4566617473740335e-55	8.537760884211828e-57	5.290075138053394e-58
228.0342072000418	0.33333333333333326	0.00008291089858143455	4.877620494133084e-8	5.2677232260638133e-11	9.08897505186642e-14	2.292368785147042e-16	7.947835933262548e-19	3.621997593239398e-21	2.0969475463976348e-23	1.5015535419712979e-25	1.3014437269203255e-27	1.3412330802452465e-29	1.6191343544455037e-31	2.2606235102564775e-33	3.610496022696966e-35	6.533354463550108e-37	1.3282279791294885e-38	3.0111012733409625e-40	7.561180463921651e-42	2.0905150426592947e-43	6.329283764098881e-45	2.0880799583686066e-46	7.472602639113118e-48	2.8889064143211893e-49	1.2019337686788178e-50	5.3627706829829484e-52	2.557697143946054e-53	1.3000235040140501e-54	7.022270467343407e-56	4.020613840986145e-57	2.434076268588082e-58
231.20647901755947	0.3333333333333333	0.00008065226631843512	4.6156051892564786e-8	4.849260079860947e-11	8.139933798995326e-14	1.9974257371569776e-16	6.738249299960482e-19	2.988099979330226e-21	1.6835454666580128e-23	1.1733147946369484e-25	9.8988807640163e-28	9.931312959943363e-30	1.1673087553229763e-31	1.5870625442662025e-33	2.468662206027303e-35	4.351403691639099e-37	8.618597098832493e-39	1.9038617367429744e-40	4.6593317893561064e-42	1.2557165167675572e-43	3.706633050005731e-45	1.1924584202793247e-46	4.1622215813523136e-48	1.5697539167238848e-49	6.372536771373213e-51	2.774883696652065e-52	1.2918717220060494e-53	6.411031659277101e-55	3.381839852112933e-56	1.8912954570036642e-57	1.1186282558796624e-58
234.4228815319922	0.3333333333333333	0.0000784551386330096	4.367659139303698e-8	4.464024613165584e-11	7.289940189250063e-14	1.740410799352197e-16	5.712644881789265e-19	2.4650747772042404e-21	1.351590395347039e-23	9.167797523143216e-26	7.528631413849607e-28	7.3530829267637e-30	8.414700978126436e-32	1.1140332094889863e-33	1.6876462014776148e-35	2.897560533239664e-37	5.591057140343421e-39	1.2034293375024008e-40	2.8702048049128786e-42	7.539864049807426e-44	2.1697760730695216e-45	6.806512974527505e-47	2.3170594104212982e-48	8.524326010591071e-50	3.3763279765413794e-51	1.434727136788628e-52	6.519669618080526e-54	3.1586827315724528e-55	1.627023655445405e-56	8.886981911598159e-58	5.134834763455637e-59
237.68402866248763	0.3333333333333333	0.00007631784200899711	4.133027325461824e-8	4.109379941959969e-11	6.52866320876092e-14	1.5164496822887992e-16	4.843056831352422e-19	2.0335431622644046e-21	1.0850475127118818e-23	7.16296495561682e-26	5.7255342198943615e-28	5.4436933882822435e-30	6.065170060926007e-32	7.818835337644632e-34	1.1535274604068791e-35	1.929069350247855e-37	3.62616235563587e-39	7.604731633696443e-41	1.7675053620702723e-42	4.525565538955255e-44	1.2695939371425327e-45	3.8832577603796775e-47	1.2891786749249616e-48	4.626203461142571e-50	1.787655110099854e-51	7.41258560254485e-53	3.287571266586104e-54	1.5548678591120603e-55	7.820033856299687e-57	4.17144258611306e-58	2.354322564838341e-59
240.99054286865947	0.3333333333333333	0.00007423874839571145	3.9109952110063946e-8	3.782898280703637e-11	5.846848608488368e-14	1.3212940447314711e-16	4.1057669657598466e-19	1.6775107959524195e-21	8.710363145948668e-24	5.596268936027008e-26	4.353983752298872e-28	4.0297697366591126e-30	4.3711917590992563e-32	5.486903693433238e-34	7.883209604885988e-36	1.284036864754399e-37	2.351251214329821e-39	4.804278805806223e-41	1.0881042761800807e-42	2.715334892837575e-44	7.425634932722825e-46	2.2144332017361765e-47	7.168994447771101e-49	2.5091772785791964e-50	9.458797773229692e-52	3.8269503194545103e-53	1.6564392731310295e-54	7.647126687994639e-56	3.754964381404141e-57	1.9559797434604177e-58	1.0782361220477847e-59
244.3430552693972	0.3333333333333333	0.00007221627397652442	3.700886573582931e-8	3.482344377962797e-11	5.2362067790723403e-14	1.1512411811639987e-16	3.4806601629964445e-19	1.3837772491160128e-21	6.992106574590467e-24	4.3720270460677624e-26	3.310771121146103e-28	2.982841334507058e-30	3.1499997495096925e-32	3.8499529348223645e-34	5.386523846885466e-36	8.54522638804237e-38	1.5242343772051728e-39	3.034284988977601e-41	6.6964629998329566e-43	1.6286165053664186e-44	4.341355286715426e-46	1.2622006601287952e-47	3.984535406933205e-49	1.3601460480359817e-50	5.001582251635727e-52	1.974355397080638e-53	8.339382176666327e-55	3.7577529079766157e-56	1.8013321949317486e-57	9.162151864300435e-59	4.932643361480283e-60
247.74220576332854	0.3333333333333333	0.00007024887797059816	3.502061453340724e-8	3.205660262504118e-11	4.689312288323782e-14	1.0030640030814374e-16	2.9506774816128013e-19	1.1414483760817732e-21	5.6126053034183614e-24	3.4154361936487285e-26	2.5173512271634227e-28	2.2077218770449614e-30	2.2697401381404657e-32	2.701019711817251e-34	3.679986347931443e-36	5.685754929392423e-38	9.878882263083892e-40	1.9158926661738596e-41	4.119920157603295e-43	9.764786967093012e-45	2.5371381579090167e-46	7.191147903772455e-48	2.213484530251863e-49	7.368733860123086e-51	2.6430430177804084e-52	1.017873602687312e-53	4.195245755482295e-55	1.8449771838526981e-56	8.633380294241712e-58	4.287404937695218e-59	2.2540984570198526e-60
251.188643150958	0.3333333333333333	0.00006833506146688672	3.313914210745014e-8	2.9509511963579735e-11	4.1995138699571685e-14	8.739499963220007e-17	2.5013522058268837e-19	9.415337128765148e-22	4.505116790616124e-24	2.6680203221708353e-26	1.9139539662298498e-28	1.6338936104783904e-30	1.63530159752298e-32	1.894723065875327e-34	2.5137242135734013e-36	3.7824499723088225e-38	6.401320306397509e-40	1.2094149954717322e-41	2.5339825580816172e-43	5.852733821040324e-45	1.4821561292183125e-46	4.095213071821533e-48	1.2290218308326249e-49	3.9898703460824103e-51	1.3958294747895598e-52	5.244026682591097e-54	2.1088862640826395e-55	9.050951301422237e-57	4.134044660257386e-58	2.0043064743459735e-59	1.0289698771119404e-60
254.68302525850413	0.3333333333333333	0.0000664733662895469	3.1358716882212355e-8	2.716472739510944e-11	3.760853777775266e-14	7.61448005138483e-17	2.1204162559334541e-19	7.766140906133238e-22	3.616038849228869e-24	2.0840697208664267e-26	1.4551001383558885e-28	1.2091196738406178e-30	1.1780854932649563e-32	1.3289564765868825e-34	1.716818972343119e-36	2.5158266081519695e-38	4.147050308344875e-40	7.632583441866341e-42	1.5580916514691564e-43	3.5067944596395686e-45	8.655232940129862e-47	2.331136097974757e-48	6.820745921195004e-50	2.159178973702054e-51	7.367119113604581e-53	2.699882477883483e-54	1.05932220696918e-55	4.4365501898467466e-57	1.977810774232292e-58	9.360843275487909e-60	4.6922185270741174e-61
258.2260190634596	0.3333333333333333	0.00006466237389392282	2.9673914700953815e-8	2.5006188384016922e-11	3.367995532133165e-14	6.634218406570323e-17	1.7974663038350908e-19	6.405672312320309e-22	2.902324621399449e-24	1.6278561626308335e-26	1.1061873266900976e-28	8.94708935980306e-31	8.486215811404726e-33	9.320176598346347e-35	1.1723801329818708e-36	1.6730641675472363e-38	2.6860821984101966e-40	4.815733262449656e-42	9.577671498055276e-44	2.100490875039183e-45	5.052454142439877e-47	1.3264042404883606e-48	3.7835379232962535e-50	1.1678517574383916e-51	3.886028596424151e-53	1.3891209395009376e-54	5.317273531239787e-56	2.1729608288590663e-57	9.454042142790756e-59	4.3677275141512614e-60	2.1375124364910916e-61
261.8183008218985	0.3333333333333333	0.00006290070429228909	2.8079602355884704e-8	2.301910857318009e-11	3.016159186467852e-14	5.780098395621378e-17	1.5236805464623465e-19	5.2834122142607265e-22	2.329405639490197e-24	1.2714549955398633e-26	8.408906894435983e-29	6.6200624828986115e-31	6.1123852507304526e-33	6.535626141978194e-35	8.004810348370563e-37	1.1124250154824473e-38	1.7394491915290221e-40	3.0377392756761526e-42	5.885825318713343e-44	1.2577478321823897e-45	2.948279029610946e-47	7.544067030522678e-49	2.0977945109337034e-50	6.31336923309844e-52	2.048627265869996e-53	7.142605884780144e-55	2.667120684285115e-56	1.0634596097409567e-57	4.515245595319619e-59	2.036077015389808e-60	9.727536485621007e-62
265.4605561975539	0.33333333333333326	0.00006118701500855959	2.657092199901599e-8	2.1189874781723728e-11	2.701063332186252e-14	5.035896106703675e-17	1.2915784591098664e-19	4.357675193222996e-22	1.8695232077498057e-24	9.930420326302757e-27	6.39184342045967e-29	4.897912927464535e-31	4.402179939305484e-33	4.582486725161799e-35	5.464794522803764e-37	7.395320283098294e-39	1.126208517113968e-40	1.9157475622159578e-42	3.61608118156659e-44	7.528906796602439e-46	1.7198123584940224e-47	4.289045757736139e-49	1.1626019184610568e-50	3.4112546520760715e-52	1.0793794528353092e-53	3.670293956224196e-55	1.3368900817448237e-56	5.200676896146401e-58	2.154685972009165e-59	9.482857800411316e-61	4.4225190751819565e-62
269.15348039269156	0.3333333333333333	0.000059520000061188806	2.5143276386917455e-8	1.9505954000111074e-11	2.4188731413378756e-14	4.3874730459723216e-17	1.0948170130363642e-19	3.594066014903131e-22	1.5003879066100201e-24	7.755618287824944e-27	4.85835296061151e-29	3.623510309562682e-31	3.1701973739395356e-33	3.2126797231507096e-35	3.730253340447377e-37	4.9155612925838696e-39	7.29025276700548e-41	1.207892345709615e-42	2.2210337734332838e-44	4.505458949464644e-46	1.0028672502193231e-47	2.4375042665608272e-49	6.440311609461097e-51	1.842262736676738e-52	5.683882284831859e-54	1.8848575800984913e-55	6.696604113039186e-57	2.541414910314265e-58	1.027384372070359e-59	4.412643086754221e-61	2.0087130549038014e-62
272.8977782808041	0.33333333333333326	0.000057898388973513074	2.3792314914883568e-8	1.7955807750278337e-11	2.1661538192268876e-14	3.8225082680230396e-17	9.280178282836922e-20	2.9642055820972467e-22	1.2041027565740514e-24	6.0568643314218874e-27	3.692571967123886e-29	2.680514760860652e-31	2.2827967471815852e-33	2.2520968840752146e-35	2.5459272654654223e-37	3.2667874963375914e-39	4.718295607083612e-41	7.614172920611006e-43	1.363832695061768e-44	2.695367998404991e-46	5.846006378939413e-48	1.384725324473292e-49	3.566111472285631e-51	9.944395171842347e-53	2.9914457183172636e-54	9.673767835807247e-56	3.3521686131354493e-57	1.2410093353208334e-58	4.894809326397117e-60	2.051544438385125e-61	9.114986395340696e-63
276.69416454115117	0.3333333333333333	0.00005632094581079953	2.2513920398373485e-8	1.6528813228411948e-11	1.9398289043105594e-14	3.3302648850623576e-17	7.866205700846138e-20	2.444679364875342e-22	9.662982299857434e-25	4.730013153561256e-27	2.806379796540892e-29	1.9827955601951603e-31	1.643658489820476e-33	1.5785608126208664e-35	1.7373938014585206e-37	2.1708502078363122e-39	3.0531525448423725e-41	4.798706020638459e-43	8.372567835478653e-45	1.6120261762113895e-46	3.4066855746529494e-48	7.863562335554283e-50	1.9737833693676835e-51	5.365366261111831e-53	1.5735755501217483e-54	4.962014223890864e-56	1.6769329649534175e-57	6.055710912584966e-59	2.3302355824784178e-60	9.530014059103268e-62	4.1323067995668247e-63
280.54336379517133	0.3333333333333333	0.00005478646824328782	2.130419656183185e-8	1.521519069393561e-11	1.7371429111663183e-14	2.90138654696489e-17	6.667586079763192e-20	2.0161694935920631e-22	7.754374702447547e-25	3.693689453249882e-27	2.132760460917459e-29	1.4665924947173473e-31	1.183369230124015e-33	1.1063469328231431e-35	1.185486353833079e-37	1.4421756547795112e-39	1.9753053408867718e-41	3.023672499046115e-43	5.138667709068051e-45	9.638381563569578e-47	1.984564220464583e-48	4.463919025042185e-50	1.0920055838379065e-51	2.89347205550389e-53	8.273127053268065e-55	2.543731511405618e-56	8.38359655240449e-58	2.952925969625127e-59	1.108491502131926e-60	4.423280117687551e-62	1.8716983455527458e-63
284.44611074479155	0.3333333333333333	0.000053293786634530815	2.0159456197120745e-8	1.400593661062242e-11	1.5556278646865854e-14	2.5277200488674968e-17	5.651535599480493e-20	1.662738465022028e-22	6.2225825471638035e-25	2.884312904833314e-27	1.620751557334661e-29	1.084709635986003e-31	8.519109920101589e-34	7.753151304335507e-36	8.088020397661559e-38	9.580120605711215e-40	1.2777486952764855e-41	1.9048325021315523e-43	3.153111011726435e-45	5.761254937996971e-47	1.1557447795660087e-48	2.5331348355787973e-50	6.039141687103886e-52	1.559706081627487e-53	4.3474292136327905e-55	1.303289966716666e-56	4.188668203890952e-58	1.438944155321581e-59	5.26914974358875e-61	2.0513573447763416e-62	8.470209555960973e-64
288.4031503126606	0.3333333333333333	0.000051841763154356936	1.9076209955801466e-8	1.2892762084759619e-11	1.393073320605888e-14	2.2021607152423798e-17	4.790258558724839e-20	1.3712379991549285e-22	4.993248106745668e-25	2.252209328323534e-27	1.2316012001650982e-29	8.022149922092529e-32	6.132454485291879e-34	5.432793439119397e-36	5.517427597741253e-38	6.363001935785884e-40	8.263857890981713e-42	1.199754716551429e-43	1.9343158075020663e-45	3.4428167803996916e-47	6.728614864384237e-49	1.4369743198751724e-50	3.3385252592742878e-52	8.403773560551985e-54	2.2833952280191862e-55	6.673794768431545e-57	2.0915028762071318e-58	7.007220486246309e-60	2.502830165779881e-61	9.50586718494233e-63	3.8297953456737126e-64
292.41523778433356	0.3333333333333333	0.00005042929091579461	1.8051155741409964e-8	1.1868036181233786e-11	1.2474995095407054e-14	1.9185176387121793e-17	4.060188888983582e-20	1.1308211984904285e-22	4.00667876440237e-25	1.7585710987185596e-27	9.358442843093774e-30	5.932557876849096e-32	4.4140930516809575e-34	3.806512113919461e-36	3.763406073724606e-38	4.2256444982111165e-40	5.343780979168246e-42	7.555164290600321e-44	1.1863623792819147e-45	2.0568252415546647e-47	3.916152085515295e-49	8.148769009085553e-51	1.8448761755135952e-52	4.5260409871550976e-54	1.1987271006012233e-55	3.415639706805076e-57	1.0437194566016037e-58	3.4100793756659524e-60	1.1879873227608775e-61	4.4015248469572017e-63	1.730167238451938e-64
296.4831389524342	0.3333333333333333	0.00004905529313531837	1.708116866967166e-8	1.0924733731512236e-11	1.1171332794330325e-14	1.6713962262609092e-17	3.441346921303059e-20	9.325399722456301e-23	3.2149564656248433e-25	1.3730814836332033e-27	7.110783304098273e-30	4.387001755893738e-32	3.176994977903558e-34	2.6668057468410903e-36	2.566710161354135e-38	2.805854886434354e-40	3.454973113844094e-42	4.756781781321999e-44	7.274642161600148e-46	1.228486263775002e-47	2.278592750781567e-49	4.61945600073194e-51	1.0191000615153774e-52	2.436573759223525e-54	6.2900638240150945e-56	1.7472054297509483e-57	5.205442900882282e-59	1.6584651271200418e-60	5.634931257856667e-62	2.0364929000898253e-63	7.809793964443292e-65
300.6076302628231	0.3333333333333333	0.000047718722315790255	1.6163291566308713e-8	1.0056387277994402e-11	1.0003865450856578e-14	1.456095831972495e-17	2.916793907379177e-20	7.690128345538637e-23	2.5796165229911243e-25	1.0720580000697095e-27	5.402716454874098e-30	3.243910855510538e-32	2.2864425835004774e-34	1.8681713989581727e-36	1.7503509474473398e-38	1.862860316560979e-40	2.2334316340696063e-42	2.994349304077267e-44	4.459770930284499e-46	7.335595073866713e-48	1.3254099441680115e-49	2.61787523383146e-51	5.627394272530517e-53	1.3111786595378922e-54	3.2990584552209e-56	8.932927317808421e-58	2.5946923563919797e-59	8.060788594878973e-61	2.6709669886509024e-62	9.415387183524468e-64	3.5223928617502617e-65
304.7894989627983	0.3333333333333333	0.00004641855945148973	1.5294725973709968e-8	9.257042827301931e-12	8.95836983766324e-15	1.2685205401164215e-17	2.4721694506432686e-20	6.341507840259147e-23	2.0697837123321742e-25	8.370014826159516e-28	4.1047649208165184e-30	2.3985343325408813e-32	1.6454080293581671e-34	1.30859190229881e-36	1.193513153052516e-38	1.236629679146961e-40	1.44355833370511e-42	1.884575812224141e-44	2.733521093217546e-46	4.379203987393678e-48	7.707492175207136e-50	1.4830975540660474e-51	3.106293982829645e-53	7.052930688245512e-55	1.7295369540958485e-56	4.564851436035212e-58	1.2926290651670684e-59	3.915472002108646e-61	1.2651967826949004e-62	4.349868271171881e-64	1.5874145525487621e-65
309.02954325135903	0.3333333333333333	0.00004515381325463813	1.4472823639263934e-8	8.521219110954003e-12	8.022107430021919e-15	1.1051014106382864e-17	2.0952992551461265e-20	5.229311174181746e-23	1.660675636463059e-25	6.5346227156657125e-28	3.118503808768261e-30	1.7733706803618602e-32	1.1840151467308194e-34	9.165473145254118e-37	8.137373366007104e-39	8.208139857135426e-41	9.328920089340479e-43	1.1859015561367972e-44	1.6751107546171667e-46	2.6136797246833448e-48	4.48082779638524e-50	8.399558695729489e-52	1.7140605829502806e-53	3.7923369331868786e-55	9.063148863583821e-57	2.3315649731154158e-58	6.436166931748858e-60	1.9007810062065377e-61	5.989130316764359e-63	2.0081846493994304e-64	7.148332999645852e-66
313.32857243155854	0.3333333333333333	0.000043923519402842486	1.3695078459605923e-8	7.843870075713376e-12	7.183669510118434e-15	9.627287155626606e-18	1.7758625108255784e-20	4.312108014682592e-23	1.3324010406901412e-25	5.101542590522353e-28	2.3691176026334082e-30	1.3110832820650906e-32	8.51945888030468e-35	6.419033693758608e-37	5.547501047531718e-39	5.447496045528269e-41	6.027891182085888e-43	7.461213216801216e-45	1.0263088034703526e-46	1.5595864791368304e-48	2.604285447064553e-50	4.755677968061252e-52	9.455006023796797e-54	2.0383455532809156e-55	4.7472519418336954e-57	1.1903134408143325e-58	3.20295914127498e-60	9.222045734266183e-62	2.8332958520476916e-63	9.264621020703589e-65	3.216536092447192e-66
317.6874070649771	0.3333333333333333	0.000042726739806895965	1.2959118856402248e-8	7.220350347844364e-12	6.432838420210316e-15	8.386928835408091e-18	1.5051098548718148e-20	3.555724893641285e-23	1.0689949922148517e-25	3.9826264703542427e-28	1.7997400386538945e-30	9.692566871727779e-33	6.129691605104158e-35	4.495204536182142e-37	3.781532078374537e-39	3.6149104694085736e-41	3.894377329674569e-43	4.693511818539353e-45	6.286778669787304e-47	9.30398343014892e-49	1.513236808449604e-50	2.6917876737439215e-52	5.2137840915353274e-54	1.0951818987471941e-55	2.4855570005501497e-57	6.073973786765729e-59	1.5931310106136195e-60	4.471728617288255e-62	1.3395187860752354e-63	4.271249067005775e-65	1.4462673354887687e-66
322.10687912834345	0.3333333333333333	0.00004156256189838946	1.2262700560595067e-8	6.646383435749562e-12	5.760463282429705e-15	7.306330343236309e-18	1.2756242242382746e-20	2.9319747562339257e-23	8.576442666188721e-26	3.109030907174479e-28	1.3671501347664641e-30	7.165156609573506e-33	4.409992339683512e-35	3.1477135465327597e-37	2.5774872960979433e-39	2.3985453460596367e-41	2.5156534157025703e-43	2.951996632339097e-45	3.8503125763084366e-47	5.5492359284828795e-49	8.790547872895041e-51	1.5231569605120405e-52	2.8741097028602773e-54	5.882150509244816e-56	1.3008515668726595e-57	3.0980396777682892e-59	7.920138129260549e-61	2.167116365923467e-62	6.329079368233088e-64	1.967849974919665e-65	6.49818932285934e-67
326.5878321723358	0.3333333333333333	0.000040430097936600755	1.1603699783261805e-8	6.118032454079586e-12	5.1583486780867766e-15	6.3649212840323215e-18	1.0811180811080062e-20	2.4176087982622998e-23	6.880654680868042e-26	2.4269914256509215e-28	1.0384996521795415e-30	5.2965306868473884e-33	3.1725637539188323e-35	2.2039806532300857e-37	1.7566478251711997e-39	1.5912901544684925e-41	1.6248200332936853e-43	1.8563722095951903e-45	2.3576729851606655e-47	3.3090597631184428e-49	5.105266478983396e-51	8.616423880513088e-53	1.5838575323712193e-54	3.158138951968683e-56	6.805476497200072e-58	1.5794582775989392e-59	3.935503214442313e-61	1.0496709837375408e-62	2.9886368344454186e-64	9.060359636196078e-66	2.917607014076152e-67
331.13112148259114	0.3333333333333333	0.000039328484334144724	1.0980106752408823e-8	5.631673169568173e-12	4.619154936184819e-15	5.544778821434895e-18	9.162614829114021e-21	1.993451723830097e-23	5.520057874082742e-26	1.8945213759813681e-28	7.888249652386525e-31	3.915045175331808e-33	2.28221677415539e-35	1.5430785888085069e-37	1.1971080328864407e-39	1.0556091101598257e-41	1.0493077684031176e-43	1.1672053180226404e-45	1.4434206839431924e-47	1.972811109308265e-49	2.9642644524221935e-51	4.872938856067753e-53	8.725587912828187e-55	1.695021766802248e-56	3.558936425903905e-58	8.048982872491426e-60	1.9546050638939636e-61	5.081521380262551e-63	1.4104332161488891e-64	4.1689016208616584e-66	1.309057661591065e-67
335.7376142429547	0.3333333333333333	0.00003825688100087898	1.0390019596122378e-8	5.183969184647602e-12	4.136308821409569e-15	4.830287077640106e-18	7.765363081158795e-21	1.6436883464882608e-23	4.4284222797155833e-26	1.4788330927019996e-28	5.991554365324341e-31	2.893757158884494e-33	1.641640739104015e-35	1.0802812713817963e-37	8.157244600780974e-40	7.001811619142763e-42	6.77555896044639e-44	7.337771017591652e-46	8.835396176688706e-48	1.1759209613265856e-49	1.720735455818561e-51	2.7551121813106444e-53	4.805541784384226e-55	9.094355140878907e-57	1.8604450881734507e-58	4.1000576412852597e-60	9.70317546417268e-62	2.458721064292293e-63	6.652493975358946e-65	1.9170211190872327e-66	5.869418604509899e-68
340.4081897010009	0.3333333333333333	0.0000372144707055747	9.831638553544841e-9	4.771849089454362e-12	3.703923537794921e-15	4.207840326057756e-18	6.581126612285462e-21	1.3552750626391253e-23	3.552598901302838e-26	1.154323410089432e-28	4.550753760027389e-31	2.13878896691778e-33	1.1807955456117585e-35	7.562319187733336e-38	5.557969012977375e-40	4.6437886983581795e-42	4.374550200023729e-44	4.612298538022848e-46	5.407353986714044e-48	7.007848442625435e-50	9.986479536744186e-52	1.5573092929260122e-53	2.6458321325155675e-55	4.877807853493619e-57	9.7219273224097e-59	2.0876582097703684e-60	4.814704704012433e-62	1.1890632009965663e-63	3.1359904071738437e-65	8.809826522115216e-67	2.6299190072085583e-68
345.1437393358563	0.3333333333333333	0.00003620045845487425	9.303260496133294e-9	4.392485426239913e-12	3.3167270771110307e-15	3.6655843498061806e-18	5.577440845815101e-21	1.1174543528121136e-23	2.849937277090763e-26	9.010001015502155e-29	3.4563088427468943e-31	1.5807196364002135e-33	8.492729578678913e-36	5.293504869615044e-38	3.786624382060385e-40	3.079572141351418e-42	2.824028653509733e-44	2.898735854677371e-46	3.308804612601752e-48	4.1754892510205295e-50	5.79447819021781e-52	8.800361427200815e-54	1.4563226689688518e-55	2.615393890818837e-57	5.078443718543212e-59	1.0625602939030932e-60	2.3879818804702697e-62	5.747591837003101e-64	1.4775045239120384e-65	4.046216147848391e-67	1.1776254523542951e-68
349.94516702835733	0.3333333333333333	0.00003521407088907057	8.80327374259449e-9	4.04327532254768e-12	2.9699980421295206e-15	3.1931910615196172e-18	4.726787168948269e-21	9.213542851707363e-24	2.2862126121301467e-26	7.032527895919844e-29	2.624989135478973e-31	1.1682164649629736e-33	6.107964730385708e-36	3.705122456564405e-38	2.5796022820400124e-40	2.042045231703853e-42	1.822861035299479e-44	1.8215430268058404e-46	2.0243557084492712e-48	2.4874149957755385e-50	3.361415977222709e-52	4.971860196854885e-54	8.01366871799296e-56	1.4018855945092046e-57	2.651889770136746e-59	5.406008257167462e-61	1.1838661366126363e-62	2.7768807805028268e-64	6.957484542814075e-66	1.8572826702907507e-67	5.269821846569543e-69
354.8133892335755	0.3333333333333333	0.00003425455569425561	8.330153151776719e-9	3.721822660887446e-12	2.6595081655118094e-15	2.781662109723745e-18	4.0058397324049866e-21	7.596581472874172e-24	1.8339619853388558e-26	5.48892959335228e-29	1.9935568195421297e-31	8.633240642937354e-34	4.392613538643344e-36	2.5931850716279223e-38	1.7571895985749007e-40	1.3539370974661324e-42	1.1764896494603404e-44	1.1444882268076455e-46	1.238322332505036e-48	1.4815264028290658e-50	1.9495687206651653e-52	2.8082303798407927e-54	4.408456931345403e-56	7.511980187821896e-58	1.3843010677078492e-59	2.749367932401522e-61	5.86663240202644e-63	1.3409846820623498e-64	3.2745406913843323e-66	8.520399728465822e-68	2.356757653852507e-69
359.7493351557423	0.33333333333333326	0.00003332118103039643	7.882455478638944e-9	3.4259216631104086e-12	2.3814708262337436e-15	2.423157746020278e-18	3.39482689662628e-21	6.2633193325523466e-24	1.4711489453427613e-26	4.284041881880578e-29	1.5139663935723174e-31	6.379797505791513e-34	3.158837757925036e-36	1.8148339640452512e-38	1.1968803706988037e-40	8.976165631451504e-43	7.592311730051826e-45	7.189949424915611e-47	7.573794335376428e-49	8.822523515648744e-51	1.1304867942985743e-52	1.5857860169829311e-54	2.4245223192675806e-56	4.024073978117375e-58	7.22369721281489e-60	1.3977389664032287e-61	2.9059910887180913e-63	6.472774846052255e-65	1.5403822757280815e-66	3.9066156825603444e-68	1.0533442951629974e-69
364.75394692560786	0.3333333333333333	0.00003241323497491037	7.458814979212291e-9	3.1535417773318174e-12	2.1324949381813498e-15	2.110847705864546e-18	2.8769898835583112e-21	5.163995597192535e-24	1.180091713939751e-26	3.343565829345082e-29	1.14971638141905e-31	4.714362021655044e-34	2.2714860755610758e-36	1.2700284390282645e-38	8.151733910789898e-41	5.950363878932701e-43	4.8990579653715e-45	4.516317061047718e-47	4.6315669082432236e-49	5.2529165414701323e-51	6.55398343019694e-53	8.952761230728437e-55	1.3330701292142894e-56	2.1550151995420007e-58	3.768304274783232e-60	7.103301766922422e-62	1.4388752036273962e-63	3.1229283645164565e-65	7.242554628263802e-67	1.7902174038516659e-68	4.7050936043337274e-70
369.82817978026617	0.3333333333333333	0.00003153002498132128	7.057939251221661e-9	2.902813764129715e-12	1.9095436507064226e-15	1.8387812728505846e-18	2.4381238446128784e-21	4.257574557653935e-24	9.466029879224476e-27	2.6094947938430587e-29	8.730767456017099e-32	3.4835528411981247e-34	1.6333221058942115e-36	8.887177627785522e-39	5.551588075184858e-41	3.9441872091004924e-43	3.160857918295448e-45	2.8365374941790214e-47	2.8319049750767467e-49	3.127046531270884e-51	3.7989211254006927e-53	5.053269624917299e-55	7.327736268049011e-57	1.153747322174186e-58	1.965139204177289e-60	3.6086045155452265e-62	7.121634210525626e-64	1.5060625998478656e-65	3.403652827996762e-67	8.199374614827745e-69	2.1004610993159935e-70
374.9730022454835	0.3333333333333333	0.00003067087735259055	6.678605297747758e-9	2.67201688692745e-12	1.7098973593033407e-15	1.6017740600092871e-18	2.0661888041451035e-21	3.5102163331842944e-24	7.592995854854949e-27	2.0365432364616648e-29	6.629819127970543e-32	2.5739834686034473e-34	1.1743922008263997e-36	6.218545679654889e-39	3.780535316765369e-41	2.614170146899979e-43	2.0391652183368873e-45	1.7813101903185964e-47	1.7312801039559605e-49	1.8612136456876635e-51	2.201569740381557e-53	2.8516316036327566e-55	4.0269795067976355e-57	6.175187094126293e-59	1.0244835934187023e-60	1.8325967364899226e-62	3.523449330762506e-64	7.26002392396034e-66	1.598799131224593e-67	3.753452689040055e-69	9.371633893096845e-71
380.1893963205612	0.3333333333333333	0.000029835136728726856	6.319655801984068e-9	2.4595671189997277e-12	1.531120576864717e-15	1.3953093585419291e-18	1.7509798448557575e-21	2.8940155085794776e-24	6.0904841797282965e-27	1.589357986062365e-29	5.034296951403343e-32	1.901837513656361e-34	8.443734606116229e-37	4.3509993731422795e-39	2.574299112722807e-41	1.7325010129363446e-43	1.3153946265043157e-45	1.1185074002602273e-47	1.0582676396578254e-49	1.1076128455773182e-51	1.2756277038782426e-53	1.6088746825780792e-55	2.2125058955244123e-57	3.304239902031095e-59	5.339300404482999e-61	9.303509660792756e-63	1.7425782584416196e-64	3.498255812022995e-66	7.506588098679311e-68	1.7173614674492346e-69	4.179035032924679e-71
385.4783576657718	0.3333333333333333	0.000029022165588289738	5.9799956017822606e-9	2.2640062864785944e-12	1.3710322628253553e-15	1.2154521806399812e-18	1.483847518785491e-21	2.385960785083571e-24	4.885218792637074e-27	1.2403406000118021e-29	3.82264695714381e-32	1.4051600321441019e-34	6.070669855839169e-37	3.0441432721625515e-39	1.7528112522707668e-41	1.1480939177290153e-43	8.484320310854565e-46	7.022436014723871e-48	6.4679218176842785e-50	6.590394291445199e-52	7.38987010715145e-54	9.075304046305452e-56	1.2153111797363919e-57	1.7675755441313372e-59	2.7818558471185388e-61	4.721528411418814e-63	8.615022588711282e-65	1.6849534548988623e-66	3.522865533135874e-68	7.853770690512563e-70	1.8625260389562592e-71
390.840895792402	0.3333333333333333	0.000028231343763412153	5.658588353283744e-9	2.083992073123275e-12	1.2276792494772083e-15	1.0587743638011134e-18	1.2574608390255302e-21	1.967076937493333e-24	3.918410533172547e-27	9.679469722901886e-30	2.902539098278809e-32	1.0381576197213898e-34	4.364352222903592e-37	2.1296962610152015e-39	1.1933903226633707e-41	7.607580220544393e-44	5.4718792005581604e-46	4.4084674720314066e-48	3.952542859518192e-50	3.920741560207472e-52	4.2802883652736204e-54	5.118144957978353e-56	6.674075891778027e-58	9.453055709557245e-60	1.4489686479976638e-61	2.3953987623674685e-63	4.257594626665974e-65	8.112437578312077e-67	1.6525667559350202e-68	3.589926298815441e-70	8.296594141595075e-72
396.2780342554394	0.3333333333333333	0.000027462067967976932	5.354453373507438e-9	1.9182888185000568e-12	1.0993124423403725e-15	9.222893138915164e-19	1.0656063702545754e-21	1.621717145453895e-24	3.1428940204559144e-27	7.55359642671587e-30	2.2038437491051164e-32	7.669840414180055e-35	3.137506308962017e-37	1.4898665855765343e-39	8.124597237883049e-42	5.040594718069805e-44	3.528706023717502e-46	2.7671944697323706e-48	2.4150852860894763e-50	2.3321696555149132e-52	2.478760471382082e-54	2.885882356407971e-56	3.6643578039519505e-58	5.054254026761107e-60	7.545023058391342e-62	1.2148870568335687e-63	2.1033898036675554e-65	3.904326414815018e-67	7.748827485227489e-69	1.6401691459061387e-70	3.693804340566371e-72
401.7908108489399	0.33333333333333326	0.000026713751338592216	5.066662652305702e-9	1.7657590466351347e-12	9.843655051611066e-16	8.033951470930642e-19	9.030179223895487e-22	1.3369793571459913e-24	2.5208301697377956e-27	5.894511515652998e-30	1.6732955394345702e-32	5.66624396124336e-35	2.2554413941901436e-37	1.0422090192010949e-39	5.5308754240587705e-42	3.339519787382811e-44	2.2753857972208306e-46	1.736781363809276e-48	1.4754817938180548e-50	1.387039512050471e-52	1.4352359568784846e-54	1.6269022764485526e-56	2.011454103883821e-58	2.701688417366003e-60	3.927737135047717e-62	6.159709583629398e-64	1.0387870130941352e-65	1.8783488479058082e-67	3.63187992927826e-69	7.4901826375332e-71	1.6437273018960208e-72
407.3802778041127	0.33333333333333326	0.000025985822988020197	4.794338024613067e-9	1.6253556671913162e-12	8.814357702849026e-16	6.998251502692062e-19	7.652321878687404e-22	1.1022249556875257e-24	2.021862646793484e-27	4.599746666062928e-30	1.270439326109951e-32	4.185915872522098e-35	1.6212914195872966e-37	7.290219397469693e-40	3.7649510797351214e-42	2.2123514960092085e-44	1.467088189883693e-46	1.0899466893014486e-48	9.013265066903838e-51	8.248137952574167e-53	8.308853817097366e-55	9.169870927143158e-57	1.10390139748064e-58	1.4438080934932195e-60	2.0441252150104908e-62	3.122152534205398e-64	5.128474435547539e-66	9.033286282119118e-68	1.7015701703245883e-69	3.419019800288742e-71	7.310930802117222e-73
413.0475019901613	0.3333333333333333	0.00002527772757072282	4.5366484943980425e-9	1.4961147958126434e-12	7.892671421859479e-16	6.096046182011091e-19	6.484663721525035e-22	9.086818036238788e-25	1.6216386077986164e-27	3.5893207479034365e-30	9.645503640240828e-33	3.092234155254047e-35	1.1653964272960652e-37	5.0992378209464116e-40	2.562706813068771e-42	1.4655240319150293e-44	9.458450928957336e-47	6.839449982270898e-49	5.505271077734758e-51	4.904141282048951e-53	4.809387943997066e-55	5.167565025287822e-57	6.057043116881321e-59	7.714047475449296e-61	1.0635519857471264e-62	1.5820520742245442e-64	2.5310946150886946e-66	4.3426877265841485e-68	7.96884583084755e-70	1.5599868543976687e-71	3.2501819876927867e-73
418.7935651179184	0.3333333333333333	0.00002458892486019709	4.292807702187786e-9	1.3771491445104718e-12	7.067347861509846e-16	5.310132472141415e-19	5.49514468253168e-22	7.491168800008418e-25	1.3006217705317738e-27	2.8008064400539413e-30	7.322946652847638e-33	2.2842374976661745e-35	8.376638840495286e-38	3.56655883137721e-40	1.7442684151522676e-42	9.707363465611653e-45	6.0974381246400365e-47	4.291351250177762e-49	3.3622104120539246e-51	2.9154899525542044e-53	2.7833713445362785e-55	2.911599663227192e-57	3.3227949712464983e-59	4.120560693192087e-61	5.532213607257249e-63	8.014258856736875e-65	1.2487932791260782e-66	2.0869813512044895e-68	3.730545695262752e-70	7.114673158019657e-72	1.4442413000909247e-73
424.6195639463129	0.3333333333333333	0.000023918889337781302	4.062071528470486e-9	1.2676419368591656e-12	6.328314158088446e-16	4.62552370225869e-19	4.656593358822751e-22	6.175663141760229e-25	1.0431400689112598e-27	2.1854787919049798e-30	5.559517225964706e-33	1.6873201527783241e-35	6.020739671326646e-38	2.4944426161464864e-40	1.1871433993315393e-42	6.429540973811193e-45	3.930423375463817e-47	2.6923098090065188e-49	2.0531561950850502e-51	1.733018309989434e-53	1.610596937890686e-55	1.6402208072347066e-57	1.8224731507523918e-59	2.200563907769232e-61	2.876940815070131e-63	4.058681544232849e-65	6.159395951062446e-67	1.0026039831205477e-68	1.745761006974121e-70	3.2434569857197134e-72	6.414662143456295e-74
430.52661049171064	0.3333333333333333	0.000023267109792622367	3.843735825692193e-9	1.166841306355762e-12	5.666550126294526e-16	4.029164101979482e-19	3.945981780304596e-22	5.091127568457948e-25	8.366215456467125e-28	1.705308537590294e-30	4.220644757432956e-33	1.2463540282268116e-35	4.327272888919124e-38	1.7445289210956725e-40	8.07921503565476e-43	4.258236292949295e-45	2.5333590136549405e-47	1.6889437321880798e-49	1.2536355091383327e-51	1.030004804067582e-53	9.318342034779777e-56	9.238465391058945e-58	9.993914136699855e-60	1.1749455750733018e-61	1.4957444476490482e-63	2.0548902101341154e-65	3.0370673653924516e-67	4.814983925771536e-69	8.166514153179023e-71	1.4780355921694814e-72	2.8478330794647567e-74
436.515832240166	0.33333333333333326	0.00002263308893250225	3.637134271954585e-9	1.0740551396000979e-12	5.073978279232434e-16	3.509680091069909e-19	3.343793742627802e-22	4.197017910596786e-25	6.709812900781779e-28	1.3306149474234086e-30	3.204138528347395e-33	9.206050853653381e-36	3.110022354246104e-38	1.2200113668528673e-40	5.498090750070872e-43	2.820014996904334e-45	1.6327531297686324e-47	1.0594136680726148e-49	7.653745482934536e-52	6.120984520079153e-54	5.390488591937127e-56	5.202667717528945e-58	5.479350525336464e-60	6.272056814691006e-62	7.774652896901446e-64	1.0401051646148703e-65	1.497072103922711e-67	2.3116304358935232e-69	3.818845485503766e-71	6.732703599627119e-73	1.2637659760561801e-74
442.58837236262656	0.33333333333333326	0.000022016343005229953	3.4416363398892003e-9	9.88646328992502e-13	4.543365334646512e-16	3.0571635938164785e-19	2.8334894071867086e-22	3.459905397098727e-25	5.381295740100665e-28	1.0382335940380142e-30	2.4323987983852464e-33	6.799761145640218e-36	2.235105025986152e-38	8.531612678086019e-41	3.741381605107713e-43	1.867435850205062e-45	1.0522321599167738e-47	6.644728553593079e-50	4.6723072531538864e-52	3.637061489796349e-54	3.1178622605061103e-56	2.9294285011851566e-58	3.003610500368813e-60	3.347441580120496e-62	4.040213800483966e-64	5.263246938997326e-66	7.377448519287022e-68	1.1094394910906252e-69	1.7851500993644506e-71	3.0656752890424e-73	5.605763140130994e-75
448.7453899331322	0.3333333333333333	0.000021416401430313418	3.2566453745330463e-9	9.10028402445888e-13	4.068234008305286e-16	2.662983256078515e-19	2.4010515023018683e-22	2.852228251226487e-25	4.3157723393328765e-28	8.100861109901097e-31	1.84650092333611e-33	5.022299379426018e-36	1.6062677943072125e-38	5.965961214419688e-41	2.5458339569434826e-43	1.2365546119821153e-45	6.780640807174998e-48	4.1672658894531194e-50	2.85196769031313e-52	2.160870310929991e-54	1.8031281555542544e-56	1.6491951848994702e-58	1.64619477508994e-60	1.78619588016773e-62	2.099084625745382e-64	2.6626919103949586e-66	3.6345274102627835e-68	5.322968819137893e-70	8.341966400753092e-72	1.395400825378875e-73	2.485554316976504e-75
454.98806015004857	0.33333333333333326	0.00002083280644063299	3.0815967743610112e-9	8.376615001869577e-13	3.642784020553608e-16	2.319619973347844e-19	2.0346006930581555e-22	2.3512622549860615e-25	3.461190796006901e-28	6.320637763353642e-31	1.4017022348268932e-33	3.7093728840154894e-36	1.1543139524713697e-38	4.171692019748998e-41	1.7322345341864498e-43	8.187568580571591e-46	4.36916923002989e-48	2.61329513768821e-50	1.7406633606861514e-52	1.283680045195798e-54	1.0426502883679837e-56	9.28314844531474e-59	9.02077532931249e-61	9.52928742208399e-63	1.0903358240417257e-64	1.3467330543504423e-66	1.7900742444636698e-68	2.5531284285513014e-70	3.8968784474014713e-72	6.349097304395035e-74	1.1016320956758408e-75
461.3175745603794	0.3333333333333333	0.000020265112733846096	2.9159562699435367e-9	7.71048671094882e-13	3.261821354116607e-16	2.0205236002591703e-19	1.7240695806772998e-22	1.9382718881384139e-25	2.775799061866165e-28	4.93156083987174e-31	1.0640296217267513e-33	2.739603040587598e-36	8.294998069218833e-39	2.9169369041020987e-41	1.178589121891346e-43	5.4208991200615634e-46	2.8151190826662224e-48	1.6386641570055838e-50	1.0622899626496233e-52	7.624936038543353e-55	6.028296901313597e-57	5.224615218335787e-59	4.942349765070889e-61	5.082872253208539e-63	5.662363734236993e-65	6.809860810116405e-67	8.814109633979064e-69	1.2242302776422558e-70	1.8197997665392403e-72	2.8878132734446207e-74	4.8806649327261074e-76
467.73514128719825	0.3333333333333333	0.000019712887133259455	2.7592182949942807e-9	7.097324632113707e-13	2.9206949016185717e-16	1.7599881146864843e-19	1.460926397490992e-22	1.5978103773610467e-25	2.226107346227938e-28	3.8477055959891415e-31	8.076879616951994e-34	2.0233188392944708e-36	5.960673707701074e-39	2.0395073181248538e-41	8.01858683176379e-44	3.58891434898908e-46	1.8136991438895218e-48	1.0274403828887532e-50	6.48232149237888e-53	4.528644332454933e-55	3.4849451458781734e-57	2.9400232285901763e-59	2.7073968787765792e-61	2.7106752904666406e-63	2.939982550014995e-65	3.4426564822214395e-67	4.338834321176753e-69	5.868518665763486e-71	8.495563495813426e-73	1.3130286344294242e-74	2.161497251728416e-76
474.24198526024475	0.3333333333333333	0.00001917570825791298	2.6109044448528764e-9	6.53291785068341e-13	2.615239731190723e-16	1.533042860463445e-19	1.2379408243984716e-22	1.3171425415372737e-25	1.7852535018608966e-28	3.002018633083012e-31	6.130920102734987e-34	1.4942760319495863e-36	4.2831321956839715e-39	1.4259601165792446e-41	5.455234910742801e-44	2.3759150433084135e-46	1.1684363901535754e-48	6.441535523139479e-51	3.95528989928961e-53	2.6893916461592284e-55	2.0143921668043023e-57	1.654193319874328e-59	1.4828630272583044e-61	1.4453312424055972e-63	1.5261722434083683e-65	1.7400047984949976e-67	2.1352942915482264e-69	2.8123664871085786e-71	3.9648435306557144e-73	5.968030181931594e-75	9.569026597122001e-77
480.8393484497286	0.3333333333333333	0.000018653166201625493	2.4705620177132618e-9	6.013390163322397e-13	2.3417262790752775e-16	1.3353577985357319e-19	1.0489855113232023e-22	1.0857688970615087e-25	1.431691718408106e-28	2.342174237536108e-31	4.653718066155627e-34	1.103538344070812e-36	3.077620206926781e-39	9.969509623181988e-42	3.7111611652614533e-44	1.5728068802655648e-46	7.526914899415597e-49	4.0382125121647494e-51	2.4131670172486457e-53	1.5969632530026077e-55	1.1642339211936592e-57	9.305985900513746e-60	8.120496816501735e-62	7.705146211192805e-64	7.920934204898052e-66	8.792472257194213e-68	1.0505947781579926e-69	1.3473997020347941e-71	1.8498160942358578e-73	2.7117098953899775e-75	4.2346958590358464e-77
487.5284901033862	0.33333333333333326	0.00001814486222076	2.337762634159399e-9	5.535173479700246e-13	2.0968148502666376e-16	1.163160962792354e-19	8.888678591554727e-23	8.950332627554136e-26	1.1481405958524855e-28	1.8273403241683567e-31	3.532377037861046e-34	8.149564165611909e-37	2.2113440820730165e-39	6.969874227364589e-42	2.5245700365008966e-44	1.0411113736774663e-46	4.848437253083097e-49	2.5313767803420758e-51	1.4721727091452878e-53	9.481826455200995e-56	6.727999795420167e-58	5.234566022012626e-60	4.446295842285106e-62	4.106954943316529e-64	4.110224205306446e-66	4.441992448035488e-68	5.1678306355078266e-70	6.453645081239829e-72	8.627857759886172e-74	1.2317269311216006e-75	1.873363245289855e-77
494.3106869868354	0.3333333333333333	0.000017650408430472	2.2121009308078528e-9	5.094983337124925e-13	1.877514872839034e-16	1.0131665489864985e-19	7.53187450714338e-23	7.377992180005595e-26	9.207393067294378e-29	1.4256543667919366e-31	2.6811851659537163e-34	6.018273992136844e-37	1.5888602593022656e-39	4.872605143671657e-42	1.7173024160962247e-44	6.89123216491749e-47	3.1229146369481786e-49	1.5866937790603918e-51	8.98035395716233e-54	5.6291968307687705e-56	3.8876083083326994e-58	2.9440327525706624e-60	2.4341649366760724e-62	2.18870114900198e-64	2.1324213047866156e-66	2.2436404428686366e-68	2.5414378135243153e-70	3.090300598929274e-72	4.023023144519138e-74	5.593042999763334e-76	8.284587852053171e-78
501.1872336272722	0.3333333333333333	0.000017169427509211457	2.09319332408188e-9	4.68979636036853e-13	1.6811484094786573e-16	8.825122674522735e-20	6.38215221051202e-23	6.081833359204249e-26	7.383706951801785e-29	1.1122534925790634e-31	2.035070825990636e-34	4.444269604171251e-37	1.1415724553436047e-39	3.406301047861315e-42	1.1681224578733877e-44	4.561157390231728e-47	2.011373419628011e-49	9.944866922959531e-52	5.477626560076213e-54	3.3416375006427953e-56	2.246110547689793e-58	1.6555782769704468e-60	1.332414030056098e-62	1.166224964528163e-64	1.1061168234774943e-66	1.133025458236925e-68	1.2495437515752223e-70	1.479402146017732e-72	1.87534144974682e-74	2.5389130226719515e-76	3.662458468538337e-78
508.1594425605605	0.3333333333333333	0.0000167015524112544	1.9806768403546394e-9	4.3168295122191214e-13	1.5053174815689895e-16	7.687047665912418e-20	5.407910531669284e-23	5.0133523150378217e-26	5.921182966606071e-29	8.677371055696592e-32	1.5446333374330272e-34	3.2818592517249852e-37	8.201815022768184e-40	2.381171929777958e-42	7.945343443487777e-45	3.0187857662752834e-47	1.2953891087799102e-49	6.232684843073797e-52	3.3408471060511483e-54	1.9834981289326475e-56	1.2975768752875797e-58	9.309006953803355e-61	7.292350882651026e-63	6.2131145905645435e-65	5.736559570827019e-67	5.720570148008798e-69	6.142239322163253e-71	7.080508007934677e-73	8.739558728741254e-75	1.1521705970711635e-76	1.6185684136448368e-78
515.2286445817564	0.3333333333333333	0.000016246426087046834	1.874208008900801e-9	3.9735209925517553e-13	1.3478748076010804e-16	6.695720876897079e-20	4.5823699022035497e-23	4.132562113273439e-26	4.748307899683572e-29	6.769670945881694e-32	1.1723697889680717e-34	2.4234321163060794e-37	5.892579795352071e-40	1.6645037356800766e-42	5.404059786971285e-45	1.9978788223973588e-47	8.342253473016513e-50	3.9059121978736544e-52	2.0374497668226887e-54	1.1772396275171637e-56	7.4953105332611575e-59	5.233653119170255e-61	3.9905858650653147e-63	3.3095529378571205e-65	2.9745860333002274e-67	2.887715616375734e-69	3.0186151756414985e-71	3.3879576154785456e-73	4.0717675874605895e-75	5.2270701894667466e-77	7.150716244735677e-79
522.3961889991198	0.3333333333333333	0.00001580370121114922	1.773461814286657e-9	3.657512654998546e-13	1.2068975992590667e-16	5.832222454506535e-20	3.8828368338387156e-23	3.406497520681473e-26	3.8077263086842266e-29	5.281315161913767e-32	8.898101423976055e-35	1.789506793405632e-37	4.233409517140981e-40	1.1634975000867954e-42	3.675456050072361e-45	1.3221665028583503e-47	5.372083740428276e-50	2.4476068900333865e-52	1.242465222930443e-54	6.986499022215787e-57	4.329142844872755e-59	2.9420890658741723e-61	2.1834740935763962e-63	1.7626414295861606e-65	1.542154980559206e-67	1.4574281481437394e-69	1.4831904584521512e-71	1.6207258227856072e-73	1.8965474082993043e-75	2.370694862917066e-77	3.158142039099162e-79
529.6634438916578	0.3333333333333333	0.00001537303991757542	1.678130705009475e-9	3.3666338206894196e-13	1.0806640957709528e-16	5.08007145225304e-20	3.29008057364908e-23	2.8079822296155495e-26	3.0534381890485593e-29	4.12013907811502e-32	6.75342028714353e-35	1.3213797743585656e-37	3.0413379816105195e-40	8.132670035272051e-43	2.4996912984425237e-45	8.749512218330358e-48	3.4592268955289663e-50	1.5336755114897146e-52	7.576165701460407e-55	4.1458825341814067e-57	2.5001790557771332e-59	1.6537022662264887e-61	1.194546907374194e-63	9.386311852554144e-66	7.993884388146819e-68	7.35427092520585e-70	7.286124652308279e-72	7.751428796034244e-74	8.831501095877203e-76	1.0749094924975472e-77	1.394378962996636e-79
537.0317963702527	0.3333333333333333	0.000014954113542325648	1.587923655367797e-9	3.0988863781026707e-13	9.676325504678803e-17	4.4249114952368573e-20	2.7878048319146544e-23	2.3146124702403474e-26	2.4485512055589406e-29	3.2142308237579823e-32	5.125592407822525e-35	9.75694799231176e-38	2.184886911625915e-40	5.6844469098295025e-43	1.6999885813324527e-45	5.789788954504896e-48	2.227372331826928e-50	9.609452615140004e-53	4.619377208626269e-55	2.4600165350080072e-57	1.443771119780805e-59	9.29417276919116e-62	6.534368424023306e-64	4.997628833141247e-66	4.143028404303752e-68	3.710341642389341e-70	3.578566271592155e-72	3.70644134717494e-74	4.11148055395921e-76	4.872480477611816e-78	6.154607684768399e-80
544.5026528424212	0.33333333333333326	0.00001454660237291851	1.5025652777061886e-9	2.852431066872971e-13	8.664224133671731e-17	3.8542369490163254e-20	2.362200085744791e-23	1.907919037317558e-26	1.963477768896524e-29	2.507481660199462e-32	3.890078684618305e-35	7.204312966235568e-38	1.5695797462662224e-40	3.973113581937415e-43	1.1560870228195874e-45	3.831098564977374e-48	1.4341173401339903e-50	6.020573636833874e-53	2.8163521368954736e-55	1.4595657365154489e-57	8.336518721914162e-60	5.2229676135479e-62	3.5739683142110444e-64	2.6605574480791563e-66	2.146890869499361e-68	1.8715955069420302e-70	1.7572621765319848e-72	1.771895618311784e-74	1.913628215379087e-76	2.2080722177137593e-78	2.7157737151932014e-80
552.0774392807573	0.3333333333333333	0.000014150195404732168	1.421794982331108e-9	2.625574851514207e-13	7.757974803485014e-17	3.357154374458256e-20	2.0015641714753534e-23	1.5726764204038788e-26	1.5744889404486088e-29	1.956113761224825e-32	2.952343555881973e-35	5.319411727284818e-38	1.1275302936172573e-40	2.7769098409081882e-43	7.861770251280099e-46	2.5349307881551296e-48	9.233263519165967e-51	3.7718276523013833e-53	1.7169626690970644e-55	8.659141299761388e-58	4.8131713726140196e-60	2.934798729298208e-62	1.954545751933543e-64	1.4161931047278016e-66	1.1123355003722528e-68	9.439214812164405e-71	8.627426545650149e-73	8.468903457095593e-75	8.904615286915862e-77	1.00037841271307e-78	1.198018783936719e-80
559.7576014951102	0.3333333333333333	0.000013764590103970092	1.3453661825394813e-9	2.4167592984808114e-13	6.946508034538773e-17	2.9241747227456106e-20	1.6959807519638396e-23	1.2963332198563287e-26	1.26255455907745e-29	1.5259707484090465e-32	2.240627943594529e-35	3.9276004357660375e-38	8.099602762445562e-41	1.9408006643542738e-43	5.346085042284809e-46	1.677225863415167e-48	5.944358847949415e-51	2.362877585363569e-53	1.0466606680511854e-55	5.136797386891022e-58	2.7786841379107905e-60	1.6489022287070347e-62	1.0687851303532197e-64	7.537286664751785e-67	5.762316586714743e-69	4.759786189743785e-71	4.234921077098921e-73	4.0469387493067605e-75	4.142605918561123e-77	4.5311252748233515e-79	5.283401668304156e-81
567.5446054085471	0.3333333333333333	0.000013389492177071634	1.2730455423388005e-9	2.2245498768652741e-13	6.219911783021245e-17	2.5470323101747838e-20	1.4370468325659773e-23	1.0685425610280122e-26	1.0124129510709252e-29	1.1904034607855856e-32	1.7004626645399213e-35	2.899905516349385e-38	5.818220005782232e-41	1.3564030290414303e-43	3.635276540743278e-46	1.1096860386268516e-48	3.8267897740052376e-51	1.4801532147389621e-53	6.380032249513326e-56	3.0470345185432705e-58	1.6040183058501638e-60	9.263353680089444e-63	5.8436703255804645e-65	4.0109920941023136e-67	2.984665016345712e-69	2.399764303327439e-71	2.07840793459519e-73	1.9334759803369723e-75	1.9267948634096075e-77	2.0518297771503905e-79	2.3294135372070185e-81
575.439937337157	0.3333333333333333	0.000013024615346392608	1.20461226456735e-9	2.047626109357875e-13	5.569310438280145e-17	2.2185271224558358e-20	1.217641845263876e-23	8.80774954419504e-27	8.118247896847133e-30	9.286202212168541e-33	1.2905032464801843e-35	2.141082710875705e-38	4.1793401739056833e-41	9.47950238080607e-44	2.47186924208279e-46	7.341626237595661e-49	2.4634543927290422e-51	9.271474897485217e-54	3.888772222178387e-56	1.8073010651416468e-58	9.258544837284723e-61	5.203546992670411e-63	3.1947217776108498e-65	2.134195744483448e-67	1.545727280251755e-69	1.2097095988289688e-71	1.0198580063275968e-73	9.235616165012398e-76	8.95990096567604e-78	9.289082117393473e-80	1.0267520737636051e-81
583.4451042737447	0.3333333333333333	0.000012669681131985775	1.1398574172460909e-9	1.8847725059210965e-13	4.986756467692334e-17	1.9323874426363926e-20	1.0317319609953328e-23	7.259991296637081e-27	6.50974659683759e-30	7.243995704814763e-33	9.793679639422416e-36	1.5807976307324568e-38	3.002041589009792e-41	6.62478205724212e-44	1.6807392609690745e-46	4.857003717710165e-49	1.58575214682046e-51	5.807220336382269e-54	2.3701483245112163e-56	1.0718960446560684e-58	5.343679367853498e-61	2.922736862165563e-63	1.7463595598664886e-65	1.1354389365742758e-67	8.004063730255799e-70	6.097149409279949e-72	5.003501715747643e-74	4.410726235465213e-76	4.165615909348614e-78	4.204391423438138e-80	4.524529417339533e-82
591.561634175474	0.3333333333333333	0.000012324418639315738	1.0785832961100248e-9	1.734870217994989e-13	4.4651333874000555e-17	1.6831501839548752e-20	8.742042569571308e-24	5.984189109771324e-27	5.2199109329011725e-30	5.6508584620328554e-33	7.432375080263269e-36	1.1671119766060142e-38	2.1563403980764904e-41	4.629639826671243e-44	1.142779291230819e-46	3.213135532432752e-49	1.0207219647880749e-51	3.637187656941936e-54	1.4444836754292174e-56	6.356889837314205e-59	3.0839209464049726e-61	1.6414967718953714e-63	9.545282879506275e-66	6.040067467714127e-68	4.1440992411583764e-70	3.072610119658282e-72	2.454345799407969e-74	2.1060738726534947e-76	1.9362698229620063e-78	1.902544980090098e-80	1.9933012538188086e-82
599.7910762555094	0.3333333333333333	0.000011988564352747126	1.0206028213769148e-9	1.5968893559880613e-13	3.99806887536255e-17	1.466056646257241e-20	7.407261850139054e-24	4.932562958761419e-27	4.18561628525664e-30	4.40805470573461e-33	5.6403286831257695e-36	8.616727725969384e-39	1.5488515378036324e-41	3.2352857934304835e-44	7.769836639363258e-47	2.1255656040745197e-49	6.5699411706337856e-52	2.2779365743014297e-54	8.80287495919278e-57	3.769704899713835e-59	1.7796401250221626e-61	9.218313643293208e-64	5.216745490685457e-66	3.212695896747841e-68	2.1453255955043748e-70	1.5481914927516956e-72	1.203723357295259e-74	1.0054453089245756e-76	8.998403607210252e-79	8.60737455922965e-81	8.779442194761533e-83
608.1350012787179	0.3333333333333333	0.00001166186193464945	9.657389669154302e-10	1.4698819173544426e-13	3.5798569668153756e-17	1.276961708500196e-20	6.276264817946149e-24	4.065726256859313e-27	3.356240811831563e-30	3.4385545810042115e-33	4.280321685395195e-36	6.361594494895944e-39	1.112485450295329e-41	2.2608315464257435e-44	5.282618627191205e-47	1.4060645144381077e-49	4.228612150900865e-52	1.4265816513879005e-54	5.364285450196027e-57	2.2353290009626176e-59	1.0268999784743136e-61	5.1763672889924925e-64	2.850804054350984e-66	1.7086321921266112e-68	1.1104556452871745e-70	7.799740403953254e-73	5.902672631619812e-75	4.799176159117663e-77	4.1810007116485187e-79	3.893255562342927e-81	3.865966315044245e-83
616.5950018614822	0.3333333333333333	0.000011344062029966123	9.138242200733885e-10	1.3529752767435605e-13	3.205388382961294e-17	1.112254725905274e-20	5.317942496365613e-24	3.351211601131636e-27	2.6911894388400684e-30	2.6822630517953654e-33	3.248207302287407e-36	4.696599536934553e-39	7.990448892691934e-42	1.5798437362894037e-44	3.5914911416390455e-47	9.3008286181422e-50	2.721554589554107e-52	8.933698361779041e-55	3.268702024615646e-57	1.3254023585288036e-59	5.925049416932167e-62	2.9064432170399076e-64	1.557733262622861e-66	9.086151409456806e-69	5.747190506151032e-71	3.928940767666555e-73	2.894033616693063e-75	2.2903418140191663e-77	1.9422824380625748e-79	1.7606132655923146e-81	1.701958629153648e-83
625.1726927756858	0.3333333333333333	0.0000110349220760994	8.647000705200435e-10	1.2453661935616802e-13	2.870088142883889e-17	9.68790623394128e-21	4.505934363779383e-24	2.7622554205957972e-27	2.15790811456905e-30	2.0922973497030217e-33	2.4649409832300252e-36	3.4673300144418036e-39	5.739056681260626e-42	1.1039532799219946e-44	2.441680467294033e-47	6.1521098299794585e-50	1.7515378615978595e-52	5.594304784871242e-55	1.9916614858129945e-57	7.858270094506053e-60	3.418413037031392e-62	1.6317842200432875e-64	8.510947914573402e-67	4.831311313425113e-69	2.974114943068125e-71	1.9788471296208465e-73	1.4187081262415863e-75	1.0928516652184006e-77	9.021194142314988e-80	7.960241064896953e-82	7.491043079084719e-84
633.869711256927	0.3333333333333333	0.000010734206117966708	8.182165265447081e-10	1.1463152958319624e-13	2.569859697485276e-17	8.438298712715783e-21	3.817903647815697e-24	2.2767960675233518e-27	1.7302912686799803e-30	1.632082573881105e-33	1.8705309311799034e-36	2.5597708318230818e-39	4.121948390477641e-42	7.71397347141244e-45	1.6599371923526151e-47	4.0692365474972044e-50	1.1272123529778694e-52	3.503012435362842e-55	1.2134812739928993e-57	4.658861609373606e-60	1.972089638581794e-62	9.160700648690873e-65	4.649678908487364e-67	2.5686501800679655e-69	1.5388952259683263e-71	9.965336547174608e-74	6.953746511302878e-76	5.213763506838044e-78	4.189259487198047e-80	3.5983379813841914e-82	3.296404211820129e-84
642.6877173170197	0.3333333333333333	0.00001044168462808821	7.742316573375556e-10	1.055142002505368e-13	2.301034903783722e-17	7.349861984281177e-21	3.2349232068824962e-24	1.8766478729969328e-27	1.387404630151358e-30	1.2730856574414499e-33	1.4194462872414868e-36	1.8897371768638443e-39	2.9604483075092234e-42	5.39009870899675e-45	1.1284532742370298e-47	2.6914639999256744e-50	7.253976014301296e-53	2.1934031666279028e-55	7.393134315049898e-58	2.7618940504610827e-60	1.1376250065672933e-62	5.1423384177486905e-65	2.53997378727163e-67	1.3655291498432567e-69	7.961792179603393e-72	5.0178323630115485e-74	3.40786693224524e-76	2.4869810223211426e-78	1.9450649716354656e-80	1.6262728164444173e-82	1.450260252024275e-84
651.6283940608427	0.3333333333333333	0.000010157134331568765	7.326111598575656e-10	9.712198493811571e-14	2.060329229133885e-17	6.4018104583087654e-21	2.7409551267492157e-24	1.5468202675147814e-27	1.1124609661945217e-30	9.930474151028859e-34	1.0771318037250256e-36	1.3950709420777937e-39	2.1262068006075152e-42	3.7662285004227303e-45	7.671228120406138e-48	1.7801284907735834e-50	4.668002508098466e-53	1.3733365750349314e-55	4.504044422687078e-58	1.6372283182107993e-60	6.562098702443199e-63	2.8864199463623933e-65	1.387387481027599e-67	7.258622632454004e-70	4.118740255843322e-72	2.5263076310311058e-74	1.6698828167255902e-76	1.1861140307837608e-78	9.029351578999317e-81	7.348568531327148e-83	6.379125326886274e-85
660.693448007596	0.3333333333333333	9.8803380358415e-6	6.93227948967403e-10	8.939721865633865e-14	1.8448016387192577e-17	5.576038915694564e-21	2.3224097336020457e-24	1.2749564922822428e-27	8.919986641882352e-31	7.746032098759707e-34	8.173624182312658e-37	1.0298782595907734e-39	1.527027288787393e-42	2.631529327567519e-45	5.214778795423217e-48	1.1773392135302724e-50	3.0038002480868245e-53	8.598401655760168e-56	2.7438215191301246e-58	9.704813069965509e-61	3.784933933799853e-63	1.620041564302053e-65	7.577563253496176e-68	3.8580319436723986e-70	2.1304484068570741e-72	1.2717555609291045e-74	8.1814548123439e-77	5.656072848923993e-79	4.190892752545166e-81	3.319954385843351e-83	2.805358458480931e-85
669.8846094165264	0.3333333333333333	9.611084465043599e-6	6.559617695858949e-10	8.228682179277903e-14	1.6518186767900898e-17	4.856776906673558e-21	1.967771906176643e-24	1.0508708994622557e-27	7.152229922519845e-31	6.042068285977487e-34	6.202353593424501e-37	7.602743569050512e-40	1.096684106650015e-42	1.838660692173265e-45	3.54484164002145e-48	7.786453347918434e-51	1.9328422999851738e-53	5.38320808449648e-56	1.6714320725766844e-58	5.7522988704948594e-61	2.1829636838899268e-63	9.092041906895517e-66	4.138334611548762e-68	2.0503918934801986e-70	1.1018739692176323e-72	6.401323341288159e-75	4.007908411417187e-77	2.6967446854045498e-79	1.944849269884851e-81	1.4996281387700519e-83	1.233473714655003e-85
679.2036326171844	0.3333333333333333	9.349168098898453e-6	6.206988296757908e-10	7.574193554190185e-14	1.479022303276195e-17	4.230287703926169e-21	1.6672844180975276e-24	8.661675271763137e-28	5.734778255244829e-31	4.712909242515622e-34	4.706461660061445e-37	5.612415150074817e-40	7.8760766463399e-43	1.2846564956927776e-45	2.4096169576628836e-48	5.1495100277430005e-51	1.2436769639633516e-53	3.370138638442896e-56	1.0181267046571492e-58	3.40935859070463e-61	1.2589489155209367e-63	5.102302048032908e-66	2.2598874854214805e-68	1.0896034256837773e-70	5.698339424365685e-73	3.221706247802391e-75	1.963130876669711e-77	1.2855903942269767e-79	9.02394843522476e-82	6.772658280262476e-84	5.4223552154331805e-86
688.652296344276	0.3333333333333333	9.094389015981874e-6	5.873314529479676e-10	6.97175863157585e-14	1.3243010932160474e-17	3.6846060676011456e-21	1.4126796081454766e-24	7.139256752375559e-28	4.5982200279745565e-31	3.6761202777725223e-34	3.5713201195656757e-37	4.143089956986803e-40	5.656295924796224e-43	8.975625124594345e-46	1.6379086292742773e-48	3.405497726864316e-51	8.002117716092308e-54	2.109783918133822e-56	6.201484726329978e-59	2.0206053912128392e-61	7.260120071144784e-64	2.8631307100865983e-66	1.2339970865842494e-68	5.789774030755516e-71	2.946601248736089e-73	1.6212630411924834e-75	9.61449316256808e-78	6.127805594412341e-80	4.1863960313023333e-82	3.0581644634623473e-84	2.38322321919382e-86
698.2324040771713	0.3333333333333333	8.846552741253138e-6	5.557577502232561e-10	6.417237683237281e-14	1.1857644474692133e-17	3.209309819308017e-21	1.196952003821866e-24	5.884407140686063e-28	3.686895933294533e-31	2.8673955920898593e-34	2.709938211910103e-37	3.05839939067803e-40	4.0620782344038626e-43	6.270972054393016e-46	1.1133252913258524e-48	2.2520812541760197e-51	5.148596172191737e-54	1.3207245128793814e-56	3.7772070792279703e-59	1.1974806841982827e-61	4.1865307587814767e-64	1.6065241215889574e-66	6.737650102170492e-69	3.0762197393573878e-71	1.5235342737820482e-73	8.157811653666553e-76	4.708153761331987e-78	2.9204413805901687e-80	1.9418640025748057e-82	1.380672028444505e-84	1.0472787220576655e-86
707.9457843841378	0.3333333333333333	8.60547009773501e-6	5.25881308449925e-10	5.906820176153862e-14	1.06171949991858e-17	2.7953208669003204e-21	1.014165648718434e-24	4.850104256843874e-28	2.9561745626507418e-31	2.2365718428493e-34	2.056299874853683e-37	2.2576645973284437e-40	2.9171487775675293e-43	4.381246615151282e-46	7.567378770522568e-49	1.4892808076225e-51	3.312528566915472e-54	8.267438580076623e-57	2.3005288271675817e-59	7.096337998553784e-62	2.41401647111393e-64	9.013742776437423e-67	3.6784990681004686e-69	1.6343184076348843e-71	7.876658365568752e-74	4.104381881066487e-76	2.305278354567975e-78	1.3916649998686162e-80	9.0060387696464e-83	6.232325199563126e-85	4.601322759896648e-87
717.7942912713618	0.3333333333333333	8.370957062230127e-6	4.976108964286304e-10	5.436998597621847e-14	9.506504392696674e-18	2.4347318835621054e-21	8.592908377138072e-25	3.9975887924301177e-28	2.3702676551469275e-31	1.744518197380207e-34	1.560307001525082e-37	1.6665569565255717e-40	2.0948993790136214e-43	3.0609300595919e-46	5.143516122284951e-49	9.848237195784408e-52	2.1311680458773678e-54	5.175050710420587e-57	1.4010925390470439e-59	4.205129768902231e-62	1.3918815741190349e-64	5.057031443635678e-67	2.0081750991142226e-69	8.6820150021777e-72	4.071850235015806e-74	2.0647950997574652e-76	1.1286153525526429e-78	6.630787598551429e-81	4.1762546759982315e-83	2.8128165394831805e-85	2.0212869990856943e-87
727.779804536824	0.3333333333333333	8.142834624963879e-6	4.708601863475203e-10	5.004544361281336e-14	8.511999930172126e-18	2.1206553340245403e-21	7.280657720775732e-25	3.2949124817026925e-28	1.9004781195789974e-31	1.3607101873611944e-34	1.1839416719498707e-37	1.2302022973786448e-40	1.5043961190171596e-43	2.1384651519490666e-46	3.4959580348767075e-49	6.512234992488514e-52	1.3710817890987755e-54	3.2392430950036284e-57	8.53274353620091e-60	2.491749607496001e-62	8.024927055929839e-65	2.8370008190102547e-67	1.096230967274556e-69	4.611793721277516e-72	2.1047603171671296e-74	1.0386338109000532e-76	5.524839955263842e-79	3.15893866529478e-81	1.9363324288568354e-83	1.2693056456060498e-85	8.87769235978916e-88
737.9042301291009	0.3333333333333333	7.920928653047158e-6	4.45547490278369e-10	4.606485628634547e-14	7.621528475337245e-18	1.8470919670024435e-21	6.168793313523289e-25	2.7157413375400714e-28	1.5237951136063209e-31	1.0613370328416838e-34	8.983535515661732e-38	9.080895119968765e-41	1.0803285124023357e-43	1.4939779937425635e-46	2.376096190948765e-49	4.3061738745242214e-52	8.820576390208986e-55	2.027487415605541e-57	5.196294521203596e-60	1.4764196568216137e-62	4.626550140322682e-65	1.59146573701004e-67	5.983742904359507e-70	2.4495460784954943e-72	1.0878664745393102e-74	5.224026870225625e-77	2.7042441797924596e-79	1.5047500431716345e-81	8.976648569153913e-84	5.726987819692035e-86	3.898530465785068e-88
748.1695005111543	0.3333333333333333	7.705069757655222e-6	4.2159551083018925e-10	4.2400868938021145e-14	6.8242080186203015e-18	1.6088162642731566e-21	5.226717392043482e-25	2.2383691467655353e-28	1.2217674386473994e-31	8.278251493832409e-35	6.816494555992024e-38	6.703114748020061e-41	7.757900690018131e-44	1.0437095500266142e-46	1.6149301818900586e-49	2.847365808692583e-52	5.674385397448805e-55	1.2689919605895159e-57	3.16433510250564e-60	8.747746453044764e-63	2.6671744926444553e-65	8.927088538104626e-68	3.2659907000477734e-70	1.3009740777275664e-72	5.622269227032474e-75	2.627283409829846e-77	1.323505691713653e-79	7.166977171464097e-82	4.160939744884177e-84	2.583587922584436e-86	1.7117185892690458e-88
758.5775750291838	0.3333333333333333	7.495093164821547e-6	3.989311051999168e-10	3.9028301913629565e-14	6.110294739521297e-18	1.4012766603001238e-21	4.428503922185407e-25	1.8449042890111107e-28	9.796001227508142e-32	6.456863344142314e-35	5.172158227750635e-38	4.947896746027538e-41	5.570927147971858e-44	7.291363092728232e-47	1.097578593028289e-49	1.882718713022036e-52	3.650305976278613e-55	7.942295219252195e-58	1.9268826330028196e-60	5.182794784132282e-63	1.5375319525247246e-65	5.00723279215833e-68	1.7824973334108905e-70	6.909073809168416e-73	2.905438996584088e-75	1.3211986346321505e-77	6.476802479962738e-80	3.4131668614701465e-82	1.9284706343606063e-84	1.1653565546459208e-86	7.514432882787878e-89
769.1304402866097	0.3333333333333333	7.290838589748468e-6	3.77485061900565e-10	3.5923977982608006e-14	5.471063970299157e-18	1.2205086280956495e-21	3.752185373676211e-25	1.5205994308112468e-28	7.85429981703163e-32	5.036192446618268e-35	3.924456356036675e-38	3.65225162500881e-41	4.000421627716929e-44	5.093679062438286e-47	7.459502441629139e-50	1.2448537708539e-52	2.3481649087003854e-55	4.970727977406962e-58	1.1733094430911895e-60	3.070533174182508e-63	8.862903253749117e-66	2.8084181543760737e-68	9.72781961125824e-71	3.66893507922976e-73	1.501332600563239e-75	6.6433945858722e-78	3.1692143436439486e-80	1.6252874596743006e-82	8.936768238455614e-85	5.255748841176709e-87	3.2983309452221194e-89
779.8301105232588	0.33333333333333326	7.09215011453899e-6	3.571918894859104e-10	3.3066563110134864e-14	4.898703607524199e-18	1.0630589724929342e-21	3.1791483705382033e-25	1.2532989948372328e-28	6.297447046699122e-32	3.928084707927e-35	2.9777228762337084e-38	2.695857602104095e-41	2.872626831825935e-44	3.5583476973264674e-47	5.069634560427929e-50	8.2308031580479105e-53	1.5104873792704368e-55	3.1108648111642377e-58	7.144219597569523e-61	1.8190557647959308e-63	5.108666630139713e-66	1.5750793902405864e-68	5.30854534655286e-71	1.9481843595590818e-73	7.757254293124598e-76	3.3402099075293504e-78	1.550600264845496e-80	7.738473537326834e-83	4.140904814758184e-85	2.3700207923628483e-87	1.4475319239498261e-89
790.6786279998252	0.3333333333333333	6.8988760692568e-6	3.3798961662730387e-10	3.043641988899451e-14	4.3862186699811456e-18	9.259198858357465e-22	2.693621599036745e-25	1.0329837131385626e-28	5.049170327636091e-32	3.063777598599794e-35	2.2593639920739733e-38	1.9898919907646516e-41	2.062756425126856e-44	2.485760609621725e-47	3.4453727291270294e-50	5.441984639327235e-53	9.716169503036804e-56	1.9468379119561682e-58	4.3499308712586574e-61	1.0776088292621134e-63	2.9445528774127297e-66	8.833248266207081e-69	2.896741004299186e-71	1.0344052387956177e-73	4.007799674404652e-76	1.6792689764699953e-78	7.5858893943254145e-81	3.684123056843966e-83	1.9184861845464924e-85	1.0685946922083295e-87	6.351841525270701e-90
801.6780633876792	0.3333333333333333	6.7108689162238775e-6	3.1981960293281644e-10	2.801547262484162e-14	3.927345837467157e-18	8.064715073717017e-22	2.2822418911280356e-25	8.513952078743833e-29	4.048312304078196e-32	2.3896348901125768e-35	1.7142942080248073e-38	1.4687857739847835e-41	1.4811945369500691e-44	1.7364588494357285e-47	2.3414706974359635e-50	3.598022411589139e-53	6.2497525493682055e-56	1.2183338270107093e-58	2.6484735480835463e-61	6.383511375216701e-64	1.697117534460166e-66	4.953547619726873e-69	1.580587728425829e-71	5.491902094138143e-74	2.0704832808358684e-76	8.441712361912813e-79	3.710843778292246e-81	1.753750818138448e-83	8.887346937178383e-86	4.817466073010777e-88	2.786829372215796e-90
812.8305161640993	0.3333333333333333	6.5279851374678245e-6	3.0262635993166644e-10	2.5787083148477687e-14	3.51647692686818e-18	7.024318899034838e-22	1.9336865505473771e-25	7.017265392693949e-29	3.2458356556337987e-32	1.8638194674651472e-35	1.3007140064590905e-38	1.0841363513405075e-41	1.0635840011393589e-44	1.2130092686482733e-47	1.59123524935025e-50	2.3788228625000364e-53	4.0199494875485032e-56	7.624142205520439e-59	1.612482583240017e-61	3.7813070629146125e-64	9.781056494792278e-67	2.777734647875901e-69	8.623886276795173e-72	2.9155939420886348e-74	1.069562218673837e-76	4.243317985549769e-79	1.8150952607105316e-81	8.347525793983774e-84	4.1165836124656336e-86	2.171553665795612e-88	1.22253674940261e-90
824.1381150130022	0.3333333333333333	6.350085125233163e-6	2.863573816778596e-10	2.373593650237645e-14	3.1485903710007716e-18	6.118134186052086e-22	1.6383618098975766e-25	5.78367130514962e-29	2.602421366448847e-32	1.4536979240953508e-35	9.869056909654485e-39	8.00213633774557e-42	7.637076697215433e-45	8.473411986956407e-48	1.0813676868908042e-50	1.5727230603253992e-53	2.5856436585798325e-56	4.77094236369977e-59	9.817047826167675e-62	2.23979619949691e-64	5.6369138791383034e-67	1.557558090282311e-69	4.705042680226666e-72	1.5477621148269815e-74	5.524714223366546e-77	2.1327811101612298e-79	8.877441224963876e-82	3.972875346234516e-84	1.9065771401416454e-86	9.787463038947644e-89	5.362358458572618e-91
835.603018231248	0.3333333333333333	6.177033075473296e-6	2.709629844562973e-10	2.1847935716474696e-14	2.819189863407054e-18	5.328848500440631e-22	1.3881388503995064e-25	4.766925154767782e-29	2.0865428839709355e-32	1.133816006962238e-35	7.48801901054554e-39	5.906424669360075e-42	5.483758086388609e-45	5.918985184504399e-48	7.348621834079771e-51	1.0397634224104473e-53	1.6630576810497124e-56	2.9854249489233252e-59	5.97659223597312e-62	1.326660296840908e-64	3.248473333533127e-67	8.7332801786561e-70	2.566852322549892e-72	8.215897787040027e-75	2.8535391564870553e-77	1.0718983076831692e-79	4.341490333897382e-82	1.890647328764717e-84	8.82928851634954e-87	4.410814067403302e-89	2.3517635440557306e-91
847.2274141405965	0.33333333333333326	6.008696884242093e-6	2.563961551023572e-10	2.011010495063554e-14	2.5242494197783346e-18	4.641382467081949e-22	1.1761301237545107e-25	3.9289103355685856e-29	1.6729218817325573e-32	8.843193676182993e-36	5.681404894291423e-39	4.359534964591529e-42	3.9375430700165486e-45	4.134576694724145e-48	4.9938109654918085e-51	6.87399415162715e-54	1.0696378715948904e-56	1.8680876668527573e-59	3.6384259869577427e-62	7.857710857927669e-65	1.871974643804534e-67	4.896555961146826e-70	1.400282270760981e-72	4.360940785389669e-75	1.473767248123308e-77	5.386769173847441e-80	2.1230172030401838e-82	8.996542423615769e-85	4.088388351764496e-87	1.987548614857588e-89	1.031280574176114e-91
859.0135215053958	0.3333333333333333	5.844948046906253e-6	2.426124074722099e-10	1.851050033862569e-14	2.260164185025901e-18	4.042601757762022e-22	9.964998237762492e-26	3.23820979703545e-29	1.3412900188504408e-32	6.897216824202419e-36	4.310643715567355e-39	3.2177516483512825e-42	2.827276944555615e-45	2.88808426173374e-48	3.3935336353281245e-51	4.5443976879485266e-54	6.87950667015516e-57	1.1689010523740186e-59	2.2149351083153576e-62	4.653908492135535e-65	1.0787078275800714e-67	2.745268145914541e-70	7.638503690948699e-73	2.3146236360600416e-75	7.611071188850105e-78	2.7068955259159343e-80	1.0380847157810043e-82	4.280567336560428e-85	1.8929313832161823e-87	8.955059458000534e-90	4.521752975500741e-92
870.9635899560805	0.33333333333333326	5.685661560101677e-6	2.2956964662598654e-10	1.703812792131884e-14	2.0237063851711812e-18	3.521066222534833e-22	8.443032945302813e-26	2.6689285815213346e-29	1.0753960674375087e-32	5.3794374218411325e-36	3.270590473539925e-39	2.3749902077191306e-42	2.030053574106274e-45	2.0173618828526144e-48	2.306036851408241e-51	3.004251263039253e-54	4.4245502139675296e-57	7.313881721488189e-60	1.3483304674800296e-62	2.756293809342206e-65	6.215718843544037e-68	1.5390759647350115e-70	4.166578614074206e-73	1.2284465839565998e-75	3.9303863067085385e-78	1.3601406265610405e-80	5.075485953119554e-83	2.0365199775022242e-85	8.763448820580017e-88	4.034336962720382e-90	1.9823715013541057e-92
883.0799004185627	0.3333333333333333	5.530715826359257e-6	2.1722804030942515e-10	1.5682868105506085e-14	1.811985886047583e-18	3.0668113749841857e-22	7.153509574801624e-26	2.199723287009548e-29	8.622097905963146e-33	4.195639130833717e-36	2.481463664557359e-39	1.752944449639069e-42	1.4576151227952584e-45	1.4091364094581963e-48	1.5670199139606332e-51	1.9860451659509413e-54	2.845591155507345e-57	4.5762324948890517e-60	8.20767014698319e-63	1.6323731166499922e-65	3.5814838352728538e-68	8.628137966286272e-71	2.2726367570111765e-73	6.519413381675211e-76	2.0295417765515387e-78	6.833861039292418e-81	2.481355163063008e-83	9.688101405966734e-86	4.056708669656737e-88	1.8173144992106364e-90	8.689861273284807e-93
895.3647655495937	0.33333333333333326	5.379992561327435e-6	2.055498973418843e-10	1.4435406129495664e-14	1.6224148770593651e-18	2.671158059192814e-22	6.060930144489173e-26	1.8130020937666915e-29	6.912835857565318e-33	3.272334775809255e-36	1.8827274284531952e-39	1.2938132455074006e-42	1.0465851124168001e-45	9.842777431001392e-49	1.0648222870667573e-51	1.312910513589866e-54	1.8300697678381737e-57	2.863244689552327e-60	4.996109680404844e-63	9.6671839368678e-66	2.0635697752309426e-68	4.836780019922616e-71	1.2395389831989538e-73	3.459694445553445e-76	1.0479360222328571e-78	3.433359549501594e-81	1.213018964611208e-83	4.6084229396100466e-86	1.8777262059615388e-88	8.185466838267263e-91	3.808829738982531e-93
907.8205301781857	0.3333333333333333	5.2333767035209494e-6	1.9449955253966607e-10	1.3287168057925564e-14	1.452676248615324e-18	2.3265466641892417e-22	5.135217545976798e-26	1.4942653823099472e-29	5.5424063211032035e-33	2.5522058896698674e-36	1.4284492514379891e-39	9.549315004546342e-43	7.514544498942503e-46	6.875081017551644e-49	7.235594948921608e-52	8.679095232367336e-55	1.1769412474338588e-57	1.79142795081564e-60	3.0411151563948714e-63	5.724894847177649e-66	1.1889408972435615e-68	2.7113045171220124e-71	6.760372303754178e-74	1.835881170071609e-76	5.410610292731902e-79	1.7248209550040492e-81	5.929450952116949e-84	2.191949797702436e-86	8.690634139637334e-89	3.686493192565908e-91	1.6692542587906437e-93
920.4495717531712	0.3333333333333333	5.0907563265269475e-6	1.8404325782352032e-10	1.2230261866176064e-14	1.300695276961341e-18	2.0263927202493392e-22	4.35088777804571e-26	1.2315622365656488e-29	4.443644747332597e-33	1.990545493633073e-36	1.0837773676535197e-39	7.0480684008599595e-43	5.395445204350395e-46	4.80212681032034e-49	4.916612803858411e-52	5.7372963648096386e-55	7.568923733583118e-58	1.1208073837194252e-60	1.851070248887486e-63	3.39017705903063e-66	6.849939317230935e-69	1.5197894688014927e-71	3.686903988658733e-74	9.741584209048114e-77	2.79339998876239e-79	8.664452063159367e-82	2.898213988140327e-84	1.0424960986745525e-86	4.021911064772201e-89	1.6601265350648614e-91	7.314875008011899e-94
933.2543007969911	0.3333333333333333	4.952022553601735e-6	1.7414907917806862e-10	1.1257423209715728e-14	1.1646142705265347e-18	1.7649611196207467e-22	3.68634857105762e-26	1.0150424672895339e-29	3.5626994474942476e-33	1.5524834325097047e-36	8.222678154989452e-40	5.201940000470812e-43	3.87390105577611e-46	3.3541709603271863e-49	3.3408160241787985e-52	3.7925716429994116e-55	4.867499260210642e-58	7.01218919837841e-61	1.1266846100246683e-63	2.0075433078726626e-66	3.9463802243907014e-69	8.518677705328122e-72	2.0106401394218094e-74	5.168843622563927e-77	1.4421022220453194e-79	4.3522243599412403e-82	1.4164991480168868e-84	4.957751477195234e-87	1.8611281183925754e-89	7.475286457216773e-92	3.205132902261392e-94
946.2371613657929	0.3333333333333333	4.81706947459303e-6	1.6478679914871986e-10	1.0361965505883393e-14	1.0427698680656155e-18	1.537256559802272e-22	3.123305105155746e-26	8.365873692895382e-30	2.8563929767253263e-33	1.2108221238828054e-36	6.238562271072046e-40	3.8393524105307816e-43	2.7814193138823594e-46	2.3427861388586516e-49	2.2700427956539763e-52	2.5069989516712655e-55	3.1301869994780638e-58	4.386998795013334e-61	6.857590298897119e-64	1.188763529323239e-66	2.2735120266134888e-69	4.774688108609912e-72	1.0964496066471e-74	2.74243630154771e-77	7.444502028160581e-80	2.186025661250423e-82	6.922658255621412e-85	2.3575582906476546e-87	8.611600612983843e-90	3.3656928016908876e-92	1.404239201398871e-94
959.4006315159331	0.3333333333333333	4.685794065124461e-6	1.5592782457855205e-10	9.537733985221212e-15	9.336727112666489e-19	1.338928117231034e-22	2.646256471309276e-26	6.895053757293876e-30	2.2901064575440274e-33	9.443484431056326e-37	4.73318848590944e-40	2.833662329023294e-43	1.997014422537918e-46	1.6363495814835825e-49	1.5424482389998163e-52	1.657175588737734e-55	2.012924547615405e-58	2.744561006381564e-61	4.1737909874743803e-64	7.039054913464129e-67	1.3097309392460942e-69	2.6760998924141527e-72	5.978955210003065e-75	1.454988665345849e-77	3.8428423762233376e-80	1.0979277066707944e-82	3.382991884943683e-85	1.1210071155223416e-87	3.98433874982633e-90	1.5152425514965608e-92	6.151672845664536e-95
972.7472237769651	0.3333333333333333	4.558096107980806e-6	1.4754509930360593e-10	8.779063396732333e-15	8.359892434938341e-19	1.1661861290172017e-22	2.2420690204648362e-26	5.68281204250039e-30	1.836083211125396e-33	7.365170018851538e-37	3.5910479099353686e-40	2.091393552401773e-43	1.4338140018323202e-46	1.142919479828219e-49	1.0480508546643725e-52	1.0954109554536741e-55	1.2944274867473362e-58	1.7169987398568446e-61	2.5402713967623244e-64	4.167944038471451e-67	7.544905113177878e-70	1.499838655617855e-72	3.26020339817746e-75	7.719036876362412e-78	1.9835694450977945e-80	5.514008420053058e-83	1.6531081594802185e-85	5.329953124011203e-88	1.8432928356322706e-90	6.821060913111567e-93	2.6946576508446286e-95
986.2794856312105	0.3333333333333333	4.433878116634026e-6	1.396130215401674e-10	8.080739076529225e-15	7.485254123032709e-19	1.0157297953678887e-22	1.8996148612368475e-26	4.683690938790508e-30	1.4720685994372702e-33	5.744231179485044e-37	2.724499706237229e-40	1.5435512306903689e-43	1.0294408503534408e-46	7.98272901750638e-50	7.121138737634966e-53	7.24069023896779e-56	8.323790926477533e-59	1.074135331270697e-61	1.5460376341926e-64	2.4678477139354732e-67	4.3462299114988123e-70	8.405665045277654e-73	1.777654376381482e-75	4.0949404530290623e-78	1.0238132845996534e-80	2.7690892931309487e-83	8.077455521190276e-86	2.53401000682991e-88	8.527054411640038e-91	3.0703281436425286e-93	1.1802480767109538e-95
1000.	0.3333333333333333	4.313045260851894e-6	1.3210736571192216e-10	7.437961112436287e-15	6.702120766228268e-19	8.846841200423512e-23	1.609465558853045e-26	3.860223837635949e-30	1.1802194478294197e-33	4.480017455161796e-37	2.0670479324000137e-40	1.1392105863713346e-43	7.391065076718967e-47	5.575495231956422e-50	4.838513944943705e-53	4.786051260962706e-56	5.352516197584533e-59	6.719549897879145e-62	9.409158466274957e-65	1.4611812269238873e-67	2.5035667399458314e-70	4.710698707570111e-73	9.692451635491326e-76	2.1722687097348555e-78	5.284126423055157e-81	1.3905384368025579e-83	3.946586225800539e-86	1.2046585886755101e-88	3.944311839855742e-91	1.381916295235018e-93	5.168963027184456e-96