# List of equations of state. First line is x=ma/T, with m the neutrino mass, a the scale factor and T=1.7x10^{-4}eV the neutrino temperature at the present time. The other lines correspond to w_{n} with n=0-30. Here x extends out to x=100. At x>100 one can use the nonrelativistic power-law scaling w_{n} \sim x^{-2n}.  

0.001	0.33333333333333326	0.33333328508525456	0.33333323683737354	0.3333331885896856	0.3333331403421871	0.33333309209487394	0.33333304384774254	0.33333299560078955	0.33333294735401187	0.3333328991074064	0.3333328508609703	0.3333328026147009	0.3333327543685957	0.33333270612265237	0.3333326578768686	0.3333326096312423	0.3333325613857716	0.33333251314045437	0.3333324648952891	0.3333324166502739	0.33333236840540736	0.3333323201606879	0.33333227191611425	0.3333322236716848	0.3333321754273987	0.33333212718325456	0.33333207893925115	0.33333203069538764	0.33333198245166273	0.333331934208076	0.33333188596462604
0.0010232929922807542	0.33333333333333326	0.33333328281139774	0.3333332322896785	0.3333331817681707	0.33333313124686964	0.33333308072577106	0.33333303020487093	0.3333329796841653	0.3333329291636508	0.33333287864332384	0.3333328281231812	0.3333327776032201	0.33333272708343775	0.3333326765638313	0.3333326260443985	0.3333325755251369	0.3333325250060442	0.3333324744871186	0.33333242396835794	0.3333323734497605	0.33333232293132453	0.33333227241304847	0.33333222189493067	0.3333321713769699	0.3333321208591647	0.3333320703415137	0.33333201982401583	0.33333196930667	0.333331918789475	0.33333186827242994	0.3333318177555339
0.0010471285480508996	0.3333333333333333	0.3333332804303779	0.33333322752765915	0.33333317462517165	0.3333331217229101	0.3333330688208697	0.33333301591904574	0.333332963017434	0.3333329101160302	0.33333285721483097	0.3333328043138323	0.3333327514130313	0.33333269851242453	0.33333264561200926	0.3333325927117827	0.3333325398117421	0.33333248691188533	0.33333243401220997	0.333332381112714	0.3333323282133955	0.3333322753142523	0.3333322224152829	0.3333321695164856	0.3333321166178588	0.333332063719401	0.33333201082111097	0.3333319579229876	0.3333319050250292	0.333331852127235	0.3333317992296038	0.3333317463321347
0.0010715193052376066	0.3333333333333333	0.3333332779371444	0.33333322254121456	0.33333316714553773	0.3333331117501078	0.3333330563549192	0.33333300095996676	0.3333329455652455	0.3333328901707511	0.3333328347764791	0.3333327793824257	0.33333272398858715	0.3333326685949601	0.33333261320154106	0.33333255780832727	0.33333250241531587	0.3333324470225039	0.33333239162988926	0.33333233623746966	0.3333322808452426	0.3333322254532063	0.33333217006135873	0.3333321146696982	0.33333205927822307	0.33333200388693174	0.3333319484958227	0.3333318931048948	0.3333318377141463	0.3333317823235765	0.333331726933184	0.3333316715429677
0.0010964781961431851	0.3333333333333333	0.33333327532640894	0.3333332173197685	0.3333331593134044	0.33333310130731003	0.33333304330147917	0.3333329852959059	0.3333329272905846	0.33333286928551026	0.33333281128067827	0.33333275327608425	0.3333326952717238	0.3333326372675933	0.3333325792636892	0.3333325212600081	0.3333324632565468	0.33333240525330254	0.3333323472502727	0.3333322892474545	0.33333223124484584	0.33333217324244435	0.3333321152402481	0.33333205723825515	0.3333319992364636	0.3333319412348719	0.33333188323347845	0.3333318252322819	0.33333176723128066	0.3333317092304737	0.33333165122985964	0.3333315932294375
0.0011220184543019637	0.3333333333333333	0.3333332725926342	0.3333332118522456	0.3333331511121593	0.3333330903723676	0.33333302963286343	0.33333296889364	0.3333329081546914	0.33333284741601177	0.33333278667759597	0.33333272593943897	0.33333266520153615	0.3333326044638834	0.3333325437264767	0.33333248298931234	0.3333324222523871	0.3333323615156977	0.33333230077924103	0.3333322400430147	0.3333321793070158	0.33333211857124223	0.33333205783569164	0.3333319971003621	0.3333319363652515	0.33333187563035815	0.3333318148956806	0.3333317541612171	0.3333316934269661	0.3333316326929264	0.3333315719590967	0.33333151122547583
0.0011481536214968829	0.3333333333333333	0.3333332697300211	0.333333206127049	0.3333331425244071	0.3333330789220869	0.33333301532008053	0.3333329517183804	0.3333328881169796	0.33333282451587176	0.33333276091505104	0.33333269731451176	0.33333263371424915	0.3333325701142582	0.33333250651453494	0.333332442915075	0.33333237931587484	0.333332315716931	0.33333225211824014	0.3333321885197996	0.33333212492160635	0.33333206132365795	0.33333199772595185	0.33333193412848616	0.3333318705312585	0.33333180693426734	0.3333317433375105	0.3333316797409866	0.33333161614469414	0.3333315525486315	0.3333314889527976	0.33333142535719096
0.0011748975549395293	0.33333333333333326	0.33333326673249797	0.3333332001320347	0.3333331335319326	0.3333330669321819	0.33333300033277347	0.3333329337336988	0.3333328671349503	0.3333328005365207	0.33333273393840357	0.3333326673405927	0.3333326007430825	0.33333253414586794	0.3333324675489441	0.33333240095230654	0.3333323343559512	0.3333322677598747	0.333332201164073	0.33333213456854316	0.3333320679732823	0.33333200137828745	0.3333319347835562	0.3333318681890862	0.33333180159487524	0.3333317350009213	0.3333316684072225	0.33333160181377725	0.3333315352205837	0.33333146862764046	0.33333140203494616	0.3333313354424996
0.0012022644346174128	0.3333333333333333	0.3333332635937068	0.33333319385448745	0.33333312411566274	0.3333330543772218	0.33333298463915406	0.33333291490145034	0.3333328451641018	0.3333327754271004	0.33333270569043905	0.3333326359541107	0.33333256621810936	0.3333324964824293	0.3333324267470653	0.3333323570120126	0.3333322872772665	0.3333322175428233	0.3333321478086789	0.33333207807483	0.3333320083412733	0.3333319386080059	0.33333186887502525	0.33333179914232863	0.3333317294099138	0.33333165967777867	0.33333158994592116	0.33333152021433954	0.3333314504830319	0.33333138075199703	0.33333131102123315	0.3333312412907391
0.0012302687708123814	0.3333333333333333	0.33333326030698995	0.33333318728109196	0.33333311425562534	0.3333330412305775	0.333332968205937	0.3333328951816929	0.3333328221578356	0.3333327491343564	0.33333267611124673	0.3333326030884996	0.33333253006610797	0.33333245704406556	0.33333238402236653	0.3333323110010058	0.33333223797997846	0.3333321649592801	0.33333209193890667	0.33333201891885444	0.3333319458991199	0.3333318728796999	0.3333317998605917	0.33333172684179246	0.3333316538233	0.3333315808051116	0.3333315077872256	0.33333143476963994	0.3333313617523528	0.33333128873536255	0.3333312157186676	0.3333311427022668
0.0012589254117941673	0.3333333333333333	0.33333325686537596	0.3333331803979055	0.3333331039309067	0.333333027464365	0.3333329509982673	0.33333287453260163	0.33333279806735716	0.3333327216025241	0.33333264513809313	0.33333256867405636	0.3333324922104059	0.333332415747135	0.3333323392842376	0.3333322628217077	0.33333218635954	0.33333210989773	0.33333203343627327	0.33333195697516554	0.33333188051440354	0.3333318040539834	0.33333172759390245	0.33333165113415775	0.3333315746747467	0.3333314982156668	0.33333142175691616	0.3333313452984924	0.33333126884039405	0.333331192382619	0.33333111592516596	0.33333103946803333
0.0012882495516931339	0.3333333333333333	0.3333332532615644	0.3333331731903286	0.3333330931196078	0.3333330130493859	0.33333293297964806	0.33333285291038106	0.33333277284157253	0.3333326927732115	0.33333261270528797	0.33333253263779294	0.33333245257071803	0.33333237250405556	0.333332292437799	0.33333221237194177	0.33333213230647846	0.33333205224140383	0.333331972176713	0.333331892112402	0.33333181204846674	0.3333317319849035	0.33333165192170927	0.3333315718588809	0.33333149179641575	0.33333141173431136	0.33333133167256535	0.3333312516111755	0.33333117155014014	0.33333109148945717	0.33333101142912525	0.33333093136914277
0.001318256738556407	0.3333333333333333	0.3333332494879119	0.33333316564307347	0.3333330817987977	0.3333329979550663	0.33333291411186267	0.3333328302691718	0.3333327464269801	0.33333266258527516	0.3333325787440461	0.3333324949032828	0.3333324110629762	0.3333323272231179	0.33333224338370065	0.33333215954471757	0.33333207570616263	0.3333319918680301	0.33333190803031504	0.3333318241930129	0.33333174035611945	0.3333316565196309	0.33333157268354396	0.33333148884785524	0.3333314050125619	0.33333132117766134	0.3333312373431514	0.3333311535090296	0.333331069675294	0.3333309858419429	0.3333309020089742	0.33333081817638677
0.0013489628825916536	0.3333333333333333	0.33333324553641375	0.33333315774013195	0.3333330699444647	0.33333298214939144	0.3333328943548934	0.3333328065609537	0.33333271876755727	0.33333263097469046	0.33333254318234107	0.333332455390498	0.3333323675991512	0.33333227980829194	0.33333219201791187	0.33333210422800363	0.3333320164385609	0.33333192864957745	0.333331840861048	0.33333175307296764	0.33333166528533187	0.333331577498137	0.3333314897113789	0.3333314019250545	0.33333131413916084	0.33333122635369516	0.33333113856865487	0.33333105078403774	0.3333309629998418	0.33333087521606486	0.3333307874327054	0.3333306996497617
0.0013803842646028849	0.3333333333333333	0.33333324139868864	0.33333314946474146	0.33333305753146564	0.3333329655988376	0.33333287366683656	0.33333278173544345	0.3333326898046415	0.3333325978744155	0.3333325059447522	0.33333241401563934	0.3333323220870658	0.33333223015902225	0.33333213823149943	0.33333204630448954	0.3333319543779857	0.3333318624519814	0.3333317705264708	0.3333316786014488	0.33333158667691065	0.33333149475285234	0.33333140282926965	0.3333313109061593	0.33333121898351814	0.33333112706134327	0.3333310351396324	0.33333094321838275	0.3333308512975924	0.33333075937725914	0.3333306674573814	0.33333057553795736
0.0014125375446227546	0.3333333333333333	0.3333332370659602	0.33333314079934984	0.3333330445334725	0.3333329482683018	0.333332852003814	0.33333275573998833	0.33333265947680585	0.3333325632142498	0.3333324669523054	0.33333237069095933	0.3333322744301995	0.33333217817001554	0.3333320819103979	0.3333319856513378	0.33333188939282793	0.3333317931348613	0.3333316968774318	0.33333160062053396	0.33333150436416287	0.33333140810831385	0.33333131185298304	0.33333121559816703	0.33333111934386217	0.3333310230900657	0.3333309268367748	0.33333083058398716	0.33333073433170046	0.3333306380799126	0.3333305418286219	0.33333044557782643
0.0014454397707459278	0.33333333333333326	0.3333332325290381	0.333333131725577	0.3333330309229163	0.33333293012102616	0.33333282931988006	0.33333272851945445	0.33333262771972877	0.33333252692068444	0.33333242612230485	0.33333232532457563	0.33333222452748384	0.3333321237310177	0.33333202293516734	0.3333319221399232	0.33333182134527733	0.3333317205512224	0.33333161975775205	0.33333151896486024	0.33333141817254186	0.33333131738079236	0.3333312165896072	0.333331115798983	0.33333101500891593	0.33333091421940325	0.33333081343044213	0.33333071264202996	0.33333061185416424	0.3333305110668432	0.33333041028006466	0.3333303094938269
0.0014791083881682077	0.3333333333333333	0.3333332277782994	0.3333331222241773	0.3333330166709292	0.3333329111185211	0.3333328055669236	0.33333270001611026	0.33333259446605834	0.33333248891674705	0.3333323833681586	0.3333322778202771	0.3333321722730883	0.3333320667265796	0.3333319611807404	0.3333318556355605	0.33333175009103133	0.33333164454714515	0.33333153900389506	0.33333143346127486	0.3333313279192792	0.33333122237790325	0.33333111683714234	0.33333101129699266	0.3333309057574508	0.3333308002185134	0.3333306946801776	0.33333058914244096	0.33333048360530076	0.3333303780687552	0.3333302725328021	0.33333016699743956
0.0015135612484362083	0.3333333333333333	0.3333332228036671	0.3333331122749979	0.3333330017472826	0.3333328912204832	0.3333327806945665	0.3333326701695031	0.3333325596452678	0.33333244912183807	0.333332338599194	0.3333322280773182	0.33333211755619546	0.3333320070358121	0.33333189651615663	0.33333178599721835	0.3333316754789878	0.33333156496145716	0.33333145444461904	0.33333134392846675	0.33333123341299475	0.33333112289819794	0.3333310123840717	0.33333090187061193	0.33333079135781507	0.33333068084567763	0.33333057033419666	0.33333045982336973	0.33333034931319405	0.3333302388036675	0.3333301282947882	0.3333300177865539
0.0015488166189124811	0.3333333333333333	0.33333321759459	0.33333310185693643	0.33333298612032386	0.3333328703847097	0.33333275465005674	0.3333326389163324	0.3333325231835086	0.33333240745156045	0.33333229172046636	0.3333321759902075	0.3333320602607671	0.3333319445321309	0.333331828804286	0.3333317130772213	0.3333315973509269	0.3333314816253941	0.3333313659006154	0.3333312501765839	0.3333311344532937	0.33333101873073934	0.3333309030089161	0.3333307872878199	0.33333067156744667	0.33333055584779325	0.33333044012885654	0.33333032441063365	0.3333302086931219	0.33333009297631927	0.3333299772602235	0.33332986154483274
0.0015848931924611134	0.3333333333333333	0.3333332121400189	0.3333330909478957	0.3333329697569085	0.3333328485670092	0.33333272737815645	0.33333260619031424	0.33333248500345103	0.33333236381753995	0.33333224263255723	0.3333321214484824	0.33333200026529747	0.3333318790829869	0.33333175790153713	0.3333316367209362	0.3333315155411736	0.3333313943622402	0.3333312731841282	0.3333311520068303	0.3333310308303403	0.33333090965465273	0.3333307884797627	0.3333306673056655	0.33333054613235746	0.333330424959835	0.33333030378809514	0.3333301826171347	0.3333300614469511	0.3333299402775423	0.33332981910890563	0.33332969794103934
0.0016218100973589297	0.3333333333333333	0.3333332064283844	0.33333307952473734	0.33333295262232965	0.33333282572110756	0.33333269882102484	0.33333257192204124	0.3333324450241223	0.3333323181272384	0.3333321912313637	0.33333206433647583	0.3333319374425556	0.33333181054958627	0.3333316836575535	0.3333315567664444	0.333331429876248	0.3333313029869547	0.33333117609855634	0.33333104921104506	0.33333092232441464	0.3333307954386593	0.3333306685537739	0.33333054166975407	0.33333041478659536	0.33333028790429464	0.3333301610228482	0.3333300341422534	0.33332990726250733	0.33332978038360744	0.33332965350555155	0.3333295266283376
0.0016595869074375604	0.3333333333333333	0.33333320044757175	0.3333330675632328	0.333332934680246	0.33333280179855085	0.3333326689180957	0.3333325360388362	0.3333324031607344	0.33333227028375767	0.3333321374078781	0.3333320045330713	0.33333187165931694	0.3333317387865967	0.3333316059148955	0.33333147304419986	0.33333134017449817	0.33333120730578025	0.33333107443803733	0.33333094157126175	0.3333308087054467	0.33333067584058634	0.3333305429766752	0.33333041011370895	0.33333027725168285	0.3333301443905937	0.33333001153043773	0.333329878671212	0.3333297458129138	0.3333296129555404	0.33332948009908947	0.33332934724355856
0.0016982436524617442	0.3333333333333333	0.33333319418489504	0.33333305503801136	0.3333329158926023	0.33333277674860057	0.3333326376059482	0.3333324984645965	0.3333323593245033	0.33333222018563313	0.33333208104795575	0.333331941911445	0.33333180277607855	0.3333316636418374	0.3333315245087052	0.33333138537666784	0.3333312462457131	0.33333110711583025	0.33333096798701045	0.33333082885924536	0.33333068973252805	0.33333055060685246	0.333330411482213	0.3333302723586051	0.3333301332360241	0.3333299941144664	0.3333298549939282	0.33332971587440663	0.33332957675589847	0.3333294376384011	0.3333292985219121	0.333329159406429
0.0017378008287493754	0.33333333333333326	0.3333331876270709	0.3333330419225069	0.3333328962195513	0.33333275051812844	0.33333260481817395	0.3333324591196339	0.33333231342246217	0.3333321677266202	0.3333320220320748	0.33333187633879807	0.3333317306467662	0.3333315849559587	0.33333143926635844	0.3333312935779506	0.33333114789072216	0.33333100220466205	0.3333308565197609	0.33333071083601035	0.3333305651534032	0.3333304194719329	0.3333302737915941	0.3333301281123815	0.33332998243429063	0.3333298367573178	0.33332969108145893	0.33332954540671106	0.33332939973307096	0.33332925406053565	0.33332910838910257	0.33332896271876933
0.001778279410038923	0.3333333333333333	0.3333331807601897	0.3333330281889015	0.3333328756193672	0.33333272305150197	0.33333257048523457	0.3333324179205053	0.3333322653572637	0.3333321127954676	0.33333196023508127	0.33333180767607484	0.3333316551184227	0.3333315025621033	0.33333135000709846	0.33333119745339235	0.33333104490097154	0.3333308923498247	0.33333073979994177	0.33333058725131426	0.33333043470393464	0.3333302821577963	0.3333301296128933	0.33332997706922063	0.33332982452677357	0.33332967198554797	0.3333295194455399	0.333329366906746	0.333329214369163	0.3333290618327879	0.3333289092976178	0.33332875676365015
0.0018197008586099837	0.3333333333333333	0.33333317356968634	0.333333013808066	0.33333285404835794	0.3333326942904674	0.3333325345343152	0.3333323747798355	0.3333322150269733	0.33333205527568266	0.333331895525925	0.33333173577766834	0.33333157603088537	0.33333141628555335	0.33333125654165285	0.3333310967991676	0.3333309370580835	0.3333307773183886	0.33333061758007276	0.333330457843127	0.33333029810754344	0.33333013837331527	0.33332997864043656	0.3333298189089019	0.3333296591787065	0.3333294994498459	0.33332933972231615	0.33332917999611367	0.3333290202712349	0.33332886054767663	0.33332870082543586	0.3333285411045099
0.0018620871366628676	0.3333333333333333	0.3333331660403095	0.33333299874949895	0.33333283146077314	0.3333326641740262	0.3333324968891702	0.3333323296061329	0.3333321623248541	0.3333319950452841	0.33333182776738135	0.3333316604911115	0.33333149321644573	0.3333313259433597	0.3333311586718335	0.33333099140184946	0.33333082413339354	0.3333306568664529	0.3333304896010171	0.3333303223370768	0.33333015507462416	0.3333299878136517	0.3333298205541536	0.3333296532961242	0.33332948603955825	0.3333293187844512	0.333329151530799	0.3333289842785978	0.33332881702784356	0.33332864977853344	0.33332848253066366	0.3333283152842314
0.0019054607179632475	0.3333333333333333	0.3333331581560887	0.3333329829812611	0.3333328078087059	0.3333326326383048	0.33333245746996065	0.33333228230359413	0.33333210713913947	0.3333319319765429	0.33333175681575977	0.33333158165675353	0.33333140649949355	0.3333312313439543	0.3333310561901147	0.3333308810379566	0.33333070588746483	0.33333053073862673	0.333330355591431	0.33333018044586815	0.33333000530193	0.33332983015960915	0.33332965501889905	0.3333294798797939	0.3333293047422884	0.3333291296063778	0.33332895447205746	0.3333287793393234	0.3333286042081717	0.33332842907859855	0.3333282539506005	0.33332807882417415
0.0019498445997580456	0.3333333333333333	0.33333314990030133	0.3333329664699084	0.333332783041992	0.3333325996164205	0.3333324161930863	0.33333223277190205	0.3333320493527968	0.33333186593571223	0.3333316825206007	0.33333149910742277	0.33333131569614655	0.33333113228674494	0.3333309488791958	0.3333307654734805	0.33333058206958305	0.3333303986674902	0.33333021526719087	0.33333003186867466	0.3333298484719331	0.33332966507695866	0.33332948168374454	0.3333292982922845	0.3333291149025731	0.33332893151460513	0.3333287481283761	0.3333285647438811	0.3333283813611163	0.33332819798007746	0.3333280146007608	0.3333278312231626
0.00199526231496888	0.3333333333333333	0.3333331412554362	0.33333294918042045	0.33333275710810345	0.33333256503833836	0.3333323729710066	0.3333321809060127	0.33333198884327936	0.3333317967827437	0.333331604724355	0.33333141266807137	0.3333312206138588	0.3333310285616893	0.3333308365115393	0.33333064446338956	0.3333304524172237	0.33333026037302793	0.3333300683307904	0.33332987629050076	0.3333296842521501	0.33332949221573055	0.33332930018123474	0.33332910814865657	0.3333289161179898	0.3333287240892292	0.33332853206236973	0.3333283400374064	0.33332814801433464	0.33332795599314996	0.3333277639738483	0.3333275719564255
0.0020417379446695297	0.3333333333333333	0.33333313220315763	0.33333293107612716	0.33333272995203705	0.3333325288307242	0.3333323277120577	0.33333212659593325	0.3333319254822671	0.33333172437099146	0.3333315232620525	0.3333313221554057	0.3333311210510149	0.33333091994885133	0.3333307188488901	0.33333051775111133	0.3333303166554981	0.3333301155620358	0.3333299144707124	0.33332971338151707	0.3333295122944408	0.33332931120947473	0.3333291101266116	0.3333289090458448	0.3333287079671676	0.3333285068905746	0.33332830581606004	0.3333281047436187	0.33332790367324555	0.3333277026049357	0.3333275015386846	0.3333273004744876
0.0020892961308540394	0.3333333333333333	0.33333312272426485	0.3333329121186293	0.3333327015161972	0.3333324909167871	0.333332280320255	0.3333320697264871	0.33333185913539276	0.33333164854689934	0.3333314379609493	0.33333122737749554	0.33333101679650057	0.33333080621793365	0.3333305956417692	0.33333038506798673	0.33333017449656827	0.333329963927499	0.3333297533607663	0.33332954279635907	0.33332933223426736	0.3333291216744825	0.3333289111169966	0.33332870056180214	0.33332849000889264	0.3333282794582617	0.3333280689099033	0.3333278583638115	0.33332764781998114	0.33332743727840664	0.3333272267390828	0.3333270162020046
0.0021379620895022318	0.3333333333333333	0.33333311279865296	0.33333289226771945	0.33333267174027514	0.3333324512161188	0.33333223069509255	0.33333201017707215	0.3333317896619597	0.3333315691496776	0.33333134864016445	0.33333112813337085	0.3333309076292572	0.3333306871277917	0.33333046662894766	0.33333024613270346	0.3333300256390409	0.33332980514794464	0.333329584659401	0.33332936417339887	0.33332914368992766	0.33332892320897795	0.3333287027305417	0.3333284822546108	0.333328261781178	0.33332804131023647	0.3333278208417796	0.33332760037580106	0.33332737991229466	0.33332715945125463	0.33332693899267496	0.33332671853655016
0.0021877616239495525	0.3333333333333333	0.33333310240526964	0.3333328714812943	0.33333264056111955	0.3333324096445219	0.3333321787313282	0.3333319478214034	0.3333317169146419	0.3333314860109611	0.3333312551102955	0.3333310242125934	0.3333307933178133	0.33333056242592146	0.33333033153689107	0.3333301006506993	0.33332986976732704	0.3333296388867584	0.3333294080089795	0.33332917713397825	0.3333289462617435	0.33332871539226544	0.3333284845255352	0.33332825366154406	0.33332802280028423	0.3333277919417483	0.33332756108592876	0.3333273302328188	0.33332709938241145	0.3333268685347003	0.3333266376896787	0.33332640684734016
0.0022387211385683395	0.3333333333333333	0.33333309152206986	0.33333284971526717	0.33333260791260333	0.33333236611383127	0.3333321243187608	0.3333318825272458	0.33333164073917254	0.33333139895445263	0.3333311571730172	0.33333091539481174	0.33333067361979274	0.33333043184792566	0.33333019007918174	0.3333299483135378	0.33332970655097416	0.3333294647914738	0.33332922303502255	0.33332898128160715	0.3333287395312162	0.3333284977838392	0.33332825603946625	0.3333280142980882	0.33332777255969637	0.3333275308242825	0.3333272890918385	0.3333270473623565	0.333326805635829	0.3333265639122486	0.33332632219160785	0.33332608047389967
0.002290867652767773	0.3333333333333333	0.3333330801259702	0.33333282692347366	0.33333257372548386	0.3333323205317278	0.3333320673419976	0.33333181415613433	0.3333315609740164	0.33333130779554987	0.3333310546206616	0.3333308014492948	0.33333054828140385	0.33333029511695267	0.33333004195591187	0.3333297887982568	0.3333295356439673	0.3333292824930255	0.33332902934541625	0.33332877620112594	0.33332852306014193	0.33332826992245307	0.3333280167880486	0.33332776365691863	0.3333275105290533	0.3333272574044437	0.3333270042830807	0.33332675116495575	0.3333264980500602	0.3333262449383859	0.3333259918299243	0.3333257387246676
0.002344228815319922	0.3333333333333333	0.3333330681927994	0.333332803057574	0.3333325379272556	0.3333322728015429	0.3333320076802081	0.3333317425630803	0.3333314774500287	0.3333312123409538	0.3333309472357783	0.33333068213444284	0.33333041703689986	0.33333015194311194	0.3333298868530483	0.3333296217666836	0.33332935668399644	0.33332909160496826	0.33332882652958284	0.33332856145782563	0.33332829638968337	0.33332803132514355	0.3333277662641947	0.33332750120682564	0.3333272361530259	0.3333269711027851	0.33332670605609327	0.33332644101294084	0.33332617597331815	0.33332591093721575	0.3333256459046244	0.33332538087553487
0.0023988329190194903	0.3333333333333333	0.33333305569724686	0.3333327780669504	0.33333250044199625	0.3333322228220519	0.33333194520686943	0.33333166759626387	0.3333313899900956	0.3333311123882591	0.3333308347906733	0.3333305571972758	0.3333302796080174	0.3333300020228588	0.3333297244417683	0.3333294468647192	0.3333291692916892	0.3333288917226587	0.3333286141576105	0.3333283365965288	0.3333280590393991	0.33332778148620823	0.3333275039369431	0.3333272263915917	0.333326948850142	0.33332667131258287	0.33332639377890283	0.33332611624909114	0.3333258387231369	0.3333255612010296	0.3333252836827588	0.3333250061683141
0.0024547089156850307	0.3333333333333333	0.3333330426128094	0.33333275189859984	0.333332461190206	0.33333217048726155	0.33333187978949685	0.3333315890967123	0.3333312984087593	0.3333310077255257	0.33333071704692696	0.3333304263728974	0.3333301357033861	0.3333298450383523	0.33332955437776235	0.33332926372158894	0.33332897306980824	0.33332868242239966	0.3333283917793445	0.33332810114062567	0.33332781050622784	0.333327519876136	0.3333272292503361	0.3333269386288144	0.3333266480115579	0.33332635739855376	0.33332606678978927	0.3333257761852523	0.33332548558493064	0.3333251949888122	0.3333249043968854	0.3333246138091383
0.0025118864315095803	0.3333333333333333	0.3333330289117348	0.33333272449702184	0.3333324200886394	0.3333321156861847	0.33333181128936434	0.3333315068979641	0.33333120251182535	0.3333308981308301	0.33333059375488927	0.3333302893839347	0.3333299850179133	0.33332968065678215	0.33332937630050685	0.3333290719490582	0.33332876760241115	0.3333284632605434	0.33332815892343515	0.33332785459106795	0.33332755026342464	0.3333272459404887	0.3333269416222445	0.3333266373086771	0.33332633299977144	0.33332602869551337	0.3333257243958885	0.3333254201008831	0.3333251158104834	0.3333248115246759	0.3333245072434472	0.3333242029667841
0.002570395782768864	0.3333333333333333	0.3333330145649631	0.33333269580410063	0.3333323770501283	0.333332058302604	0.33333173956120976	0.333331420825715	0.3333311020959512	0.33333078337179434	0.33333046465315086	0.33333014593995003	0.333329827232136	0.33332950852966453	0.3333291898324994	0.3333288711406097	0.3333285524539687	0.33332823377255283	0.3333279150963402	0.3333275964253107	0.3333272777594455	0.33332695909872645	0.33332664044313576	0.33332632179265687	0.33332600314727295	0.333325684506968	0.33332536587172573	0.33332504724153067	0.33332472861636736	0.3333244099962204	0.33332409138107477	0.33332377277091546
0.002630267991895382	0.3333333333333333	0.33333299954206486	0.33333266575898135	0.33333233198339696	0.3333319982148269	0.3333316644529264	0.3333313306974486	0.3333309969482149	0.33333066320509425	0.3333303294679894	0.33332999573682603	0.3333296620115465	0.33332932829210427	0.3333289945784612	0.33332866087058455	0.3333283271684457	0.33332799347201914	0.333327659781281	0.33332732609620935	0.3333269924167831	0.33332665874298184	0.3333263250747863	0.33332599141217745	0.33332565775513634	0.3333253241036449	0.33332499045768504	0.3333246568172391	0.3333243231822895	0.33332398955281906	0.33332365592881036	0.33332332231024686
0.002691534803926916	0.3333333333333333	0.3333329838111767	0.33333263429794224	0.33333228479286947	0.3333319352954272	0.33333158580524225	0.3333312363220512	0.33333088684566453	0.33333053737594476	0.3333301879127899	0.3333298384561229	0.33332948900588333	0.33332913956202237	0.3333287901244997	0.33332844069328044	0.33332809126833396	0.33332774184963226	0.3333273924371495	0.333327043030861	0.33332669363074346	0.33332634423677443	0.3333259948489318	0.33332564546719434	0.33332529609154066	0.33332494672195034	0.33332459735840314	0.3333242480008786	0.3333238986493575	0.3333235493038199	0.3333231999642465	0.3333228506306183
0.0027542287033381664	0.3333333333333333	0.33333296733893353	0.3333326013542588	0.3333322353784661	0.33333186941097454	0.33333150345138185	0.33333113749940557	0.3333307715548462	0.3333304056175592	0.3333300396874385	0.3333296737644029	0.33332930784838966	0.3333289419393473	0.3333285760372332	0.3333282101420097	0.3333278442536439	0.33332747837210486	0.33332711249736424	0.33332674662939465	0.3333263807681703	0.3333260149136655	0.3333256490658556	0.3333252832247168	0.333324917390225	0.33332455156235696	0.33332418574108985	0.33332381992640087	0.33332345411826747	0.33332308831666785	0.3333227225215799	0.33332235673298205
0.002818382931264454	0.3333333333333333	0.33333295009039804	0.33333256685806184	0.3333321836353915	0.3333318004217527	0.33333141721671133	0.33333103401996705	0.3333306508313088	0.3333302676505853	0.3333298844776855	0.3333295013125248	0.3333291181550374	0.3333287350051689	0.33332835186287346	0.33332796872811127	0.3333275856008455	0.3333272024810429	0.33332681936867165	0.3333264362637015	0.33332605316610325	0.3333256700758483	0.33332528699290903	0.3333249039172581	0.3333245208488685	0.3333241377877142	0.33332375473376896	0.3333233716870073	0.3333229886474037	0.33332260561493327	0.3333222225895712	0.33332183957129347
0.0028840315031266055	0.3333333333333333	0.3333329320289865	0.3333325307361905	0.3333321294539128	0.3333317281814622	0.33333132691837114	0.3333309256643202	0.33333052441908684	0.33333012318251276	0.33332972195448174	0.3333293207349055	0.3333289195237146	0.3333285183208513	0.3333281171262666	0.33332771593991695	0.3333273147617626	0.33332691359176625	0.333326512429893	0.3333261112761085	0.33332571013038015	0.333325308992676	0.33332490786296454	0.33332450674121505	0.33332410562739706	0.3333237045214811	0.3333233034234375	0.33332290233323736	0.33332250125085194	0.3333221001762531	0.33332169910941295	0.3333212980503041
0.0029512092266663855	0.3333333333333333	0.33333291311639135	0.33333249291203615	0.3333320727191271	0.3333316525369113	0.33333123236488665	0.3333308122027137	0.3333303920501584	0.3333299719070546	0.33332955177328105	0.3333291316487455	0.33332871153337384	0.33332829142710524	0.33332787132988645	0.33332745124166996	0.3333270311624122	0.33332661109207173	0.3333261910306093	0.33332577097798677	0.33332535093416743	0.3333249308991148	0.3333245108727938	0.3333240908551695	0.3333236708462076	0.33332325084587455	0.33332283085413694	0.33332241087096215	0.3333219908963177	0.3333215709301717	0.3333211509724928	0.3333207310232501
0.003019951720402016	0.3333333333333333	0.3333328933124997	0.3333324533053804	0.33333201331071693	0.3333315733276908	0.33333113335576303	0.33333069339457366	0.3333302534438766	0.33332981350349833	0.3333293735733115	0.33332893365321875	0.33332849374314244	0.33332805384301656	0.33332761395278365	0.33332717407239176	0.3333267342017923	0.3333262943409394	0.333325854489789	0.33332541464829823	0.33332497481642565	0.33332453499413056	0.3333240951813726	0.3333236553781127	0.3333232155843121	0.3333227757999327	0.33332233602493705	0.33332189625928804	0.3333214565029489	0.33332101675588405	0.33332057701805773	0.33332013728943516
0.0030902954325135908	0.3333333333333333	0.3333328725753084	0.33333241183222534	0.333331951102697	0.3333314903858343	0.3333310296810606	0.3333305689879944	0.33333010830637716	0.33332964763602685	0.33332918697681047	0.3333287263286254	0.3333282656913883	0.3333278050650285	0.3333273444494831	0.3333268838446949	0.33332642325060996	0.3333259626671771	0.3333255020943467	0.33332504153207065	0.33332458098030193	0.3333241204389946	0.3333236599081034	0.33332319938758415	0.33332273887739255	0.3333222783774859	0.33332181788782184	0.33332135740835833	0.3333208969390545	0.3333204364798693	0.3333199760307631	0.3333195155916965
0.0031622776601683794	0.3333333333333333	0.3333328508608347	0.33333236840461444	0.3333318859631449	0.33333140353546253	0.3333309211209502	0.3333304387192046	0.3333299563299541	0.33332947395300827	0.3333289915882274	0.3333285092355025	0.3333280268947445	0.33332754456587677	0.3333270622488307	0.33332657994354237	0.3333260976499521	0.3333256153680023	0.33332513309763734	0.3333246508388027	0.33332416859144565	0.333323686355514	0.3333232041309567	0.3333227219177236	0.33332223971576513	0.33332175752503285	0.3333212753454787	0.3333207931770556	0.3333203110197171	0.3333198288734174	0.33331934673811153	0.33331886461375515
0.003235936569296283	0.3333333333333333	0.333332828123024	0.3333323229304476	0.33333181775392423	0.33333131259241033	0.3333308074452471	0.33333030231200883	0.33332979719240985	0.33332929208625095	0.33332878699338436	0.3333282819136947	0.333327776847086	0.3333272717934749	0.3333267667527853	0.3333262617249467	0.333325756709892	0.33332525170755684	0.33332474671787815	0.33332424174079484	0.3333237367762468	0.3333232318241759	0.33332272688452363	0.3333222219572337	0.33332171704225005	0.33332121213951793	0.3333207072489834	0.3333202023705931	0.3333196975042949	0.33331919265003696	0.33331868780776885	0.33331818297744065
0.0033113112148259113	0.3333333333333333	0.33333280431365064	0.33333227531328435	0.33333174633038903	0.33333121736383653	0.3333306884129244	0.3333301594772028	0.33332963055637244	0.333329101650224	0.33332857275860145	0.3333280438813815	0.33332751501846014	0.33332698616974593	0.3333264573351553	0.33332592851460924	0.33332539970803254	0.33332487091535234	0.3333243421364983	0.333323813371401	0.33332328461999283	0.3333227558822074	0.3333222271579795	0.333321698447245	0.33332116974994086	0.33332064106600523	0.33332011239537723	0.33331958373799697	0.3333190550938053	0.3333185264627445	0.33331799784475735	0.3333174692397881
0.0033884415613920256	0.3333333333333333	0.3333327793822169	0.3333322254521407	0.33333167154107957	0.33333111764781564	0.33333056377160086	0.33333000991196066	0.3333294560685812	0.33332890224124195	0.33332834842977777	0.33332779463405604	0.33332724085396404	0.3333266870894009	0.3333261333402735	0.33332557960649384	0.33332502588797724	0.3333244721846421	0.33332391849640813	0.3333233648231976	0.3333228111649339	0.333322257521542	0.33332170389294846	0.3333211502790805	0.3333205966798676	0.33332004309523966	0.33331948952512797	0.3333189359694654	0.33331838242818523	0.3333178289012225	0.33331727538851347	0.3333167218899947
0.0034673685045253162	0.33333333333333326	0.33333275327584516	0.33333217324127395	0.3333315932273997	0.3333310132329096	0.33333043325700756	0.3333298532991942	0.3333292733591393	0.3333286934366105	0.3333281135314319	0.33332753364346057	0.3333269537725732	0.3333263739186585	0.33332579408161256	0.3333252142613366	0.3333246344577356	0.33332405467071696	0.3333234749001908	0.3333228951460686	0.3333223154082645	0.3333217356866933	0.33332115598127204	0.33332057629191914	0.33331999661855455	0.33331941696109957	0.33331883731947687	0.3333182576936107	0.3333176780834266	0.3333170984888512	0.3333165189098128	0.3333159393462407
0.003548133892335755	0.3333333333333333	0.33333272593916663	0.3333321185699595	0.33333151122328203	0.33333090389772035	0.3333302965924289	0.3333296893068812	0.33332908204073075	0.33332847479373134	0.3333278675656952	0.3333272603564672	0.3333266531659121	0.33332604599390614	0.3333254388403334	0.3333248317050828	0.3333242245880473	0.33332361748912254	0.33332301040820667	0.3333224033452	0.33332179630000547	0.3333211892725269	0.33332058226267075	0.33331997527034507	0.33331936829545966	0.333318761337926	0.3333181543976571	0.33331754747456765	0.33331694056857425	0.33331633367959446	0.33331572680754784	0.3333151199523554
0.0036307805477010136	0.33333333333333326	0.33333269731420245	0.33333206132225535	0.33333142535483495	0.33333078941042044	0.33333015348811457	0.33332951758736307	0.3333288817078005	0.3333282458491665	0.333327610011259	0.333326974193909	0.33332633839696746	0.3333257026202966	0.3333250668637664	0.33332443112725185	0.3333237954106323	0.3333231597137899	0.33332252403660956	0.33332188837897914	0.33332125274078833	0.3333206171219293	0.33331998152229636	0.33331934594178597	0.3333187103802965	0.33331807483772835	0.33331743931398394	0.3333168038089676	0.3333161683225854	0.33331553285474524	0.3333148974053568	0.3333142619743317
0.0037153522909717258	0.3333333333333333	0.3333326673402427	0.3333320013767576	0.3333313354399756	0.3333306695282629	0.33333000364066845	0.33332933777660845	0.3333286719356974	0.3333280061176581	0.3333273403222726	0.33332667454935616	0.3333260087987433	0.3333253430702806	0.33332467736382154	0.3333240116792259	0.33332334601635705	0.33332268037508217	0.3333220147552714	0.3333213491567977	0.333320683579537	0.33332001802336775	0.33331935248817085	0.3333186869738297	0.33331802148023004	0.33331735600726	0.33331669055481	0.33331602512277253	0.33331535971104254	0.333314694319517	0.33331402894809453	0.3333133635966764
0.0038018939632056123	0.3333333333333333	0.3333326359537162	0.3333319386063417	0.33333124128804226	0.33333054399706574	0.3333298467324041	0.3333291494934425	0.33332845227977353	0.33332775509110074	0.33332705792718814	0.3333263607878324	0.33332566367284977	0.3333249665820682	0.33332426951532335	0.33332357247245686	0.33332287545331457	0.33332217845774637	0.3333214814856059	0.33332078453674985	0.3333200876110384	0.3333193907083342	0.3333186938285036	0.33331799697141523	0.33331730013694083	0.33331660332495483	0.33331590653533427	0.33331520976795875	0.3333145130227105	0.3333138162994742	0.33331311959813686	0.3333124229185879
0.003890451449942806	0.33333333333333326	0.33333260308805623	0.33333187287789323	0.3333311426993918	0.3333304125506741	0.3333296824306733	0.3333289523387407	0.3333282222744448	0.33332749223746755	0.3333267622275517	0.3333260322444732	0.333325302288027	0.33332457235802004	0.3333238424542675	0.3333231125765902	0.3333223827248147	0.33332165289877136	0.3333209230982949	0.3333201933232239	0.3333194635734007	0.333318733848671	0.3333180041488841	0.3333172744738927	0.33331654482355255	0.333315815197723	0.3333150855962662	0.33331435601904746	0.33331362646593476	0.33331289693679955	0.33331216743151537	0.3333114379499592
0.003981071705534972	0.3333333333333333	0.33333256867355965	0.3333318040520271	0.33333103946497644	0.33333027491039796	0.3333295103871622	0.3333287458945847	0.33332798143220665	0.3333272169996858	0.33332645259674043	0.3333256882231225	0.3333249238786024	0.3333241595629637	0.3333233952759977	0.33332263101750265	0.3333218667872823	0.33332110258514547	0.333320338410906	0.33331957426438186	0.33331881014539533	0.333318046053773	0.3333172819893455	0.3333165179519477	0.33331575394141766	0.3333149899575976	0.33331422600033334	0.3333134620694742	0.3333126981648731	0.33331193428638595	0.33331117043387215	0.3333104066071942
0.004073802778041128	0.3333333333333333	0.3333325326372384	0.3333317319827904	0.33333093136590064	0.33333013078441964	0.33332933023715255	0.333328529723376	0.3333277292426009	0.33332692879445686	0.3333261283786345	0.3333253279948578	0.33332452764287	0.3333237273224271	0.333322927033294	0.33332212677524287	0.3333213265480525	0.3333205263515072	0.33331972618539707	0.3333189260495172	0.33331812594366766	0.3333173258676537	0.33331652582128524	0.3333157258043765	0.33331492581674665	0.33331412585821896	0.3333133259286209	0.33331252602778433	0.33331172615554455	0.33331092631174153	0.3333101264962184	0.3333093267088225
0.004168693834703354	0.3333333333333333	0.3333324949026656	0.3333316565173545	0.33333081817295723	0.3333299798671776	0.33332914159875127	0.33332830336691244	0.333327465171138	0.33332662701102544	0.3333257888862331	0.33332495079645386	0.3333241127413992	0.33332327472079437	0.33332243673437423	0.33332159878188183	0.3333207608630675	0.3333199229776882	0.33331908512550745	0.3333182473062946	0.3333174095198253	0.3333165717658807	0.3333157340442475	0.3333148963547177	0.33331405869708874	0.3333132210711631	0.3333123834767482	0.33331154591365614	0.3333107083817037	0.33330987088071223	0.33330903341050755	0.33330819597091954
0.004265795188015927	0.3333333333333333	0.33333245538981293	0.33333157749569037	0.33333069964614276	0.33332982183871906	0.33332894407208136	0.3333280663454173	0.33332718865816524	0.33332631100988575	0.3333254334002011	0.3333245558287674	0.33332367829526055	0.33332280079937127	0.33332192334080024	0.3333210459192576	0.33332016853446184	0.33331929118613923	0.3333184138740238	0.33331753659785607	0.3333166593573842	0.33331578215236246	0.333314904982552	0.33331402784772024	0.3333131507476405	0.3333122736820921	0.3333113966508602	0.33331051965373537	0.3333096426905138	0.33330876576099644	0.33330788886499013	0.33330701200230584
0.00436515832240166	0.3333333333333333	0.33333241401488134	0.3333314947502297	0.33333057553414835	0.3333296563640226	0.33332873723843615	0.3333278181565251	0.33332689911768454	0.3333259801214324	0.3333250611673497	0.3333241422550508	0.3333232233841716	0.33332230455436285	0.33332138576528725	0.333320467016618	0.3333195483080376	0.33331862963923853	0.3333177110099211	0.3333167924197943	0.3333158738685752	0.33331495535598876	0.33331403688176753	0.33331311844565115	0.3333122000473869	0.3333112816867282	0.3333103633634359	0.3333094450772768	0.3333085268280241	0.3333076086154571	0.3333066904393609	0.33330577229952635
0.004466835921509631	0.3333333333333333	0.33333237069012317	0.3333314081055101	0.3333304455738277	0.3333294830922886	0.33332852065939245	0.33332755827421856	0.3333265959361119	0.3333256336445429	0.3333246713990441	0.3333237091991835	0.33332274704455095	0.3333217849347524	0.33332082286940784	0.3333198608481488	0.33331889887061816	0.3333179369364693	0.3333169750453659	0.33331601319698145	0.3333150513909987	0.33331408962710984	0.3333131279050157	0.3333121662244258	0.3333112045850575	0.33331024298663703	0.3333092814288972	0.3333083199115794	0.3333073584344315	0.3333063969972086	0.33330543559967274	0.3333044742415923
0.00457088189614875	0.3333333333333333	0.3333323253236559	0.3333313173778025	0.33333030948963965	0.33332930165619706	0.3333282938758838	0.3333272861477159	0.333326278470982	0.33332527084509694	0.3333242632695392	0.3333232557438232	0.33332224826748713	0.3333212408400866	0.33332023346119316	0.333319226130392	0.333318218847281	0.3333172116114709	0.33331620442258403	0.3333151972802544	0.3333141901841268	0.33331318313385677	0.3333121761291104	0.3333111691695635	0.3333101622549012	0.33330915538481853	0.333308148559019	0.33330714177721493	0.33330613503912676	0.33330512834448356	0.33330412169302154	0.3333031150844848
0.004677351412871982	0.3333333333333333	0.3333322778192683	0.33333122237472335	0.33333016699306534	0.33332911167113005	0.3333280564072292	0.33332700120030745	0.333325946049589	0.3333248909544255	0.3333238359142341	0.3333227809284683	0.3333217259966077	0.3333206711181517	0.33331961629261725	0.33331856151953726	0.3333175067984602	0.3333164521289484	0.3333153975105788	0.33331434294294104	0.3333132884256381	0.3333122339582852	0.3333111795405096	0.33331012517195	0.33330907085225625	0.3333080165810891	0.3333069623581195	0.3333059081830283	0.3333048540555061	0.3333037999752527	0.33330274594197695	0.3333016919553963
0.004786300923226384	0.3333333333333333	0.3333322280762152	0.3333311228948255	0.33333001778199617	0.33332891273435783	0.33332780775011545	0.3333267028281344	0.3333255979675647	0.3333244931676869	0.3333233884278469	0.33332228374743045	0.33332117912585074	0.33332007456254364	0.3333189700569653	0.33331786560859045	0.3333167612169118	0.3333156568814384	0.33331455260169585	0.33331344837722554	0.33331234420758366	0.3333112400923407	0.33331013603108134	0.3333090320234037	0.3333079280689182	0.33330682416724844	0.3333057203180295	0.33330461652090787	0.3333035127755416	0.3333024090815987	0.3333013054387579	0.3333002018467078
0.004897788193684462	0.3333333333333333	0.3333321759890049	0.33333101872717213	0.3333298615400953	0.3333287044241863	0.3333275473775339	0.3333263903989133	0.3333252334873912	0.33332407664216557	0.3333229198625031	0.3333217631477119	0.3333206064971307	0.3333194499101241	0.3333182933860804	0.3333171369244089	0.33331598052454	0.333314824185924	0.33331366790802963	0.3333125116903445	0.33331135553237295	0.3333101994336367	0.33330904339367307	0.33330788741203526	0.33330673148829126	0.3333055756220233	0.33330441981282743	0.33330326406031285	0.33330210836410146	0.3333009527238274	0.33329979713913643	0.33329864160968586
0.005011872336272723	0.3333333333333333	0.3333321214471751	0.3333309096508903	0.333329697936127	0.33332848629906475	0.3333272747376642	0.3333260632505993	0.33332485183684085	0.3333236404954942	0.33332242922573474	0.3333212180267838	0.3333200068978964	0.3333187958383574	0.3333175848474784	0.33331637392459657	0.33331516306907316	0.3333139522802923	0.3333127415576605	0.33331153090060517	0.3333103203085741	0.3333091097810346	0.33330789931747246	0.3333066889173918	0.33330547858031323	0.3333042683057746	0.33330305809332894	0.33330184794254464	0.3333006378530048	0.3332994278243064	0.3332982178560596	0.3332970079478877
0.005128613839913649	0.3333333333333333	0.3333320643350593	0.333330795434702	0.33332952662325604	0.33332825789665166	0.3333269892527089	0.3333257206899866	0.3333244522073465	0.3333231838037882	0.3333219154783852	0.3333206472302598	0.33331937905857356	0.3333181109625215	0.33331684294133035	0.33331557499425657	0.33331430712058424	0.33331303931962486	0.33331177159071534	0.33331050393321704	0.33330923634651544	0.3333079688300178	0.33330670138315366	0.3333054340053727	0.33330416669614454	0.33330289945495795	0.33330163228131926	0.33330036517475287	0.3332990981347994	0.3332978311610153	0.33329656425297255	0.33329529741025765
0.0052480746024977255	0.3333333333333333	0.3333320045315407	0.3333306758364355	0.3333293472383131	0.3333280187328369	0.3333266903176708	0.3333253619912433	0.3333240337522925	0.3333227055996977	0.3333213775324167	0.3333200495494614	0.3333187216498876	0.33331739383279085	0.33331606609730263	0.33331473844258963	0.3333134108678506	0.33331208337231627	0.3333107559552467	0.3333094286159309	0.33330810135368494	0.33330677416785115	0.3333054470577963	0.33330412002291143	0.3333027930626103	0.3333014661763279	0.33330013936352043	0.3332988126236636	0.33329748595625264	0.3332961593608001	0.33329483283683636	0.3332935063839084
0.005370317963702527	0.3333333333333333	0.3333319419097965	0.33333055060251143	0.33332915940102625	0.33332776830071686	0.3333263772990741	0.33332498639437824	0.33332359558522695	0.3333222048703631	0.33332081424861426	0.3333194237188679	0.33331803328006215	0.33331664293118046	0.3333152526712491	0.3333138624993346	0.3333124724145413	0.3333110824160104	0.33330969250291764	0.3333083026744718	0.3333069129299134	0.3333055232685126	0.3333041336895688	0.33330274419240824	0.3333013547763834	0.3332999654408717	0.3332985761852744	0.3332971870090149	0.3332957979115385	0.3332944088923111	0.333293019950818	0.33329163108656334
0.0054954087385762455	0.3333333333333333	0.33333187633702843	0.33333041946740666	0.3333289627132161	0.3333275060695233	0.3333260495336254	0.33332459310363527	0.33332313677799	0.33332168055527933	0.3333202244341832	0.33331876841345	0.33331731249188584	0.33331585666834984	0.3333144009417505	0.3333129453110436	0.33331148977522906	0.3333100343333493	0.333308578984487	0.33330712372776283	0.33330566856233435	0.3333042134873935	0.3333027585021647	0.3333013036059047	0.33329984879789926	0.333298394077463	0.33329693944393735	0.3332954848966896	0.3332940304351113	0.3332925760586175	0.3332911217666453	0.333289667558653
0.005623413251903491	0.3333333333333333	0.33333180767418163	0.33333028215309063	0.3333287567579529	0.3333272314834997	0.3333257063268116	0.3333241812858112	0.33332265635875413	0.33332113154405607	0.33331960684023215	0.3333180822458742	0.33331655775964103	0.3333150333802531	0.3333135091064886	0.3333119849371805	0.3333104608712131	0.33330893690752006	0.33330741304508166	0.33330588928292204	0.33330436562010807	0.33330284205574523	0.3333013185889782	0.33329979521898645	0.33329827194498385	0.3332967487662169	0.3332952256819628	0.3332937026915276	0.3332921797942453	0.333290656989476	0.3332891342766051	0.33328761165504195
0.005754399373371569	0.3333333333333333	0.33333173577564934	0.33333013836843794	0.3333285410986747	0.3333269439607266	0.3333253469514319	0.333323750068497	0.3333221533099722	0.33332055667407695	0.33331896015914064	0.3333173637635805	0.33331576748589087	0.33331417132463814	0.3333125752784557	0.3333109793460407	0.33330938352615025	0.33330778781759796	0.3333061922192519	0.3333045967300306	0.33330300134890123	0.33330140607487624	0.3332998109070118	0.3332982158444048	0.33329662088619105	0.33329502603154326	0.33329343127966904	0.3332918366298085	0.3332902420812338	0.3332886476332464	0.33328705328517555	0.33328545903637796
0.005888436553555889	0.33333333333333326	0.333331660488966	0.33332998780861145	0.3333283152782633	0.3333266428918916	0.33332497064606204	0.3333232985382361	0.33332162656623143	0.33331995472804654	0.3333182830218029	0.33331661144572194	0.3333149399981154	0.33331326867737826	0.33331159748198375	0.333309926410479	0.3333082554614806	0.333306584633671	0.33330491392579475	0.33330324333665506	0.3333015728651106	0.33329990251007213	0.33329823227050026	0.33329656214540193	0.3332948921338285	0.33329322223487323	0.3332915524476685	0.333289882771384	0.33328821320522506	0.3332865437484299	0.33328487440026844	0.33328320516004034
0.006025595860743578	0.3333333333333333	0.33333158165448223	0.33332983015441686	0.3333280788180776	0.3333263276390005	0.3333245766134446	0.33332282573859434	0.33332107501200353	0.3333193244314231	0.33331757399474077	0.3333158236999601	0.3333140735451894	0.3333123235286338	0.33331057364858907	0.3333088239034372	0.3333070742916406	0.333305324811737	0.3333035754623366	0.33330182624211613	0.33330007714981663	0.33329832818423805	0.3332965793442375	0.3332948306287249	0.3332930820366603	0.3332913335670511	0.33328958521894897	0.3332878369914479	0.33328608888368133	0.3332843408948199	0.3332825930240697	0.33328084527067003
0.006165950018614822	0.3333333333333333	0.333331499105027	0.33332966507162587	0.33332783121693954	0.33332599753402803	0.33332416401880505	0.3333223306681403	0.3333204974792916	0.33331866444973024	0.3333168315770832	0.3333149988591112	0.33331316629369645	0.33331133387883355	0.3333095016126229	0.3333076694932645	0.33330583751905096	0.3333040056883626	0.33330217399966194	0.33330034245148865	0.33329851104245534	0.33329667977124233	0.3332948486365943	0.33329301763731656	0.3332911867722707	0.3332893560403718	0.33328752544058493	0.3332856949719226	0.33328386463344145	0.33328203442423987	0.33328020434345534	0.3332783743902628
0.006309573444801933	0.3333333333333333	0.33333141266555455	0.33332949221027086	0.33332757195007656	0.33332565187750773	0.333323731988089	0.3333218122783348	0.3333198927451677	0.3333179733857461	0.3333160541974061	0.3333141351776375	0.33331221632407204	0.3333102976344716	0.3333083791067213	0.3333064607388207	0.33330454252887676	0.33330262447509723	0.33330070657578414	0.3332987888293278	0.3332968712342015	0.333294953788956	0.33329303649221514	0.3332911193426708	0.33328920233907894	0.3332872854802552	0.3332853687650722	0.33328345219245464	0.33328153576137726	0.3332796194708608	0.3332777033199702	0.333275787307811
0.006456542290346555	0.3333333333333333	0.3333313221527724	0.3333293112039022	0.3333273004680092	0.33332528993705235	0.33332327960611674	0.33332126947131435	0.33331925952919217	0.3333172497765574	0.3333152402104209	0.3333132308279724	0.3333112216265653	0.3333092126037054	0.33330720375704015	0.3333051950843496	0.3333031865835376	0.3333011782526234	0.3332991700897343	0.3332971620930988	0.33329515426103923	0.3332931465919664	0.3332911390843736	0.33328913173683095	0.3332871245479804	0.3332851175165318	0.3332831106412575	0.33328110392098925	0.33327909735461375	0.33327709094106894	0.33327508467934186	0.3332730785684643
0.00660693448007596	0.3333333333333333	0.33333122737475296	0.3333291216688127	0.33332701619539057	0.33332491094580613	0.333322805914649	0.3333207010975774	0.33331859649071477	0.33331649209047615	0.33331438789351037	0.33331228389667344	0.33331018009701185	0.333308076491748	0.3333059730782688	0.33330386985411387	0.33330176681696483	0.33329966396463595	0.33329756129506505	0.3332954588063044	0.3332933564965139	0.3332912543639531	0.3332891524069747	0.3332870506240179	0.3332849490136029	0.333282847574325	0.3332807463048507	0.33327864520391143	0.33327654427029973	0.3332744435028657	0.3332723429005125	0.3332702424621934
0.0067608297539198175	0.33333333333333326	0.3333311281305279	0.3333289232032273	0.3333267185297895	0.33332451410082575	0.33332230991036677	0.33332010595355843	0.3333179022260492	0.3333156987238157	0.33331349544310396	0.3333112923804003	0.3333090895324116	0.3333068868960494	0.33330468446841444	0.33330248224678305	0.33330028022859487	0.3332980784114413	0.3332958767930542	0.33329367537129606	0.33329147414415095	0.33328927310971546	0.33328707226619114	0.333284871611877	0.33328267114516236	0.33328047086452084	0.33327827076850447	0.3332760708557378	0.33327387112491336	0.33327167157478665	0.3332694722041719	0.33326727301193804
0.006918309709189365	0.3333333333333333	0.3333310242096611	0.33332871538645004	0.3333264068404158	0.333324098561383	0.33332179054275113	0.3333194827790893	0.33331717526551324	0.3333148679975107	0.3333125609708799	0.33331025418169785	0.33330794762629806	0.3333056413012493	0.33330333520333894	0.33330102932955646	0.333298723677078	0.3332964182432527	0.33329411302558976	0.3332918080217466	0.3332895032295178	0.33328719864682493	0.3332848942717074	0.3332825901023134	0.33328028613689265	0.33327798237378803	0.33327567881142983	0.33327337544832825	0.3332710722830687	0.3332687693143056	0.333266466540758	0.3332641639612046
0.0070794578438413795	0.3333333333333333	0.3333309153918038	0.3333284977779762	0.3333260804667886	0.33332366344718967	0.3333212467118679	0.3333188302547429	0.33331641407033397	0.3333139981535838	0.33331158249979453	0.3333091671045907	0.33330675196389375	0.3333043370738973	0.3333019224310464	0.33329950803201713	0.33329709387369977	0.3332946799531808	0.33329226626772895	0.3332898528147804	0.33328743959192597	0.333285026596899	0.3332826138275652	0.33328020128191177	0.3332777889580384	0.33327537685414843	0.3332729649685419	0.33327055329960686	0.3332681418458142	0.33326573060571046	0.33326331957791244	0.3332609087611022
0.0072443596007499	0.3333333333333333	0.33333080144622756	0.3333282699165586	0.33332573871733817	0.33332320783653857	0.3333206772660462	0.3333181469990509	0.33331561702940515	0.3333130873514453	0.3333105579599232	0.3333080288499648	0.3333055000170386	0.3333029714569274	0.33330044316570184	0.33329791513969775	0.33329538737549497	0.3332928598698962	0.33329033261991053	0.33328780562273586	0.3332852788757441	0.3332827523764673	0.33328022612258446	0.3332777001119104	0.3332751743423847	0.3332726488120617	0.3332701235191018	0.33326759846176285	0.33326507363839275	0.3332625490474225	0.33326002468735944	0.33325750055678205
0.007413102413009175	0.33333333333333326	0.3333306821313356	0.3333280313192332	0.3333253808679464	0.3333227307643574	0.33332008099944943	0.33331743156559274	0.3333147824558954	0.33331213366401974	0.3333094851841091	0.33330683701074	0.33330418913888393	0.33330154156387415	0.33329889428137394	0.3332962472873494	0.3332936005780438	0.3332909541499537	0.33328830799980835	0.3332856621245496	0.33328301652131453	0.33328037118741904	0.33327772612034295	0.33327508131771655	0.33327243677730795	0.3332697924970121	0.33326714847484046	0.333264504708911	0.3332618611974403	0.33325921793873514	0.33325657493118543	0.33325393217325744
0.007585775750291838	0.3333333333333333	0.33333055719415094	0.3333277814802961	0.33332500616041466	0.3333222312201712	0.33331945664953133	0.33331668243994705	0.3333139085836956	0.33331113507369214	0.33330836190340735	0.3333055890668135	0.3333028165583376	0.33330004437282196	0.3332972725054869	0.3332945009518974	0.3332917297079331	0.3332889587697605	0.33328618813380756	0.33328341779674164	0.33328064775544775	0.3332778780070105	0.33327510854869646	0.33327233937793843	0.33326957049232164	0.33326680188957036	0.3332640335675363	0.333261265524188	0.3332584977576005	0.33325573026594724	0.3332529630474914	0.3332501961005786
0.007762471166286917	0.3333333333333333	0.3333304263697807	0.33332751987023473	0.33332461380086364	0.3333217081459699	0.3333188028943748	0.33331589803650163	0.33331299356370314	0.33331008946806584	0.33330718574231893	0.3333042823797705	0.33330137937425236	0.33329847672007185	0.33329557441196794	0.3332926724450716	0.3332897708148702	0.3332868695171741	0.3332839685480886	0.3332810679039856	0.3332781675814809	0.3332752675774112	0.3332723678888151	0.3332694685129145	0.3332665694470983	0.33326367068890833	0.333260772236025	0.33325787408625607	0.3332549762375248	0.3332520786878605	0.3332491814353897	0.33324628447832705
0.007943282347242816	0.33333333333333326	0.3333302893808551	0.33332724593460716	0.33332420295805454	0.333321160433975	0.33331811834990416	0.33331507669511445	0.3333120354599302	0.3333089946355213	0.33330595421380066	0.3333029141873476	0.333299874549344	0.3332968352935153	0.3332937964140786	0.3332907579056957	0.33328771976343086	0.3332846819827123	0.3332816445592981	0.3332786074892443	0.33327557076887826	0.33327253439477156	0.3332694983637188	0.3332664626727157	0.33326342731894176	0.3332603922997425	0.33325735761261466	0.33325432325519266	0.33325128922523617	0.33324825552061876	0.3332452221393184	0.3332421890794077
0.008128305161640993	0.3333333333333333	0.33333014593694044	0.33332695909287036	0.3333237727616346	0.33332058692430344	0.3333174015669687	0.3333142166776175	0.33331103224543207	0.3333078482605695	0.3333046647140444	0.33330148159763934	0.33329829890382706	0.33329511662570077	0.33329193475691277	0.3332887532916186	0.33328557222442734	0.3332823915503566	0.3332792112647921	0.33327603136345185	0.33327285184235406	0.33326967269778707	0.3332664939262839	0.3332633155245989	0.33326013748968597	0.33325695981867987	0.3332537825088798	0.33325060555773306	0.3332474289628221	0.3332442527218519	0.33324107683263837	0.3332379012930997
0.008317637711026709	0.33333333333333326	0.33332999573392286	0.33332665873715184	0.333323322300298	0.3333199864025194	0.3333166510282881	0.3333133161641579	0.33330998179804383	0.33330664791898557	0.33330331451701223	0.33329998158303475	0.333296649108754	0.3332933170865777	0.3332899855095479	0.3332866543712745	0.333283323665877	0.33327999338793246	0.33327666353242796	0.3332733340947195	0.3332700050704944	0.33326667645573793	0.333263348246703	0.3332600204398842	0.3332566930319935	0.33325336601993905	0.33325003940080633	0.3332467131718402	0.3332433873304309	0.33324006187409944	0.3332367368004858	0.3332334121073377
0.008511380382023764	0.3333333333333333	0.33332983845336706	0.33332634423096563	0.3333228506198628	0.3333193575970746	0.33331586514525785	0.33331237324936924	0.333308881895921	0.33330539107272156	0.3333019007687194	0.33329841097387436	0.33329492167904845	0.3332914328759077	0.33328794455683486	0.33328445671485274	0.3332809693435553	0.33327748243704736	0.3332739959898891	0.33327050999704877	0.3332670244538598	0.3332635393559821	0.33326005469936826	0.33325657048023427	0.33325308669503095	0.33324960334042203	0.3332461204132611	0.33324263791057396	0.3332391558295408	0.3332356741674819	0.33323219292184414	0.3332287120901888
0.008709635899560806	0.3333333333333333	0.3333296737618383	0.3333260149078646	0.33332235672125504	0.3333186991766254	0.3333150422546013	0.3333113859383624	0.33330773021286886	0.3333040750645757	0.33330042048124797	0.3332967664518095	0.3332931129662122	0.33328946001531967	0.3332858075908048	0.33328215568505887	0.3332785042911125	0.3332748534025639	0.33327120301351637	0.3332675531185231	0.3332639037125379	0.33326025479087207	0.33325660634915555	0.3332529583833036	0.33324931088948584	0.33324566386410026	0.3332420173037497	0.33323837120522	0.3332347255654629	0.3332310803815783	0.3332274356508003	0.33322379137048475
0.008912509381337455	0.33333333333333326	0.33332950131020056	0.33332567007003466	0.33332183955840095	0.3333180097472276	0.3333141806148693	0.33331035214253024	0.33330652431345764	0.3333026971126191	0.33329887052648666	0.33329504454285747	0.33329121915069726	0.3332873943400031	0.3332835701016838	0.33327974642745306	0.33327592330973677	0.33327210074159086	0.33326827871662934	0.33326445722896025	0.33326063627313074	0.3332568158440772	0.33325299593708213	0.33324917654773584	0.3332453576719032	0.33324153930569433	0.3332377214454378	0.33323390408765785	0.3332300872290548	0.33322627086648643	0.33322245499695247	0.33321863961758136
0.009120108393559099	0.3333333333333333	0.333329320732874	0.333325308986817	0.33332129803601873	0.3333172878493983	0.3333132784027732	0.3333092696751573	0.3333052616479074	0.33330125430436036	0.3332972476295777	0.3332932416101324	0.33328923623392315	0.33328523149001366	0.3332812273684906	0.3332772238603404	0.3332732209573412	0.333269218651968	0.33326521693731015	0.33326121580699897	0.33325721525514407	0.33325321527627816	0.3332492158653084	0.33324521701747384	0.3332412187283081	0.33323722099360675	0.33323322380939885	0.3332292271719217	0.3332252310775988	0.33322123552302063	0.33321724050492757	0.33321324602019564
0.00933254300796991	0.3333333333333333	0.3333291316470639	0.3333249308931664	0.33332073100730797	0.3333165319550399	0.33331233370934976	0.33330813624682354	0.33330393954673687	0.3332997435906408	0.33329554836206027	0.3332913538462403	0.3332871600299274	0.33328296690117976	0.33327877444920095	0.3332745826641979	0.3332703915372539	0.33326620106022214	0.3332620112256291	0.33325782202659343	0.3332536334567543	0.3332494455102088	0.3332452581814572	0.3332410714653573	0.33323688535708096	0.3332326998520806	0.333228514946056	0.33322433063492846	0.33322014691481583	0.33321596378201296	0.33321178123297224	0.33320759926428917
0.00954992586021436	0.3333333333333333	0.3333289336519485	0.33332453498803327	0.3333201372715297	0.33331574046422163	0.33331134453594347	0.33330694946059464	0.3333025552151622	0.33329816177924493	0.3332937691346959	0.3332893772653225	0.33328498615662794	0.3332805957955885	0.3332762061704606	0.3332718172706145	0.3332674290863898	0.3332630416089719	0.3332586548302834	0.3332542687428913	0.333249883339927	0.3332454986150156	0.3332411145622165	0.33323673117597075	0.33323234845105554	0.3332279663825457	0.3332235849657792	0.33321920419632767	0.3332148240699712	0.33321044458267585	0.3332060657305743	0.3332016875099493
0.009772372209558107	0.3333333333333333	0.3333287263278317	0.3333241204326722	0.33331951557147443	0.33331491170180993	0.3333103087900045	0.33330570680698834	0.3333011057272362	0.3332965055282151	0.33329190618996246	0.3332873076947308	0.33328271002668364	0.3332781131716347	0.3332735171168238	0.33326892185072443	0.33326432736287875	0.3332597336437554	0.33325514068462714	0.33325054847746627	0.3332459570148545	0.3332413662899052	0.3332367762961965	0.33323218702771445	0.33322759847880246	0.3332230106441201	0.33321842351860503	0.3332138370974424	0.33320925137603663	0.33320466634998835	0.33320008201507395	0.33319549836722784
0.01	0.3333333333333333	0.3333285092352547	0.33332368634887	0.3333188645908105	0.3333140439139414	0.333309224280689	0.3333044056587068	0.33329958801971477	0.33329477133885654	0.3332899555942002	0.33328514076631893	0.33328032683793385	0.3332755137936104	0.3332707016194979	0.3332658903031086	0.33326107983312814	0.33325627019925474	0.333251461392061	0.3332466534028761	0.3332418462236857	0.33323703984704517	0.3332322342660072	0.33322742947405787	0.3332226254650636	0.3332178222332246	0.33321301977303586	0.33320821807925277	0.3332034171468623	0.3331986169710581	0.33319381754721905	0.33318901887089014
0.010232929922807542	0.3333333333333333	0.3333282819140661	0.3333232318170912	0.33331818295130944	0.3333131352643316	0.33330808871425516	0.3333030432651229	0.33329799888563894	0.33329295554841765	0.33328791322939444	0.33328287190733075	0.3332778315633967	0.3332727921808172	0.33326775374457207	0.33326271624114184	0.33325767965829256	0.33325264398489207	0.3332476092107568	0.3332425753265186	0.3332375423235141	0.33323251019368977	0.3332274789295211	0.33322244852394467	0.3332174189702992	0.333212390262277	0.3332073623938808	0.3332023353593885	0.33319730915332163	0.33319228377042015	0.33318725920561876	0.3331822354540286
0.010471285480508997	0.3333333333333333	0.3333280438824484	0.33332275587453636	0.3333174692099406	0.3333121838304105	0.3333068996892442	0.33330161674651143	0.3332963349676189	0.3332910543224324	0.33328577478457966	0.33328049633087026	0.33327521894080714	0.33326994259617687	0.33326466728070425	0.3332593929797618	0.3332541196801251	0.3332488473697669	0.33324357603768373	0.33323830567374957	0.3332330362685926	0.33322776781349106	0.33322250030028616	0.3332172337213073	0.3332119680693091	0.33320670333741975	0.33320143951909476	0.3331961766080796	0.3331909145983774	0.3331856534842208	0.33318039326004945	0.3331751339204895
0.010715193052376067	0.3333333333333333	0.3333277946358989	0.3333222575131094	0.3333167218558305	0.3333111875992785	0.33330565469143775	0.33330012308801144	0.33329459275080703	0.3332890636467066	0.3332835357468452	0.33327800902593063	0.3332724834616748	0.33326695903432063	0.33326143572624545	0.33325591352163	0.33325039240618226	0.33324487236690614	0.3332393533919078	0.3332338354702344	0.333228318591738	0.3332228027469628	0.333217287927049	0.3332117741236541	0.333206261328885	0.3332007495352419	0.3331952387355709	0.333189728923024	0.3331842200910249	0.3331787122332408	0.33317320534355815	0.33316769941606167
0.01096478196143185	0.3333333333333333	0.33332753364616186	0.33332173567728923	0.3333159393070795	0.3333101444634732	0.3333043510885791	0.3332985591333082	0.3332927685555448	0.33328697931893614	0.33328119139192736	0.3332754047469649	0.33326961935983757	0.33326383520913083	0.33325805227577354	0.33325227054266293	0.3332464899943532	0.33324071061679694	0.33323493239713065	0.33322915532349634	0.33322337938489394	0.33321760457105715	0.3332118308723516	0.33320605827968885	0.33320028678445496	0.33319451637845143	0.3331887470538444	0.33318297880312336	0.3331772116190659	0.33317144549470745	0.3331656804233175	0.33315991639837716
0.011220184543019637	0.3333333333333333	0.3333272603601121	0.3333211892619033	0.33331511990743057	0.33330905221654	0.333302986124851	0.3332969215780232	0.33329085852967	0.33328479693993673	0.333278736774368	0.33327267800297855	0.3332666205994922	0.33326056454071346	0.3332545098060125	0.3332484563769016	0.3332424042366845	0.3332363533701701	0.3332303037634352	0.33322425540362877	0.3332182082788109	0.33321216237781986	0.3332061176901613	0.33320007420591813	0.33319403191567376	0.3331879908104505	0.3331819508816557	0.3331759121210399	0.33316987452065916	0.3331638380728448	0.3331578027701776	0.33315176860546636
0.01148153621496883	0.3333333333333333	0.333326974198585	0.3333206171097949	0.3333142619227816	0.3333079085483942	0.3333015569150949	0.33329520696279635	0.3332888586404683	0.3332825119044691	0.33327616671721866	0.3332698230461185	0.3332634808626733	0.3332571401417729	0.33325080086110725	0.3332444630006899	0.3332381265424668	0.33323179146999915	0.33322545776820134	0.3332191254231294	0.3332127944218052	0.3332064647520742	0.33320013640248686	0.3331938093622031	0.333187483620912	0.3331811591687661	0.3331748359963269	0.3331685140945198	0.33316219345459636	0.33315587406810265	0.3331495559268535	0.3331432390229089
0.011748975549395295	0.3333333333333333	0.3333266745551504	0.33332001800938177	0.3333133635375348	0.33330671104046883	0.3333000604387622	0.333293411666047	0.33328676466625073	0.3332801193916406	0.33327347580127265	0.33326683385973943	0.33326019353616054	0.33325355480336377	0.33324691763722514	0.3332402820161325	0.333233647920553	0.3332270153326813	0.33322038423615513	0.3332137546158231	0.33320712645755746	0.33320049974810084	0.33319387447494103	0.3331872506262095	0.33318062819059746	0.3331740071572876	0.3331673875158974	0.3331607692564325	0.33315415236924784	0.33314753684501575	0.33314092267469797	0.3331343098495241
0.012022644346174128	0.3333333333333333	0.33332636079483324	0.3333193906921017	0.33331242285077645	0.3333054571606358	0.33329849353358576	0.3332915318964026	0.33328457218754576	0.3332776143548668	0.33327065835380165	0.33326370414592366	0.3332567516977861	0.3332498009799938	0.3332428519664583	0.33323590463380065	0.3332289589608718	0.3332220149283669	0.33321507251851507	0.33320813171483	0.3332011925019076	0.33319425486526416	0.33318731879120317	0.33318038426670943	0.3331734512793614	0.33316651981726	0.33315958986897	0.33315266142347266	0.33314573447012513	0.33313880899862797	0.33313188499899654	0.3331249624615384
0.012302687708123816	0.3333333333333333	0.3333260322527684	0.33331873382973676	0.3333114378722778	0.33330414425789173	0.333296852888956	0.33328956368477375	0.33328227657788134	0.33327499151136797	0.33326770843677456	0.33326042731242755	0.3332531481021165	0.33324587077404366	0.3332385952999899	0.3332313216546493	0.3332240498151022	0.33321677976039277	0.33320951147119393	0.33320224492953815	0.3331949801186034	0.3331877170225394	0.3331804556263305	0.3331731959156824	0.3331659378769327	0.3331586814969765	0.3331514267632066	0.33314417366346394	0.33313692218599683	0.333129672319427	0.3331224240527209	0.33311517737516577
0.012589254117941673	0.3333333333333333	0.3333256882327972	0.33331804603161375	0.33331040651830923	0.33330276955679394	0.33329513503899044	0.33328750287606546	0.3332798729941445	0.33327224533118455	0.33326461983453615	0.333256996459031	0.33324937516547815	0.33324175591947863	0.3332341386904947	0.333226523451114	0.33321891017647076	0.33321129884378753	0.3332036894320133	0.3331960819215355	0.3331884762939532	0.3331808725318947	0.33317327061887236	0.33316567053916657	0.3331580722777317	0.3331504758201202	0.33314288115242086	0.33313528826120803	0.33312769713349955	0.33312010775672185	0.33311252011868053	0.33310493420753584
0.012882495516931339	0.3333333333333333	0.33332532800599474	0.3333173258416723	0.3333093266072599	0.3333013301516419	0.33329333635528335	0.33328534512050295	0.33327735636649575	0.3332693700256879	0.33326138604092165	0.33325340436326434	0.3332454249503035	0.3332374477648178	0.3332294727737405	0.33322149994734923	0.33321352925863457	0.3332055606828037	0.3331975941968921	0.3331896297794584	0.33318166741034283	0.33317370707047733	0.33316574874173394	0.3331577924068048	0.33314983804910414	0.3331418856526912	0.3331339352022064	0.33312598668281845	0.3331180400801826	0.333110095380403	0.33310215257000364	0.33309421163590125
0.013182567385564071	0.3333333333333333	0.3333249508091308	0.3333165717353979	0.33330819585505267	0.33329982300038485	0.333291453039318	0.33328308586456007	0.33327472138781844	0.3332663595355626	0.3332580002457806	0.3332496434654793	0.3332412891487593	0.333232937255328	0.33322458774935254	0.3332162405985712	0.33320789577360693	0.3331995532474331	0.333191212994959	0.3331828749927066	0.333174539218557	0.33316620565155153	0.33315787427173493	0.3331495450600306	0.33314121799814045	0.3331328930684651	0.33312457025403813	0.3331162495384727	0.3331079309059163	0.33309961434101404	0.33309129982887686	0.33308298735505304
0.013489628825916537	0.33333333333333326	0.33332455584305587	0.33331578211660906	0.3333070118703455	0.3332982449182472	0.33328948111452794	0.3332807203414661	0.33327196250268465	0.33326320751823785	0.3332544553208833	0.333245705853242	0.33323695906563083	0.3332282149144076	0.3332194733607055	0.3332107343694642	0.3332019979086861	0.3331932639488646	0.3331845324625442	0.3331758034239779	0.3331670768088639	0.33315835259413773	0.33314963075780973	0.33314091127883655	0.33313219413701844	0.3331234793129169	0.3331147667877864	0.33310605654352	0.3330973485626019	0.3330886428280693	0.3330799393234849	0.33307123803288086
0.01380384264602885	0.3333333333333333	0.3333241422710145	0.33331495531409683	0.3333057721495102	0.3332965925710617	0.3332874164179934	0.3332782435612778	0.3332690738958139	0.33325990733474414	0.3332507438051858	0.33324158324501335	0.33323242560042915	0.3332232708241274	0.333214118873906	0.33320496971161234	0.33319582330234376	0.3331866796138374	0.3331775386160042	0.333168400280571	0.333159264580804	0.3331501314912945	0.33314100098779076	0.3331318730470659	0.333122747646811	0.33311362476555123	0.33310450438257533	0.33309538647787806	0.3330862710321118	0.3330771580265517	0.333068047443033	0.33305893926396013
0.014125375446227545	0.3333333333333333	0.33332370921687604	0.33331408957810493	0.3333044740713757	0.33329486246828677	0.33328525459175007	0.3332756503004916	0.3332660494799988	0.3332564520359653	0.3332468578894178	0.33323726697308403	0.3332276792286803	0.33321809460488505	0.3332085130558191	0.3331989345399079	0.3331893590190229	0.333179786457835	0.33317021682332315	0.33316065008440016	0.3331510862116256	0.3331415251769842	0.33313196695371194	0.33312241151616	0.33311285883968567	0.3331033089005634	0.3330937616759133	0.3330842171436399	0.33307467528238766	0.33306513607147004	0.3330555994908711	0.33304606552118476
0.014454397707459278	0.3333333333333333	0.33332325576328614	0.33331318307664826	0.33330311489172953	0.3332930509557079	0.33328299107370174	0.33327293509118133	0.33326288288348305	0.33325283434826664	0.3332427893999726	0.3332327479657362	0.3332227099823717	0.33321267539414207	0.33320264415110856	0.3331926162079014	0.3331825915228075	0.3331725700570849	0.33316255177444754	0.33315253664067646	0.33314252462332145	0.33313251569147173	0.33312250981557806	0.3331125069673105	0.3331025071194469	0.33309251024577946	0.33308251632103997	0.3330725253208419	0.33306253722159856	0.3330525520005162	0.33304256963552475	0.3330325901052464
0.014791083881682078	0.3333333333333333	0.3333227809497281	0.3333122338916563	0.3333016917375608	0.3332911542077947	0.3332806210881082	0.33327009220963266	0.33325956743675383	0.3332490466584603	0.3332385297820577	0.3332280167285909	0.3332175074295032	0.3332070018241946	0.3331964998582323	0.33318600148203514	0.3331755066499023	0.33316501531929266	0.3331545274502873	0.33314404300518363	0.3331335619481884	0.3331230842451799	0.33311260986352476	0.33310213877193096	0.33309167094033	0.33308120633978844	0.33307074494239935	0.33306028672125493	0.33304983165035973	0.33303937970458625	0.3330289308596272	0.33301848509195425
0.015135612484362083	0.3333333333333333	0.3333222837704967	0.3333112400149403	0.3333002016010379	0.33328916821970866	0.3332781396356398	0.33326711566445877	0.33325609615873614	0.3332450809980898	0.33323407008208267	0.3332230633251112	0.3332120606527208	0.3332010619989427	0.333190067304364	0.33317907651472334	0.3331680895798835	0.33315710645307584	0.33314612709034047	0.3331351514501052	0.333124179492868	0.33311321118095216	0.3331022464783153	0.33309128535039734	0.33308032776400365	0.3330693736871765	0.33305842308914924	0.33304747594024553	0.33303653221182117	0.3330255918762064	0.3330146549066544	0.3330037212772933
0.01548816618912481	0.3333333333333333	0.33332176317257406	0.33331019934396877	0.3332986413332054	0.3332870887989393	0.3332755414829701	0.3332639991841685	0.33325246174235035	0.33324092902699426	0.3332294009292428	0.3332178773562188	0.3332063582269764	0.33319484346960937	0.33318333301917885	0.3331718268162197	0.33316032480565916	0.3331488269360268	0.33313733315887223	0.33312584342832974	0.33311435770078995	0.3331028759346457	0.3330913980900938	0.3330799241289819	0.3330684540146517	0.3330569877118702	0.3330455251867099	0.33303406640647426	0.3330226113396264	0.3330111599557248	0.33299971222536473	0.33298826812012505
0.015848931924611134	0.3333333333333333	0.33332121805340814	0.33330910967744815	0.33329700763738884	0.3332849115565537	0.33327282115189233	0.3332607362041661	0.3332486565394135	0.33323658201612516	0.33322451251626806	0.3332124479389886	0.33320038819618214	0.3331883332093667	0.3331762829074654	0.3331642372252269	0.33315219610208896	0.33314015948135567	0.3331281273095929	0.33311609953617816	0.3331040761129595	0.33309205699399247	0.3330800421353383	0.33306803149486897	0.3330560250321681	0.33304402270838684	0.3330320244861485	0.33302003032945926	0.3330080402036284	0.33299605407519517	0.3329840719118642	0.33297209368244274
0.0162181009735893	0.3333333333333333	0.3333206472585863	0.33330796871069784	0.33329529706229377	0.3332826318980437	0.3332699729079337	0.33325731985315454	0.3332446725448496	0.3332320308295818	0.33321939457929795	0.3332067636843785	0.3331941380488105	0.33318151758681913	0.33316890222050805	0.3331562918781907	0.333143686493204	0.3331310860030502	0.33311849034877167	0.333105899474483	0.3330933133270182	0.3330807318556607	0.33306815501189785	0.33305558274928093	0.3330430150232492	0.3330304517910072	0.3330178930114128	0.33300533864487736	0.3329927886532753	0.3329802429998631	0.33296770164920303	0.3329551645670934
0.016595869074375606	0.3333333333333333	0.3333200495793997	0.33330677403080783	0.33329350599478447	0.3332802450137492	0.33326699074844723	0.33325374293891646	0.3332405013801793	0.333227265905828	0.3332140363768431	0.3332008126739531	0.33318759469239345	0.3331743823382966	0.3331611755261855	0.3331479741772222	0.33313477821796705	0.33312158757948934	0.3331084021967175	0.3330952220079543	0.333082046954507	0.33306887698040427	0.3330557120321349	0.3330425520584962	0.333029397010402	0.3330162468407486	0.33300310150428847	0.3329899609575189	0.3329768251585795	0.3329636940671585	0.3329505676444072	0.33293744585285956
0.016982436524617443	0.3333333333333333	0.3333194237502952	0.33330552311157347	0.3332916306523296	0.3332777458688415	0.33326386839015826	0.3332499979334467	0.33323613427626003	0.333222277238059	0.33320842666779793	0.33319458243555705	0.33318074442687806	0.3331669125389055	0.3331530866777388	0.33313926675659467	0.33312545269451665	0.33311164441544994	0.33309784184756697	0.3330840449227619	0.3330702535762689	0.3330564677463268	0.33304268737396875	0.333028912402785	0.3330151427787492	0.33300137845006034	0.3329876193670016	0.33297386548181324	0.3329601167485766	0.33294637312310704	0.332932634562855	0.33291890102681476
0.017378008287493755	0.3333333333333333	0.33331876844620545	0.3333042133081921	0.3332896670750958	0.3332751291928434	0.3332605992561375	0.33324607695740277	0.3332315620552372	0.33321705435367455	0.3332025536884543	0.3331880599178926	0.3331735729167816	0.33315909257228316	0.33314461878113855	0.3331301514477474	0.33311569048282325	0.33310123580243434	0.3330867873272995	0.3330723449822655	0.33305790869586827	0.33304347840004367	0.33302905402982774	0.33301463552313243	0.33300022282054487	0.33298581586514975	0.3329714146023694	0.33295701897981944	0.3329426289471758	0.332928244456052	0.3329138654598862	0.33289949191383594
0.01778279410038923	0.3333333333333333	0.33331808227975657	0.33330284185171444	0.33328761111767746	0.3332723894686691	0.3332571764621791	0.3332419717638492	0.3332267751116771	0.33321158629282394	0.33319640512848187	0.33318123146395195	0.33316606516210023	0.3331509060990014	0.33313575416100677	0.3331206092427404	0.33310547124569945	0.33309034007725513	0.3330752156499236	0.3330600978807792	0.3330449866910564	0.33302988200576483	0.3330147837533973	0.33299969186567446	0.33298460627731746	0.33296952692584875	0.33295445375141014	0.33293938669659673	0.3329243257063053	0.3329092707275939	0.3328942217095517	0.3328791786031779
0.018197008586099836	0.3333333333333333	0.3333173637983441	0.33330140584323864	0.333285458440445	0.3332695209211588	0.33325359280255545	0.3332376737212589	0.3332217633928434	0.33320586158598114	0.3331899681058238	0.3331740827832599	0.3331582054679182	0.3331423360235636	0.33312647432502296	0.333110620256095	0.3330947737080937	0.333078934578811	0.33306310277171514	0.3330472781953966	0.33303146076306733	0.3330156503921766	0.33299984700408136	0.33298405052375807	0.3329682608795486	0.33295247800293204	0.33293670182831747	0.3329209322928536	0.33290516933625575	0.3328894129006437	0.33287366293039344	0.3328579193719989
0.018620871366628676	0.3333333333333333	0.33331661148107206	0.33329990224783257	0.33328320450049087	0.33326651750508746	0.33324984073511893	0.3332331737957406	0.3332165163780776	0.33319986823050485	0.3331832291404629	0.33316659892286726	0.33314997741265506	0.3331333644599317	0.33311675992675305	0.3331001636849472	0.3330835756145938	0.3330669956029354	0.33305042354353015	0.3330338593356533	0.3330173028837551	0.33300075409703656	0.3329842128890803	0.33296767917752745	0.33295115288378735	0.3329346339327782	0.33291812225268974	0.3329016177747657	0.33288512043310414	0.33286863016447327	0.3328521469081411	0.33283567060571784
0.019054607179632477	0.3333333333333333	0.3333158237355495	0.3332983278881759	0.3332808445421596	0.3332633728926213	0.3332459123657249	0.33322846253245886	0.333211023057246	0.33319359366614265	0.3331761741270092	0.33315876423705115	0.33314136381490367	0.33312397269552596	0.33310659072683946	0.3330892177674534	0.33307185368507986	0.33305449835535084	0.33303715166098224	0.33301981349105536	0.333002483740457	0.3329851623093999	0.33296784910300836	0.3329505440309507	0.3329332470071099	0.332915957949286	0.3328986767789247	0.3328814034208678	0.3328641378031257	0.33284687985666583	0.33282962951521916	0.33281238671509983
0.019498445997580455	0.3333333333333333	0.3333149988945379	0.3332966794379072	0.3332783735871425	0.3332600804602036	0.3332417994319432	0.3332235300362099	0.3332052719082139	0.3331870247494312	0.33316878830605795	0.3331505623556595	0.33313234669878955	0.33311414115363036	0.3330959455524791	0.3330777597393767	0.3330595835684066	0.3330414169025071	0.3330232596125	0.3330051115763409	0.3329869726784913	0.33296884280938166	0.33295072186494196	0.33293260974618283	0.33291450635882053	0.3328964116129357	0.3328783254226624	0.3328602477059037	0.33284217838407054	0.3328241173818416	0.3328060646269423	0.3327880200499407
0.0199526231496888	0.3333333333333333	0.33331413521243947	0.3332949534146591	0.33327578642411076	0.33325663327483224	0.3332374932860255	0.3332183659511144	0.3331992508732975	0.3331801477269449	0.33316105623426473	0.3331419761510442	0.33312290725779564	0.3331038493541379	0.3330848022551216	0.3330657657887414	0.33304673979413923	0.33302772412032816	0.333008718625139	0.33298972317439346	0.33297073764120244	0.3329517619053598	0.3329327958528089	0.3329138393751654	0.33289489236928804	0.3328759547368877	0.3328570263841727	0.33283810722152346	0.3328191971631951	0.33280029612704465	0.33278140403427986	0.3327625208092302
0.020417379446695298	0.3333333333333333	0.3333132308616249	0.3332931461727764	0.3332730775978787	0.3332530240797171	0.33323298487710107	0.3332129594393934	0.33319294733465943	0.33317294820734444	0.33315296175308573	0.3331329877035275	0.3331130258169881	0.3330930758725715	0.3330731376663249	0.33305321100858454	0.3330332957221317	0.33301339164074306	0.33299349860807265	0.3329736164767244	0.3329537451074628	0.3329338843685262	0.33291403413501885	0.3328941942883653	0.3328743647158193	0.33285454531001846	0.3328347359685773	0.3328149365937184	0.3327951470919337	0.3327753673736754	0.3327555973530731	0.3327358369476747
0.020892961308540393	0.3333333333333333	0.3333122839285878	0.3332912538956919	0.33327024139806194	0.333249245279276	0.33322826473255845	0.3332072991591799	0.33318634808859193	0.3331654111321719	0.3331444879561211	0.3331235782653331	0.33310268179357266	0.333081798297302	0.3330609275516457	0.33304006934758135	0.33301922348995744	0.33299838979591795	0.3329775680936647	0.3329567582214178	0.33293596002652504	0.3329151733646795	0.3328943980992253	0.33287363410053555	0.3328528812454501	0.3328321394167675	0.332811408502782	0.3327906883968645	0.33276997899707883	0.33274928020583344	0.3327285919295626	0.3327079140784358
0.021379620895022322	0.3333333333333333	0.3333112924099203	0.33328927258795255	0.33326727184721844	0.3332452889234482	0.33322332293858387	0.33320137324133114	0.33317943931864596	0.33315752074534133	0.33313561715500906	0.33311372822292434	0.3330918536557183	0.33306999318490577	0.3330481465625974	0.3330263135585746	0.3330044939580765	0.3329826875601045	0.3329608941760358	0.33293911362845396	0.3329173457501356	0.33289559038316074	0.3328738473781192	0.33285211659339914	0.3328303978945477	0.3328086911536908	0.332786996249009	0.33276531306426194	0.3327436414883563	0.33272198141495357	0.33270033274211275	0.3326786953719657
0.021877616239495523	0.3333333333333333	0.3333102542081002	0.33328719806687446	0.33326416268844217	0.3332411466912901	0.33321814911981584	0.33319516926519155	0.3331722065675533	0.33314926056126437	0.33312633084380266	0.33310341705767765	0.33308051887957213	0.33305763601353694	0.33303476818645017	0.33301191514487477	0.33298907665264854	0.33296625248900613	0.33294344244702534	0.33292064633230123	0.3328978639617964	0.33287509516282265	0.3328523397721377	0.33282959763513237	0.3328068686051027	0.3327841525425925	0.33276144931479934	0.3327387587950382	0.33271608086225646	0.3326934154005936	0.33267076229898307	0.3326481214507909
0.022387211385683396	0.33333333333333326	0.33330916712708225	0.3332850259538136	0.3332609073723896	0.3332368098738244	0.33321273241807725	0.3331886742332655	0.33316463470789104	0.33314061333155925	0.33311660966177264	0.33309262330482764	0.33306865390440243	0.3330447011343447	0.33302076469390196	0.33299684430425525	0.33297293970590575	0.33294905065657454	0.33292517692944956	0.33290131831168235	0.33287747460307576	0.33285364561492425	0.3328298311689819	0.3328060310965395	0.3327822452375963	0.3327584734401174	0.3327347155593635	0.33271097145728845	0.3326872410019953	0.33266352406724636	0.33263982053201935	0.3326161302801084
0.02290867652767773	0.3333333333333333	0.3333080288676855	0.3332827516650337	0.3332574990437112	0.33323226935610867	0.33320706147014684	0.3331818745447509	0.3331567079114355	0.3331315610102802	0.33310643335456547	0.3330813245106102	0.3330562340857526	0.33303116172071506	0.3330061070844876	0.33298106987055265	0.3329560497939924	0.3329310465891324	0.33290606000755774	0.33288108981640296	0.33285613579685613	0.33283119774283626	0.33280627545982006	0.33278136876379283	0.3327564774803131	0.33273160144367314	0.33270674049614757	0.33268189448731755	0.332657063273466	0.33263224671703107	0.3326074446861168	0.33258265705405143
0.023442288153199223	0.3333333333333333	0.333306837022763	0.3332803704021513	0.3332539305268598	0.333227515598487	0.33320112438452404	0.3331747559678827	0.3331484096171464	0.3331220847176033	0.33309578073365254	0.3330694971875371	0.33304323364662597	0.33301698971535765	0.3329907650296469	0.3329645592527771	0.33293837207216886	0.3329122031967242	0.3328860523545754	0.33285991929113756	0.332833803767404	0.3328077055584419	0.33278162445205883	0.33275556024761666	0.33272951275497603	0.3327034817935537	0.3326774671914804	0.3326514687848493	0.3326254864170419	0.33259951993812564	0.3325735692043127	0.3325476340774755
0.023988329190194904	0.3333333333333333	0.3333055890721488	0.33327787714214085	0.33325019431125225	0.33322253861699036	0.33319490871714647	0.3331673036110382	0.33313972249772794	0.33311216470190824	0.3330846296339964	0.3330571167676866	0.33302962562648936	0.33300215577510806	0.33297470681336117	0.3329472783716396	0.33291987010728596	0.3328924817015901	0.33286511285723064	0.3328377632960569	0.3328104327571494	0.33278312099511165	0.33275582777855983	0.332728552888786	0.3327012961185707	0.33267405727112787	0.33264683615916746	0.3326196326040593	0.33259244643508834	0.3325652774887906	0.3325381256083592	0.33251099064311374
0.024547089156850305	0.3333333333333333	0.3333042823773697	0.33327526662687923	0.3332462825357506	0.3332173279628498	0.33318840144601347	0.3331595018925491	0.3331306284247031	0.33310178030018744	0.3330729568698731	0.33304415755403255	0.3330153818281102	0.3329866292133677	0.3329578992702641	0.33292919159339646	0.3329005058074228	0.33287184156365507	0.3328431985371496	0.33281457642418344	0.3327859749400507	0.3327573938171282	0.33272883280317156	0.3327002916598113	0.33267177016122407	0.3326432680929573	0.3326147852508864	0.33258632144029143	0.3325578764750364	0.33252945017684066	0.33250104237462874	0.3324726529039536
0.0251188643150958	0.33333333333333326	0.3333029141761095	0.3332725333522093	0.3332421869724367	0.3332118727010777	0.333181588944668	0.33315133450916623	0.3331211084319403	0.3330909098967147	0.3330607381887298	0.33303059266959556	0.3330004727621018	0.33297037794008477	0.3329403077211297	0.3329102616609105	0.33288023934858446	0.33285024040292477	0.3328202644690095	0.33279031121535685	0.3327603803314268	0.33273047152543705	0.33270058452244666	0.3326707190626718	0.33264087490000327	0.3326110518007019	0.3325812495422448	0.332551467912309	0.3325217067078711	0.33249196573440964	0.332462244805199	0.33243254374068043
0.02570395782768864	0.3333333333333333	0.33330148157641826	0.3332696715564992	0.3332378990096455	0.3332061613880842	0.3331744569544891	0.3331427844031184	0.3331111426775686	0.33307953087989906	0.33304794822310485	0.3330163940044348	0.33298486758909185	0.3329533683991861	0.3329218959056387	0.3328904496218227	0.3328590290983484	0.3328276339186701	0.3327962636953243	0.3327649180666814	0.33273359669412395	0.33270229925958694	0.33267102546341104	0.33263977502246234	0.33260854766848713	0.33257734314666687	0.3325461612143495	0.33251500163993297	0.33248386420188203	0.3324527486878597	0.33242165489396036	0.33239058262403043
0.02630267991895382	0.33333333333333326	0.33329998155065044	0.3332666752086766	0.3332334096342261	0.3332001820482783	0.33316699055574034	0.3331338337277074	0.3331007104042124	0.3330676195972605	0.3330345604403936	0.3330015321603525	0.33296853405942534	0.3329355655033582	0.3329026259123186	0.33286971475372784	0.33283683153634697	0.3328039758052877	0.3327711471377477	0.3327383451393353	0.33270556944089125	0.33267281969573037	0.33264009557724356	0.33260739677680895	0.33257472300197055	0.3325420739748474	0.33250944943074034	0.33247684911691383	0.33244427279152367	0.33241172022267607	0.33237919118759784	0.33234668547190305
0.026915348039269163	0.3333333333333333	0.33329841092912327	0.3332635379957133	0.33322870941299554	0.33319392214961735	0.3331591741373258	0.33312446381137795	0.3330897898974794	0.33305515130840996	0.33302054709047735	0.3329859763932292	0.3329514384503037	0.3329169325660794	0.33288245810555417	0.3328480144862427	0.33281360117146974	0.3327792176647107	0.3327448635047637	0.33271053826160635	0.33267624153282727	0.3326419729405423	0.33260773212872846	0.33257351876091024	0.33253933251815315	0.3325051730973172	0.3324710402095351	0.3324369335788859	0.3324028529412312	0.33236879804319847	0.33233476864128597	0.3323007645010744
0.027542287033381664	0.3333333333333333	0.33329676639347966	0.3332602533095352	0.33322378847334944	0.3331873685780522	0.3331509913651942	0.33311465512019645	0.3330783584426269	0.33304210013605273	0.3330058791510919	0.33296969455289815	0.3329335455002639	0.33289743123079985	0.3328613510495556	0.3328253043198506	0.33278929045566874	0.3327533089152492	0.3327173591956372	0.33268144082802587	0.33264555337376334	0.3326096964209202	0.33257386958133384	0.33253807248805856	0.33250230479316145	0.3324665661658139	0.3324308562906349	0.33239517486625075	0.33235952160403937	0.3323238962270315	0.33228829846894986	0.3322527280733626
0.02818382931264454	0.3333333333333333	0.33329504446974445	0.33325681423333225	0.3332186364829938	0.33318050761082585	0.33314242514933745	0.33310438721867586	0.33306639227934254	0.3330284390148038	0.33299052627085196	0.33295265302046284	0.3329148183408968	0.33287702139715947	0.3328392614291759	0.33280153774140775	0.3327638496942384	0.33272619669673054	0.33268857820049247	0.33265099369445944	0.3326134427004416	0.33257592476931747	0.33253843947777073	0.3325009864254896	0.33246356523275566	0.3324261755383654	0.3323888169978335	0.3323514892818344	0.3323141920748484	0.33227692507398177	0.33223968798793424	0.3322024805360861
0.028840315031266057	0.3333333333333333	0.33329324152105755	0.33325321352724235	0.3332132426287571	0.3331733248885723	0.33313345760932017	0.3330936387288758	0.3330538665545189	0.33301413963782694	0.3329744567098385	0.33293481664296026	0.33289521842569825	0.3328556611441363	0.33281614396745685	0.3327766661361853	0.33273722695244756	0.33269782577180684	0.3326584619963809	0.3326191350690158	0.33257984446834155	0.33254058970456446	0.33250137031588006	0.3324621858654077	0.3324230359385631	0.3323839201408024	0.33234483809567844	0.3323057894431617	0.3322667738381829	0.3322277909493686	0.3321888404579269	0.3321499220567058
0.029512092266663854	0.3333333333333333	0.33329135374007174	0.333249443613379	0.33320759559444446	0.33316580538616647	0.33312407003828376	0.33308238728770767	0.3330407552730482	0.3329991724011755	0.33295763727766026	0.3329161486652702	0.33287470545594766	0.3328333066500102	0.3327919513397882	0.332750638696327	0.3327093679583929	0.332668138423298	0.33262694943920246	0.3325858003986336	0.33254469073301374	0.33250361990802924	0.33246258741970036	0.33242159279103806	0.33238063556919145	0.33233971532300627	0.3322988316409294	0.3322579841292016	0.33221717241029614	0.33217639612155453	0.3321356549140298	0.33209494845141063
0.03019951720402016	0.3333333333333333	0.33328937714099743	0.3332454965601749	0.33320168353768925	0.3331579333822699	0.3331142428653557	0.33307060950237766	0.33302703124641286	0.33298350634574425	0.33294003326888527	0.3328966106591616	0.3328532373035012	0.3328099121090247	0.3327666340845532	0.3327234023255882	0.33268021600193637	0.33263707434742684	0.33259397665133394	0.33255092225119215	0.33250791052676465	0.33246494089496303	0.3324220128055578	0.3323791257375451	0.332336279196058	0.3322934727097337	0.33225070582845734	0.33220797812141745	0.33216528917545823	0.3321226385935864	0.33208002599373276	0.33203745100763604
0.030902954325135908	0.3333333333333333	0.33328730755128144	0.3332413640660127	0.3331954940657634	0.3331496924275197	0.3331039556164028	0.33305828090385525	0.3330126660390998	0.3329671090967513	0.33292160839574914	0.33287616244937723	0.3328307699303902	0.33278542964463	0.3327401405101399	0.33269490154023323	0.33264971182959746	0.3326045705428127	0.33255947690482446	0.3325144301930099	0.3324694297305511	0.33242447488088445	0.3323795650430337	0.33233469964767326	0.3322898781537951	0.3322451000458742	0.33220036483143994	0.3321556720390256	0.3321110212163344	0.33206641192871367	0.33202184375779153	0.33197731630028965
0.0316227766016838	0.3333333333333333	0.3332851406028983	0.33323703744210625	0.3331890142102948	0.33314106531129883	0.33309318687305545	0.33304537589838246	0.33299762991269827	0.3329499468006386	0.33290232471802783	0.3328547620366351	0.3328072573050978	0.33275980921917464	0.33271241659818035	0.3326650783659427	0.3326177935352495	0.33257056119506817	0.3325233805000031	0.33247625066156516	0.3324291709409194	0.33238214064283844	0.3323351591106416	0.3322882257219433	0.3322413398850624	0.33219450103597137	0.33214770863572607	0.332100962168201	0.3320542611381957	0.332007605069765	0.33196099350477315	0.33191442600159093
0.03235936569296283	0.3333333333333333	0.33328287172324145	0.333232507594605	0.33318223040085	0.3331320340270325	0.33308191422993594	0.3330318677168156	0.3329818917676068	0.3329319840593082	0.3328821425699801	0.33283236551744216	0.3327826513154054	0.3327329985399312	0.332683405902892	0.3326338722306069	0.3325843964464876	0.33253497755686356	0.33248561463935505	0.33243630683330144	0.33238705333184926	0.33233785337538796	0.33228870624607765	0.3322396112632668	0.332190567779627	0.332141575177914	0.33209263286814544	0.33204374028524475	0.33199489688697825	0.3319461021521783	0.3318973555791561	0.3318486566843704
0.03311311214825911	0.3333333333333333	0.33328049612559374	0.3332277650058827	0.3331751284373302	0.3331225797359457	0.33307011425002164	0.3330177283618117	0.3329654190822515	0.3329131838615812	0.33286102048423755	0.3328089270005983	0.33275690167767247	0.33270494296131214	0.3326530494463798	0.3326012198528514	0.3325494530065147	0.3324977478233019	0.3324461032965123	0.3323945184863534	0.3323429925113377	0.3322915245411765	0.3322401137908778	0.3321887595158108	0.33213746100759184	0.3320862175905438	0.3320350286187431	0.33198389347345847	0.3319328115609532	0.3318817823105411	0.3318308051729477	0.3317798796188029
0.033884415613920256	0.33333333333333326	0.3332780087991575	0.3332227997149769	0.33316769346113034	0.33311268272921835	0.33305776241802604	0.3330029285527347	0.3329481778497211	0.33289350751177804	0.33283891511253605	0.3327843985202673	0.33272995584243087	0.3326755853831501	0.33262128560976056	0.332567055126157	0.3325128926513996	0.3324587970024546	0.3324047670802025	0.33235080185804405	0.332296900372575	0.332243061715912	0.33218928502933287	0.3321355694980107	0.33208191434653306	0.33202831883517775	0.3319747822567113	0.33192130393365527	0.33186788321588967	0.3318145194786281	0.3317612121205773	0.33170796056233964
0.034673685045253165	0.3333333333333333	0.3332754044986266	0.33321760129714123	0.3331599099250093	0.3331023223884727	0.33304483309182364	0.3329874376681988	0.3329301325117185	0.3328729145553151	0.33281578114317345	0.33275872994549893	0.33270175889615744	0.33264486614490396	0.33258805001996916	0.33253130899842676	0.3324746416825597	0.3324180467809108	0.3323615230930104	0.3323050694970027	0.33224868493956206	0.332192368427618	0.3321361190215543	0.33207993582948997	0.3320238180025454	0.3319677647308134	0.33191177523993687	0.3318558487881348	0.3317999846636899	0.33174418218268836	0.331688440687062	0.33163275954284227
0.03548133892335755	0.3333333333333333	0.33327267773327696	0.33321215884247074	0.3331517615616151	0.3330914771445227	0.33303129945169746	0.3329712236861561	0.3329112458897283	0.3328513627011993	0.33279157121506564	0.33273186888606426	0.33267225345909235	0.33261272291564664	0.3325532754320971	0.3324939093468474	0.33243462313431166	0.3323754153841783	0.33231628478479086	0.3322572301097457	0.33219825020700783	0.3321393439900423	0.3320805104304449	0.3320217485518774	0.33196305742495436	0.3319044361629318	0.3318458839179912	0.33178739987810446	0.33172898326424527	0.33167063332797503	0.33161234934930295	0.33155413063478134
0.03630780547701014	0.3333333333333333	0.33326982275555583	0.33320646093356054	0.33314323135060725	0.3330801244343136	0.3330171334474311	0.3329542531214319	0.3328914791132915	0.33282880774131174	0.332766235828286	0.3327037605944809	0.3326413795789642	0.3325790905796941	0.3325168916071187	0.332454780847897	0.3323927566363406	0.33233081743179105	0.33226896180058485	0.3322071884015666	0.33214549597440146	0.3320838833299779	0.3320223493425688	0.33196089294328907	0.3318995131146187	0.33183820888573007	0.3317769793285514	0.3317158235543052	0.3316547407105177	0.33159372997838443	0.3315327905704309	0.33147192172842443
0.03715352290971726	0.3333333333333333	0.33326683354914766	0.33320049562215637	0.33313430148432066	0.33306824065597956	0.3330023057431143	0.3329364909606116	0.33287079154528254	0.3328052034663592	0.33273972325095746	0.3326743478640898	0.3326090746204829	0.33254390111773136	0.3324788251848545	0.3324138448423473	0.33234895827093514	0.3322841637869661	0.3322194598228882	0.3321548449116275	0.33209031767401775	0.3320258768084969	0.33196152108269195	0.33189724932639897	0.33183306042565625	0.3317689533177751	0.33170492698701126	0.33164098046084334	0.3315771128067093	0.33151332312912546	0.33144961056712197	0.3313859742919443
0.038018939632056124	0.3333333333333333	0.33326370381648945	0.3331942504047515	0.33312495333190656	0.33305580112194905	0.3329867856595818	0.3329179005941777	0.33284914070407334	0.3327805015783731	0.3327119794223669	0.33264357092304897	0.3325752731504562	0.33250708348328256	0.3324389995520203	0.33237101919510487	0.33230314042483206	0.33223536140065996	0.33216768040811456	0.3321000958420048	0.3320326061928431	0.331965210035854	0.3318979060219037	0.3318306928699204	0.3317635693605734	0.3316965343308265	0.3316295866692761	0.3315627253120896	0.3314959492394373	0.3314292574723315	0.3313626490698036	0.3312961231263675
0.03890451449942806	0.3333333333333333	0.3332604269657163	0.3331877121970848	0.3331151674018854	0.33304278000997456	0.3329705411143896	0.33289844374578736	0.3328264821824698	0.33275465159962847	0.3326829478521687	0.3326113673240996	0.33253990681838086	0.3324685634743783	0.33239733470520844	0.33232621814974106	0.3322552116355214	0.33218431314986585	0.33211352081714957	0.3320428328806827	0.331972247688193	0.3319017636799853	0.3318313793791564	0.33176109338349247	0.33169090435856124	0.3316208110318368	0.3315508121876144	0.3314809066625691	0.3314110933418398	0.3313413711555502	0.33127173907569196	0.3312021967194728
0.03981071705534972	0.3333333333333333	0.3332569960970066	0.33318086730749435	0.33310492330305197	0.33302915031211344	0.3329535385592369	0.332878080398591	0.3328027695633037	0.33272760077785957	0.3326525695155438	0.33257767182996734	0.33250290423236734	0.3324282636002703	0.33235374710865223	0.3322793521775577	0.33220507643185593	0.3321309176700512	0.3320568738397525	0.3319829430182605	0.33190912339693435	0.3318354132684274	0.33176181101620794	0.3316883151057266	0.33161492407695803	0.33154163653799473	0.3314684511594861	0.3313953666697656	0.3313223818505397	0.3312494955330454	0.3311767071202147	0.33110401425205666
0.04073802778041127	0.3333333333333333	0.3332534039883027	0.33317370140907365	0.33309419970365534	0.3330148837814324	0.33293574291473016	0.3328567687184716	0.3327779543315545	0.3326992939876342	0.33262078274416895	0.33254241629424536	0.33246419083023915	0.3323861029430356	0.33230814954661514	0.3322303278210348	0.3321526351688525	0.33207506918148244	0.33199762761280244	0.33192030835828396	0.33184310943814155	0.33176602898364443	0.3316890652257198	0.3316122164854095	0.33153548116574194	0.3314588577447289	0.331382344769266	0.33130594084976656	0.3312296453354697	0.331153455362876	0.3310773706018321	0.3310013898805543
0.04168693834703355	0.33333333333333326	0.3332496430803803	0.3331661995105839	0.33308297428879285	0.3329999508764548	0.3329171175023927	0.3328344649740983	0.33275198578288	0.332669673627758	0.3325875231128612	0.3325055295376208	0.33242368874566336	0.33234199701392525	0.3322604509702597	0.33217904753150973	0.33209778385644506	0.3320166573094412	0.33193566543216146	0.3318548059210343	0.33177407660917296	0.3316934754515176	0.33161300051251735	0.3315326499557381	0.33145242203498126	0.3313723150866034	0.33129232752280235	0.33121245845192493	0.3311327049314655	0.33105306642024157	0.3309735415879712	0.3308941291555374
0.04265795188015927	0.3333333333333333	0.3332457054612325	0.33315834592606486	0.3330712237159353	0.33298432070321676	0.33289762397381	0.33281112345367075	0.332724810928423	0.3326386795145671	0.33255272332174624	0.3324669372192858	0.3323813166691555	0.33229585760429803	0.332210556338832	0.33212540950097524	0.3320404139821794	0.3319555668980887	0.33187086555802836	0.3317863074407524	0.3317018901749187	0.33161761152299685	0.3315334693678722	0.33144946170149847	0.3313655866151616	0.33128184229102964	0.33119822757643014	0.3311147394045906	0.3310313770064217	0.330948138869513	0.33086502354175756	0.3307820296269961
0.043651583224016605	0.33333333333333326	0.33324158284974414	0.3331501242430901	0.3330589235685121	0.3329679609548464	0.33287722223680344	0.3327866963782341	0.3326963743957631	0.3326062487709682	0.3325163130738062	0.332426561703387	0.33233698970380665	0.3322475926309909	0.3321583664550585	0.33206930748775565	0.33198041232761055	0.3318916778179	0.3318031010137537	0.3317146791560511	0.33162640965021795	0.3315382900487784	0.33145031803673125	0.3313624914191192	0.3312748081103227	0.3311872666719803	0.3310998638613296	0.3310125986608376	0.33092546934834055	0.3308384742729492	0.33075161184971497	0.33066488055486276
0.04466835921509632	0.3333333333333333	0.33323726657862185	0.3331415172896132	0.33304604830748735	0.33295083784857016	0.332855870378525	0.33276113381144534	0.3326666183258822	0.33257231571108736	0.332478218947661	0.3323843219203635	0.3322906192155856	0.3321971059759716	0.3321037777945083	0.33201063063605735	0.3319176607783219	0.3318248647664987	0.33173223937787233	0.3316397815935164	0.33154748857531396	0.3314553576469321	0.33136338627781636	0.3312715720695303	0.3311799132675244	0.33108840639414255	0.3309970501581417	0.3309058425951974	0.33081478182548585	0.3307238660471201	0.33063309353031217	0.3305424626121562
0.045708818961487506	0.3333333333333333	0.3332327475765468	0.3331325070993373	0.3330325712207956	0.3329329160600459	0.3328335245853514	0.33273438356565477	0.3326354822659999	0.3325368117203764	0.33243836426542683	0.33234013322301464	0.3322421126780552	0.33214429732016054	0.3320466823289094	0.33194926328915236	0.33185203612738823	0.3317549970628688	0.3316581425693381	0.33156146934435143	0.33146497428425703	0.33136865446339453	0.3312725071165222	0.3311765301349746	0.33108071973918707	0.33098507433289087	0.33088959167144166	0.330794269610706	0.33069910609895037	0.3306040991696568	0.330509246935134	0.3304145475808117
0.04677351412871982	0.3333333333333333	0.3332280163495154	0.3331230748755546	0.33301846437066523	0.33291415865491913	0.33281013905946477	0.3327063911041783	0.33260290305814194	0.3324996651310319	0.33239666895550457	0.3322939072371518	0.3321913735113564	0.3320890619711817	0.33198696734318384	0.3318850847961182	0.3317834098722647	0.33168193843470717	0.3315806666258283	0.33147959083398537	0.33137870766618394	0.33127801392526424	0.3311775065905572	0.3310771830358159	0.3309770397891905	0.3308770747911105	0.3307772855914781	0.3306776698501035	0.33057822532782555	0.3304789498786519	0.3303798414427691	0.3302808980403024
0.04786300923226383	0.3333333333333333	0.33322306296133514	0.3331132009533857	0.333003698538598	0.3328945270174997	0.33278566593199543	0.3326770994396259	0.3325688147232987	0.3324608010925784	0.3323530494101461	0.332245551706679	0.3321383009153469	0.33203129068503046	0.3319245152461139	0.33181796931195906	0.3317116480048533	0.3316055467989076	0.3314996614750263	0.33139398808456455	0.3312885229193978	0.3311832624868355	0.3310782037286606	0.33097334274680457	0.33086867711379203	0.3307642040243055	0.3306599208042325	0.3305558248996338	0.3304519138670273	0.3303481853647897	0.3302446371455131	0.3301412686702905
0.048977881936844624	0.3333333333333333	0.333217877013236	0.3331028647603559	0.3329882431680242	0.33287398077644625	0.33276005517260504	0.33264644902814555	0.33253314834102526	0.33242014143746323	0.3323074183376442	0.332194970332949	0.3320827896966497	0.3319708694814246	0.33185920337446306	0.33174778559109097	0.3316366107947406	0.33152567403504174	0.3314149706987999	0.3313044964702503	0.33119424729818947	0.331084219627672	0.33097440903805875	0.33086481268169265	0.3307554273395325	0.33064624994977837	0.3305372775940907	0.3304285074855188	0.3303199369578731	0.3302115650083588	0.3301033861336898	0.32999539943225537
0.05011872336272723	0.3333333333333333	0.33321244762255803	0.3330920447752369	0.33297206630449183	0.33285247772734733	0.3327332544953781	0.33261437765944707	0.3324958319243382	0.3323776045415121	0.33225968460899663	0.3321420626082827	0.3320247300896044	0.33190767945274896	0.3317909037905297	0.3316743967739469	0.33155815256546367	0.3314421657517581	0.33132643129019923	0.3312109444652626	0.33109570114384135	0.33098069627196597	0.3308659265161964	0.3307513881739289	0.3306370777318115	0.3305229918484227	0.33040912733919214	0.3302954811631957	0.3301820519514655	0.33006883387945574	0.3299558257225927	0.32984302491387274
0.05128613839913648	0.3333333333333333	0.33320676340047684	0.333080718485084	0.332955134533307	0.3328299737520851	0.3327052092608955	0.3325808203424626	0.3324567902897583	0.3323331051790943	0.3322097530988861	0.3320867236434101	0.3319640075708841	0.33184159656641943	0.3317194830728847	0.3315976601666956	0.3314761214637227	0.33135486104601436	0.3312338734032063	0.3311131537211827	0.33099269618455124	0.33087249689148746	0.33075255157199646	0.3306328561849303	0.3305134068960763	0.3303942000592028	0.3302752321995625	0.3301565015216338	0.3300380018413013	0.3299197315565024	0.329801687753815	0.3296838676350871
0.05248074602497726	0.3333333333333333	0.3332008124287253	0.3330688623403944	0.3329374129145236	0.33280642273486044	0.3326758623743529	0.3325457091864977	0.3324159449223498	0.33228655437284493	0.33215752452086866	0.33202884398882204	0.33190050266769	0.33177249146064824	0.33164480210028	0.33151742701393827	0.33139035922145427	0.33126359225507784	0.3311371200951808	0.3310109371974356	0.33088503780555584	0.3307594173747904	0.3306340712446716	0.33050899500496783	0.33038418447170437	0.3302596370836633	0.33013534629794195	0.3300113097737345	0.3298875240523307	0.3297639858221758	0.3296406919074827	0.32951763925806715
0.05370317963702527	0.3333333333333333	0.3331945822352643	0.33305645170830966	0.3329188649151793	0.3327817764747585	0.33264515417958773	0.3325089732777278	0.3323732138356048	0.33223785923779414	0.33210289525652176	0.33196830944979494	0.3318340907593495	0.33170022923335474	0.33156671582858976	0.33143354226430094	0.3313007009106893	0.3311681847012299	0.33103598721052974	0.3309041016722326	0.3307725228180122	0.33064124525753347	0.33051026390463034	0.3303795739467425	0.3302491722112285	0.33011905165348865	0.3299892093895034	0.32985964147471153	0.32973034413893504	0.3296013137723782	0.3294725469131896	0.32934404023637004
0.054954087385762455	0.3333333333333333	0.3331880597688634	0.33304346082378333	0.33289945233867546	0.33275598459473005	0.332613022348877	0.3324705385508929	0.3323285114260197	0.33218692281974527	0.3320457571785446	0.3319050008950003	0.33176464187229693	0.3316246692242197	0.33148507306069197	0.33134584432884073	0.3312069746911328	0.3310684564291247	0.33093028226201104	0.3307924453647338	0.3306549397129175	0.33051775942376727	0.3303808989470709	0.33024435439379196	0.33010811814124263	0.32997218667032735	0.3298365554738808	0.3297012202520945	0.3295661768952242	0.329431421468301	0.3292969501975623	0.3291627594584098
0.05623413251903491	0.3333333333333333	0.33318123137253686	0.33302986273863777	0.33287913525118806	0.33272899444686027	0.332579401768362	0.332430327656037	0.332281748322215	0.3321336439277955	0.3319859974675678	0.33183879405852384	0.33169202046818436	0.33154566478973535	0.3313997162092049	0.3312541648321956	0.33110900155040707	0.3309642179244944	0.33081980580254966	0.33067575822418227	0.3305320683631732	0.33038872979989914	0.3302457378038779	0.3301030840811435	0.3299607643693515	0.32981877350790945	0.3296771065837062	0.3295357589096459	0.3293947260057651	0.3292540035825572	0.32911358752623265	0.3289734738855624
0.057543993733715694	0.3333333333333333	0.33317408275579363	0.3330156292683863	0.33285787190500304	0.3327007510137915	0.3325442244189563	0.3323882598201462	0.3322328312284446	0.3320779169607525	0.33192349842257785	0.3317695593352696	0.33161608522511626	0.33146306307116713	0.3313104810520021	0.33115832835641773	0.3310065951317488	0.33085527164046835	0.3307043497908044	0.3305538216331879	0.33040367971831325	0.33025391832383255	0.33010452837122634	0.32995550472645474	0.3298068414675268	0.32965853296901637	0.3295105738752665	0.32936295907694707	0.32921568369046117	0.3290687430398311	0.3289221326405729	0.32877584818550215
0.0588843655355589	0.3333333333333333	0.3331665989656437	0.3330007309368307	0.3328356186586562	0.33267119680616897	0.3325074192525912	0.33234425070353	0.3321816627623389	0.3320196317274373	0.33185813726482405	0.331697161569499	0.3315366888118632	0.3313767047553402	0.331217196480435	0.33105815217743767	0.3308995608478257	0.33074141237961474	0.3305836976900417	0.3304264081036533	0.3302695367236118	0.3301130735491247	0.3299570124207528	0.3298013465260956	0.3296460694097034	0.3294911749394249	0.3293366572771344	0.32918251085320016	0.32902873034403585	0.32887531065236464	0.3287222468898028	0.3285695343613433
0.06025595860743578	0.3333333333333333	0.3331587643563122	0.3329851369182124	0.3328123298937633	0.33264027175597005	0.3324689120636484	0.3322982122507976	0.332128141286776	0.33195867326063416	0.33178978593503977	0.33162145983649133	0.331453677654968	0.3312864238281755	0.33111968424020766	0.33095344599412424	0.3307876968706372	0.3306224263119262	0.330457624165752	0.33029328213703235	0.33012938913464834	0.3299659377885028	0.3298029202407662	0.3296403290653127	0.3294781572251795	0.32931639803580004	0.32915504513311716	0.3289940924457191	0.32883353417046135	0.3286733647510512	0.3285135788590668	0.3283541721720761
0.06165950018614822	0.3333333333333333	0.33315056255760583	0.3329688149769223	0.3327879579284169	0.3326079131055793	0.33242862535543544	0.33225005253627543	0.3320721607356305	0.3318949216245995	0.3317183108839613	0.33154230721718453	0.331366891698659	0.3311920473209067	0.3310177586648574	0.3308440114227417	0.330670792763809	0.3304980909049463	0.33032589587613814	0.3301541952894502	0.3299829803393026	0.3298122419349958	0.32964197151070795	0.3294721609713323	0.3293028026459868	0.3291338892479472	0.3289654138398568	0.3287973698034556	0.3286297508131156	0.3284625508125139	0.32829576484301015	0.3281293858347819
0.06309573444801933	0.33333333333333326	0.3331419764418718	0.3329517314046331	0.3327624529270267	0.332574055292465	0.33238647820154704	0.3321996756037102	0.3320136104333935	0.33182825171595076	0.33164357285589086	0.3314595505657041	0.331276164157492	0.3310933950489252	0.3309112264018079	0.33072964241052905	0.3305486295086496	0.33036817563093546	0.330188266836373	0.33000889260922245	0.3298300423976861	0.3296517062918608	0.32947387495422925	0.3292965395604466	0.3291196917486542	0.3289433235757707	0.3287674274796806	0.32859199624635865	0.32841702363600733	0.3282425019730002	0.32806842531291885	0.3278947875737601
0.06456542290346555	0.3333333333333333	0.3331329880894948	0.3329338509547597	0.33273576280647593	0.33253862982931637	0.3323423861019657	0.3321469813001489	0.3319523749084236	0.33175853305791303	0.3315654266653012	0.33137303026969395	0.3311813212616583	0.3309902793432105	0.3307998858514618	0.33061012422669145	0.3304209801113984	0.3302324376893019	0.33004448439662104	0.3298571079403971	0.3296702968177572	0.32948404022593536	0.32929832798624903	0.32911315047950607	0.3289284985907121	0.3287443636615436	0.3285607374492711	0.32837761277581023	0.32819498099091415	0.3280128353135135	0.3278311688423472	0.3276499749535058
0.0660693448007596	0.33333333333333326	0.33312357875286486	0.33291513677414675	0.33270783313846203	0.3325015651794901	0.3322962608337491	0.33209186510374533	0.33188833369973625	0.33168562958766523	0.33148372096633627	0.33128258000336996	0.3310821819948989	0.3308825047743119	0.33068352827595543	0.33048523420105236	0.33028760575479543	0.3300906274353116	0.3298942848617826	0.329698564632903	0.3295034542092755	0.3293089418149435	0.32911501635441	0.32892166734216655	0.3287288848425433	0.32853665941805843	0.3283449827868272	0.3281538452086291	0.3279632389211534	0.32777315608166213	0.3275835891742366	0.3273945309858772
0.06760829753919817	0.3333333333333333	0.33311372881875867	0.33289555033187673	0.3326786070478912	0.3324627866276251	0.33224801029615175	0.3320342179454863	0.3318213611571591	0.3316093994367777	0.33139829801512966	0.3311880264732283	0.33097855782498886	0.33076986786887685	0.3305619347077175	0.3303547383802496	0.3301482605710741	0.3299424843780574	0.3297373941232419	0.3295329751974858	0.32932921393167713	0.3291260974891818	0.3289236137752873	0.32872175136050363	0.3285204994151678	0.3283198483602613	0.32811978722484536	0.3279203070978767	0.3277213990521347	0.3275230545466126	0.3273252653972427	0.327128023750766
0.06918309709189366	0.3333333333333333	0.3331034177690626	0.3328750513450872	0.33264802510718783	0.33242221614526896	0.33219753835002575	0.33197392602459025	0.33175132623482	0.33152969470459276	0.33130899342485143	0.33108918915635394	0.3308702524267595	0.33065215681872384	0.3304348784410069	0.3302183955221259	0.3300026880905692	0.32978773771873376	0.32957352731520695	0.32936004095450727	0.32914726373627523	0.3289351816679228	0.32872378156595367	0.3285130509725753	0.32830297878424386	0.32809355262798556	0.32788476224889124	0.32767659746732625	0.3274690485614729	0.3272621062313148	0.32705576156662997	0.32685000601842135
0.07079457843841379	0.3333333333333333	0.3330926241397735	0.3328535977016906	0.3326160252263833	0.33237977225137255	0.33214474465138866	0.3319108706174848	0.3316780922777197	0.3314463612244566	0.33121563591341624	0.33098588003128265	0.33075706139765026	0.3305291511824875	0.33030212332335973	0.3300759540774202	0.3298506216691585	0.3296261060088742	0.32940238846483516	0.3291794516769627	0.32895727940312774	0.3287358563911415	0.32851516827148386	0.32829520214672026	0.3280759440334891	0.3278573821043219	0.3276395047291981	0.3274223008226128	0.32720575979905786	0.3269898715336448	0.3267746263271107	0.32656001487459024
0.072443596007499	0.3333333333333333	0.3330813254782028	0.33283114537987313	0.33258254253883923	0.3323353698674957	0.33208952447891316	0.331844927880222	0.33160151680137046	0.33135923832271286	0.3311180470437882	0.33087790330139005	0.3306387719657953	0.33040062157988487	0.3301634237169251	0.3299271524869093	0.32969178414896827	0.32945729680227326	0.32922367013648157	0.32899088522818287	0.32875892437316256	0.3285277709471419	0.32829740993733253	0.3280678254964053	0.3278390039546685	0.32761093199733105	0.3273835969595944	0.32715698677133853	0.3269310899084475	0.3267058953497595	0.3264813925388169	0.32625757134973193
0.07413102413009175	0.33333333333333326	0.3330694982983132	0.3328076483642633	0.33254750928246735	0.33228892016757794	0.33203176855532357	0.33177596864417025	0.3315214512643569	0.3312681585703827	0.33101604095683895	0.33076505511079657	0.3305151626906759	0.33026632937867845	0.33001852417319016	0.32977171884526135	0.3295258875126483	0.32928100630091633	0.32903705307052633	0.32879400719456764	0.32855184937613213	0.32831056210047865	0.32807012734695795	0.32783052928369194	0.3275917526323236	0.32735378289347444	0.32711660627763667	0.3268802096446942	0.3266445804507115	0.3264097067008759	0.32617557690769	0.3259421800536685
0.07585775750291839	0.33333333333333326	0.33305711803411175	0.332783058558643	0.33251085467629604	0.33224033042211143	0.3319713628624588	0.3317038582049493	0.331437740833725	0.3311729475274552	0.3309094240967205	0.3306471232527906	0.3303860031563892	0.33012602637443894	0.3298671591007767	0.3296093705583144	0.32935263253151054	0.3290969189953414	0.3288422058171028	0.32858847051413687	0.3283356926010409	0.328083851504955	0.32783292884972026	0.32758290706007853	0.32733376949838555	0.32708550037773676	0.3268380846864063	0.32659150812173343	0.3263457570319549	0.3261008183647738	0.32585667962166986	0.32561332881713484
0.07762471166286918	0.3333333333333333	0.3330441589910167	0.332757325695077	0.33247250479223844	0.33218950383661044	0.3319081884498994	0.33162845610436287	0.33135022414310933	0.3310734234797401	0.3307979949287391	0.33052388687080186	0.3302510536576123	0.3299794544632502	0.32970905242651766	0.32943981399407163	0.3291717084079382	0.32890470729978755	0.32863878436550326	0.32837391510129216	0.32811007733899167	0.32784724827522493	0.327585408111543	0.3273245377088998	0.32706461895224426	0.32680563465553536	0.32654756847913813	0.32629040485755473	0.32603412893585043	0.32577872651344614	0.32552418399419014	0.3252704883418164
0.07943282347242815	0.33333333333333326	0.33303059429512444	0.3327303972393362	0.33243238242191453	0.3321363393841218	0.33184212123701673	0.33154961590531556	0.33125873304351905	0.33096939716823376	0.3306815436497293	0.3303951161519734	0.3301100648783731	0.3298263453075288	0.32954391725006305	0.3292627441277302	0.3289827924123897	0.32870403118273583	0.3284264317696287	0.3281499681488348	0.32787461421537256	0.3276003469019906	0.32732714413153774	0.3270549850652752	0.32678384998267623	0.3265137201775871	0.3262445778679334	0.3259764061167324	0.325709188762616	0.32544291035840983	0.3251775561165789	0.3249131118605606
0.08128305161640993	0.3333333333333333	0.33301639584028486	0.3327022182924836	0.3323904069383765	0.3320807316317674	0.33177303180832296	0.33146718495956917	0.3311630923467162	0.3308606715109782	0.3305598518909536	0.3302605720134144	0.32996277756377346	0.3296664199951828	0.32937145549232205	0.3290778441811854	0.32878554951558103	0.32849453779342785	0.32820477836495554	0.3279162411897082	0.3276288993256711	0.3273427272290773	0.3270577008617667	0.3267737975379535	0.32649099579281915	0.32620927526900667	0.32592861661793127	0.32564900141345904	0.32537041207598577	0.32509283180532556	0.32481624452110414	0.324540634809591
0.0831763771102671	0.3333333333333333	0.3330015342329026	0.3326727314884876	0.3323464941525851	0.3320225705610658	0.33170078520194735	0.33138100416825134	0.3310631195611259	0.33074704131739663	0.33043269241356615	0.3301200057812371	0.3298089221848425	0.329499388692368	0.32919135753808104	0.3288847852573562	0.32857963201639084	0.32827586157887195	0.3279734391779548	0.3276723332561561	0.3273725141589488	0.32707395407292683	0.3267766268288703	0.3264805077342251	0.3261855734294587	0.3258918017640014	0.32559917168839236	0.3253076631599521	0.32501725705982787	0.3247279351196667	0.3244396798564978	0.32415247451464785
0.08511380382023764	0.3333333333333333	0.3329859787343747	0.3326418768877317	0.33230055616449117	0.3319617413819371	0.3316252406912321	0.3312909077350339	0.33095862462024267	0.33062829299512314	0.3302998287967217	0.32997315886253004	0.3296482185967516	0.3293249502901594	0.3290033018732691	0.3286832259699567	0.3283646791660255	0.32804762210225213	0.327732016560932	0.3274178283627051	0.3271050252170016	0.32679357684388616	0.3264834547587516	0.3261746320891967	0.3258670834180243	0.3255607846476607	0.32525571288229804	0.3249518463248268	0.3246491641862016	0.32434764660533255	0.3240472745779481	0.32374802989314716
0.08709635899560808	0.33333333333333326	0.33296969720106917	0.33260959186627786	0.33225250120855687	0.3318981243402349	0.3315462515591862	0.3311967229119014	0.33084940960350406	0.33050420424935545	0.33016101511842333	0.32981976241043975	0.329480375690656	0.3291427920455381	0.32880695471719734	0.32847281206928397	0.3281403173455413	0.3278094260618537	0.32748009802321076	0.32715229559945336	0.32682598363516846	0.3265011291704597	0.3261777012055852	0.3258556705007997	0.32553500940477054	0.3252156917064199	0.3248976925061463	0.32458098810321656	0.32426555589674766	0.32395137429819676	0.3236384226536544	0.32332668117454194
0.08912509381337456	0.3333333333333333	0.33295265602175406	0.3325758110007477	0.33220223349361294	0.3318315945186771	0.3314636648658059	0.33109826973745554	0.3307352684496261	0.33037454377479025	0.33001599562924866	0.3296595369825904	0.32930509103948274	0.3289525892170383	0.3286019696505517	0.3282531764915344	0.3279061576027632	0.3275608655311934	0.32721725623792974	0.3268752887522827	0.3265349248059577	0.32619612852780205	0.32585886618654336	0.32552310597203604	0.32518881780775777	0.324855973188921	0.32452454504177497	0.32419450760058127	0.3238658362994472	0.32353850767673553	0.32321249929018914	0.32288779068747525
0.09120108393559098	0.3333333333333333	0.33293482005237385	0.3325404659486747	0.3321496530367959	0.3317620216310432	0.331377321208116	0.3309953607677031	0.33061598666241393	0.33023907094022653	0.32986450441912424	0.329492192193105	0.32912205053807897	0.32875400469563093	0.3283879872395124	0.328023937424309	0.3276617981349263	0.3273015178644232	0.326943048661555	0.3265863459256616	0.3262313680067492	0.32587807587182505	0.3255264328237259	0.32517640426206457	0.32482795747834736	0.32448106147909955	0.32413568683215277	0.3237918055322549	0.32344939088291674	0.3231084173920047	0.3227688616868013	0.32243069834109045
0.09332543007969911	0.3333333333333333	0.3329161525480754	0.3325034853241867	0.33209465549155204	0.33168926980947605	0.3312870544728591	0.33088780079930025	0.3304913410090855	0.3300975354659559	0.3297062650773582	0.32931742635854566	0.32893092803806057	0.32854668863140574	0.3281646350974807	0.32778469998883497	0.32740682219183925	0.32703094531509147	0.3266570171556882	0.32628498916928517	0.32591481603293665	0.325546455280408	0.3251798669949038	0.3248150135478533	0.32445185937505844	0.32409037078345876	0.32373051578321665	0.3233722639409211	0.3230155872441138	0.32266045598685245	0.3223068446628956	0.3219547279207115
0.0954992586021436	0.3333333333333333	0.33289661509237933	0.3324647945688704	0.3320371319694615	0.3316131973848653	0.3311926915817545	0.33077538658523736	0.33036109921116685	0.3299496770940896	0.329540990346191	0.32913492613817796	0.32873138497795334	0.32833027805657844	0.3279315258726713	0.32753505467773103	0.32714079807114194	0.32674869465681383	0.32635868761238307	0.325970724109895	0.32558475483798077	0.32520073360330365	0.32481861699479375	0.3244383640982438	0.3240599362517496	0.3236832968346194	0.32330841108396025	0.32293524689661596	0.32256377080379267	0.32219395367949505	0.32182576677648506	0.3214591825713087
0.09772372209558107	0.3333333333333333	0.332876167523388	0.3324243158176716	0.3319769688557751	0.3315336566600663	0.33109405222926935	0.3306579065429736	0.3302250196280558	0.32979522525201616	0.32936838176815864	0.3289443661689013	0.3285230700091848	0.32810439692871596	0.327688259078596	0.32727457721687303	0.3268632787377731	0.3264542968070488	0.32604756958429854	0.32564303958973373	0.32524065318196205	0.3248403601224623	0.3244421132087173	0.3240458679624034	0.32365158236223196	0.3232592166133731	0.3228687338772125	0.32248009633326485	0.3220932706854277	0.3217082242835688	0.32132492591884854	0.32094334538505365
0.1	0.33333333333333326	0.3328547678569233	0.33238196775968065	0.3319140476185158	0.33145049367594925	0.3309909486128508	0.3305351404550494	0.33008285093337036	0.3296338987092161	0.3291881293276636	0.32874540869542246	0.3283056186184638	0.3278686541704673	0.3274344194104	0.3270028281836795	0.3265738014460333	0.32614726645525594	0.3257231559211031	0.3253014073131937	0.32488196229032784	0.3244647662246048	0.3240497678006057	0.3236369186747639	0.3232261731835432	0.3228174889894609	0.3224108232230614	0.3220061377721371	0.3216033954894562	0.3212025609303283	0.3208035999550227	0.32040648086072465
0.10232929922807542	0.3333333333333333	0.3328323722064789	0.3323376654936494	0.33184824461100654	0.3313635479701448	0.3308831851555953	0.33040685916223267	0.3299343317842439	0.32946540522771733	0.3289999110870743	0.32853770319623066	0.32807865312600554	0.3276226454483864	0.3271695766417504	0.3267193526273942	0.3262718873654884	0.3258271016968337	0.325384922413677	0.3249452815033462	0.32450811552466385	0.32407336508801254	0.3236409744174632	0.32321089097869465	0.32278306602640283	0.3223574508141174	0.32193400165150554	0.3215126761955219	0.32109343412068436	0.3206762367474414	0.32026104792471144	0.3198478320657851
0.10471285480508996	0.3333333333333333	0.3328089346998744	0.33229132037812725	0.33177943086769107	0.3312726523284047	0.3307705582213375	0.3302728242492798	0.3297791904837614	0.3292894412065073	0.32880339281791343	0.32832088600590065	0.32784178088995997	0.3273659515036649	0.32689328524340433	0.32642367969255875	0.32595704121206237	0.32549328367433444	0.32503232744775595	0.32457409857014785	0.32411852806743446	0.32366555138562886	0.3232151079125215	0.32276714140639295	0.3223215962567647	0.3218784222917578	0.3214375711474796	0.32099899685921385	0.3205626554982999	0.32012850583538793	0.3196965076211631	0.3192666226839954
0.10715193052376065	0.3333333333333333	0.3327844073924906	0.33224283987596814	0.33170747189311756	0.33117763252850885	0.33065285582217296	0.33013278772342647	0.32961714463677316	0.3291056913203213	0.3285982276276692	0.3280945802455643	0.32759459585917483	0.3270981380498174	0.3266050840042115	0.3261153222469692	0.3256287508857727	0.32514527622756956	0.32466481166879213	0.3241872767922523	0.32371259662277285	0.32324070100669955	0.32277152489401995	0.32230500462841233	0.3218410824796851	0.3213797030846072	0.320920813624354	0.32046436504599285	0.3200103093436743	0.31955860121292917	0.31910919737982557	0.31866205644833245
0.1096478196143185	0.3333333333333333	0.3327587401769669	0.33219212739318893	0.33163222744396803	0.33107830707665625	0.33052985731844287	0.3299864916857528	0.3294479007993704	0.3289138281531494	0.3283840555827327	0.32785839428914304	0.3273366770375697	0.3268187553913721	0.3263044956557776	0.32579377651551783	0.3252864871166755	0.32478252555433873	0.3242817976599249	0.32378421601448293	0.32328969913553407	0.32279817157315205	0.3223095602023529	0.32182379844406567	0.3213408227694462	0.3208605727877718	0.3203829923061373	0.3199080267019589	0.319435624438229	0.3189657363764633	0.31849831558979913	0.31803331719646394
0.11220184543019636	0.33333333333333326	0.33273188068923765	0.33213908211193616	0.33155355130398234	0.33097448693630016	0.33040133311124253	0.32983366799560954	0.3292711541223491	0.3287135118270518	0.32816050332822244	0.32761192293958996	0.32706758835221666	0.32652733804528355	0.3259910265021302	0.3254585217214318	0.3249297031207067	0.32440445988363953	0.3238826896350894	0.3233642973631594	0.3228491952727518	0.3223372990464627	0.32182853170017134	0.3213228201418482	0.3208200951334487	0.32032029220614	0.31982334905783516	0.3193292069499116	0.31883780998598105	0.3183491048820082	0.3178630407623985	0.31737956897833286
0.1148153621496883	0.3333333333333333	0.33270377421078	0.3320835988174449	0.331471291051764	0.33086597524939754	0.3302670443275353	0.32967403792832756	0.3290865879890805	0.32850438962683715	0.327927184016519	0.32735474612982335	0.32678687827182307	0.32622340436632885	0.32566416605582243	0.3251090197365309	0.3245578342672214	0.32401048916333675	0.32346687314941636	0.32292688368833616	0.3223904231667559	0.3218574023067555	0.32132773676842175	0.3208013469397236	0.3202781587179674	0.31975810086238116	0.31924110628798735	0.3187271112894684	0.3182160552570597	0.31770788042575204	0.3172025316528519	0.3166999562198319
0.11748975549395294	0.3333333333333333	0.3326743635669461	0.3320255677188463	0.3313852878212421	0.33075256705007033	0.33012674249799306	0.32950731182647847	0.32889387364814227	0.32828609562113803	0.3276836957447323	0.32708642873482596	0.3264940794280534	0.3259064561778472	0.3253233866820344	0.32474471474225053	0.3241702977601652	0.3236000047644125	0.3230337154956432	0.32247131645630767	0.3219127037658125	0.32135777979208036	0.32080645271066205	0.3202586371531046	0.31971425144062127	0.3191732187834928	0.318635466425779	0.31810092529236034	0.31756952967898405	0.3170412169786838	0.3165159274391611	0.31599360394668446
0.12022644346174127	0.3333333333333333	0.3326435890212482	0.33196487426367366	0.33129537605479836	0.3306340489706887	0.3299801692277088	0.32933318874499473	0.3286926698412944	0.32805825028066643	0.3274296228139942	0.326806520189483	0.32618870824095214	0.3255759784092939	0.32496814325233825	0.3243650329032946	0.3237664923349366	0.3231723792040397	0.3225825627679655	0.32199691984438905	0.32141533762835556	0.32083770985416177	0.32026393791507674	0.3196939278992043	0.3191275916921672	0.318564846013769	0.31800561197700294	0.3174498147029846	0.3168973829828463	0.316348248979343	0.3158023479622622	0.315259618072779
0.12302687708123815	0.3333333333333333	0.3326113881654662	0.33190139894593373	0.3312013832489492	0.33051019894042033	0.32982705585997596	0.32915135609055624	0.32848262242736964	0.32782046036377277	0.3271645343456561	0.3265145541091512	0.3258702645498489	0.3252314387421945	0.32459787280992236	0.32396938205591946	0.32334579797313867	0.3227269665038456	0.32211274366046866	0.3215029977080652	0.320897605512636	0.32029645194381373	0.31969942958005715	0.31910643674475575	0.31851737787583784	0.31793216267613145	0.31735070563225654	0.31677292559458675	0.31619874540848336	0.31562809158888316	0.31506089403178605	0.3144970857573369
0.12589254117941673	0.3333333333333333	0.3325776958054395	0.33183501710760066	0.3311031296925243	0.33038078587630404	0.3296671231333543	0.3289614892555645	0.32826336400260336	0.3275723175017468	0.32688798412168063	0.3262100479142138	0.32553823125122056	0.3248722872661972	0.3242119942481877	0.32355715141297114	0.32290757621190425	0.3222630994551932	0.32162356663333497	0.3209888341177352	0.32035876813477887	0.3197332443105939	0.3191121453369526	0.3184953612621053	0.3178827884721355	0.31727432908612496	0.3166698904313524	0.3160693845851693	0.31547272797284887	0.3148798410127599	0.3142906478018154	0.3137050758354021
0.1288249551693134	0.3333333333333333	0.33254244384241	0.3317655987334084	0.33100042819730163	0.33024556936694854	0.32950008083229276	0.3287632512472777	0.3280345135181999	0.3273133992657396	0.32659951020374234	0.32589250245999296	0.32519207394511346	0.32449795614705	0.3238099080047687	0.32312771180885325	0.32245116757918457	0.32178009320095335	0.32111432038723864	0.3204536930772175	0.31979806675341316	0.31914730562697047	0.3185012828134536	0.3178598790953658	0.31722298215658395	0.3165904859225883	0.31596228998807796	0.31533829911737543	0.31471842280593204	0.31410257489348564	0.31349067322117097	0.31288263932625526
0.1318256738556407	0.3333333333333333	0.3325055611497775	0.33169300823881315	0.3308930838210694	0.33010429934897445	0.3293256274316642	0.3285562923126424	0.3277956760977704	0.32704326788814164	0.3262986345559187	0.3255614016734905	0.32483124059183605	0.3241078593084539	0.32339099577315505	0.32268041336002007	0.3219758948607577	0.3212772425453383	0.32058427353431396	0.31989681922459484	0.3192147218650403	0.3185378345499721	0.3178660196987817	0.31719914807965316	0.3165370979744536	0.31587975445913913	0.31522700877955784	0.3145787578067083	0.31393490355868614	0.3132953527789993	0.3126600165628457	0.3120288100244428
0.13489628825916536	0.3333333333333333	0.3324669734451272	0.3316171042510095	0.3307808935831052	0.32995671577636454	0.32914344973547915	0.3283402495593292	0.32754644188157644	0.32676147008264667	0.32598486267230786	0.32521621219854774	0.32445516118076245	0.32370139212987303	0.3229546207065875	0.32221458832784683	0.3214810606196598	0.3207538224272365	0.3200326754342787	0.3193174363504279	0.3186079342319455	0.3179040097828766	0.3172055138619173	0.3165123064174336	0.3158242555766181	0.31514123686075357	0.3144631325046131	0.3137898308625794	0.3131212258875415	0.3124572166713015	0.31179770703731136	0.3111426051781947
0.1380384264602885	0.3333333333333333	0.33242660315739336	0.33153773938289044	0.3306636461720914	0.32980254828291544	0.3289532225103405	0.3281147465737331	0.32728638672388505	0.32646753666416883	0.32565768321101607	0.3248563830511295	0.3240632474132109	0.32327793116252196	0.3225001252713357	0.3217295489041093	0.32096594759597663	0.32020908771263246	0.31945875450273264	0.31871474851727355	0.31797688464238894	0.31724499018969504	0.31651890352688417	0.3157984729161393	0.3150835555208257	0.3143740165498395	0.3136697285156157	0.3129705705867729	0.312276428020174	0.31158719166009485	0.31090275749448215	0.3102230262600636
0.14125375446227545	0.3333333333333333	0.3323843692890128	0.3314547599998509	0.33054112164649685	0.32964151583803003	0.32875460811397655	0.32787939303664143	0.32701507114361017	0.32616098217290734	0.3253165676360715	0.3244813452865642	0.32365489240149936	0.3228368342841316	0.3220268338621736	0.32122458752015226	0.32042981842784024	0.3196422736523261	0.3188617194375044	0.31808793978895533	0.31732073401837607	0.3165599149664665	0.3158053075092613	0.31505674729135386	0.3143140796428103	0.3135771586463327	0.31284584632845835	0.3121200119540272	0.3113995314072924	0.3106842866462434	0.3099741652191974	0.3092690602805652
0.14454397707459277	0.3333333333333333	0.3323401872729357	0.331368005979345	0.3304130911274952	0.32947332639612237	0.3285472561195296	0.32763378433738805	0.32673204009101836	0.3258413045039391	0.3249609698689355	0.32409051168069547	0.323229470734579	0.3223774387709684	0.32153405075358343	0.3206989767044866	0.31987191630982975	0.3190525948420719	0.31824075890976816	0.31743617432840077	0.31663862357976386	0.31584790387351747	0.31506382551821077	0.3142862105399829	0.3135148915017615	0.31274971048642974	0.31199051821533996	0.3112371732794973	0.31048954146526186	0.30974749556096826	0.3090109132594634	0.3082796789667217
0.14791083881682077	0.3333333333333333	0.3322939688243454	0.331277310463119	0.33027931648450587	0.32929767654000314	0.3283308029360619	0.3273775013620222	0.32643682256736123	0.32550798454383406	0.32459032595140797	0.32368327642703776	0.32278633683704483	0.3218990636092407	0.32102106038609657	0.3201519688812631	0.3192914636278048	0.3184392460597738	0.3175950416484981	0.3167585965511057	0.3159296750688498	0.3151080575329797	0.314293538528446	0.3134859253879484	0.31268503690479554	0.31189070222468546	0.31110275988515534	0.3103210569779432	0.30954544880735957	0.30877579669807664	0.3080119696682268	0.30725384210639006
0.15135612484362082	0.3333333333333333	0.332245621786955	0.3311824996020577	0.3301395500134858	0.32911425111852577	0.32810487142605077	0.32711010941852287	0.32612893124877257	0.3251604858159014	0.3242040537218474	0.32325901513932437	0.3223248267535108	0.32140100765097135	0.32048712707600113	0.31958279679428947	0.3186876629657909	0.3178014020950541	0.31692371657957136	0.3160543313383459	0.3151929910397238	0.3143394577959838	0.31349350922668356	0.3126549368170538	0.31182354451515876	0.31099914752427205	0.3101815712563434	0.30937065080113835	0.3085662286214268	0.3077681560414339	0.3069762908705076	0.30619049866030845
0.1548816618912481	0.3333333333333333	0.33219504997373883	0.33108339229359274	0.32999353410812426	0.32892272287905777	0.32786907052057185	0.3268311588594347	0.3258078621158209	0.32479825413579455	0.32380155250676124	0.3228170834546552	0.3218442566381717	0.3208825498615381	0.3199314956692707	0.31899067256255503	0.31805969687174546	0.31713821787001906	0.3162259130236064	0.31532248431439436	0.3144276552167853	0.313541168184062	0.31266278253721674	0.31179227267574655	0.31092942654896194	0.3100740443402556	0.3092259376949563	0.3083849272727152	0.30755084399838917	0.3067235266155809	0.3059028227020649	0.3050885859141289
0.15848931924611134	0.3333333333333333	0.33214215300196315	0.330979799911642	0.3298410009241316	0.3287227520951327	0.3276229948329945	0.3265401840535214	0.32547309409022634	0.324420717279327	0.323382202829952	0.322356818446127	0.32134392287891833	0.32034294906893246	0.3193533902092448	0.3183747884347319	0.3174067279557778	0.3164488286174508	0.3155007409567705	0.31456214219213413	0.3136327329269555	0.3127122344094055	0.3118003862313527	0.3108969443785998	0.310001679565323	0.3091143761530699	0.3082348295151555	0.30736284698965244	0.3064982453349613	0.30564085147575476	0.3047904997538392	0.3039470326501815
0.16218100973589297	0.3333333333333333	0.332086826122386	0.3308715260290674	0.3296816720368914	0.3285139861899663	0.3273662242720892	0.3262367031610068	0.32512408868036424	0.32402728466448105	0.3229453663825112	0.32187753735252	0.32082310194496416	0.31978144449071844	0.3187520148841643	0.31773431664984075	0.3167278990441498	0.31573235012061385	0.3147472913389133	0.31377237319157253	0.3128072716102152	0.31185168497870785	0.310905331625527	0.30996794798374705	0.3090392856899886	0.3081191115404331	0.3072072052297611	0.3063033580898091	0.3054073732471834	0.30451906283385544	0.303638248478462	0.3027647602616753
0.16595869074375605	0.3333333333333333	0.3320289600424906	0.3307583661326594	0.329515258092657	0.3282960593563142	0.32709832376563236	0.3259202177603776	0.32476028963729753	0.3236173470497265	0.32249038481303893	0.3213785376404031	0.32028105015432606	0.3191972546362989	0.3181265538059217	0.3170684095622798	0.31602233339319763	0.3149878790190034	0.3139646365135174	0.3129522275358828	0.31195030141320557	0.31095853188541805	0.30997661463710885	0.309004263979346	0.3080412122625038	0.3070872070457966	0.30614201109171074	0.3052053990898157	0.3042771578728519	0.30335708509580195	0.30244498836014405	0.3015406844355343
0.16982436524617442	0.3333333333333333	0.33196844074363274	0.3306401073306748	0.3293414584537421	0.3280685921734506	0.3268188424349625	0.32559021248181375	0.32438112262320784	0.3231902764245716	0.3220165809248985	0.3208590968487325	0.31971700413157783	0.31858957810516586	0.3174761711011459	0.31637619982470033	0.3152891349674465	0.31421449318448147	0.3131518306840569	0.312100738029687	0.31106083587069444	0.3100317713952728	0.30901321565079554	0.30800485985234344	0.3070064146311945	0.30601760835229763	0.30503818385909665	0.3040678983494136	0.30310652183899134	0.3021538360848004	0.301209633632501	0.3002737169699901
0.17378008287493754	0.3333333333333333	0.3319051492919748	0.3305165280529896	0.3291599608379828	0.32783119122198773	0.3265273138670384	0.3252461546488307	0.3239859948942244	0.3227454250648638	0.3215232575606711	0.32031847246817857	0.3191301798442644	0.31795759342034535	0.31680001105764344	0.31565680063293744	0.31452738878632913	0.31341125217237675	0.31230791047147655	0.31121692072439	0.31013787267979676	0.30907038520548547	0.3080141019652427	0.30696868994683413	0.30593383732758267	0.3049092498739741	0.30389465040376074	0.3028897769708582	0.3018943815350744	0.30090822879102974	0.29993109513227245	0.29896276773093555
0.1778279410038923	0.33333333333333326	0.3318389616430988	0.33038739774394676	0.3289704409529345	0.3275834486973713	0.3262232553086678	0.324887493929841	0.3235742951012413	0.3222821262859808	0.32100969765686393	0.31975590181030433	0.318519773305671	0.3173004591328609	0.31609719833032407	0.3149093060373487	0.31373616134403354	0.3125771977522218	0.31143189555757445	0.3102997756754348	0.3091803948237349	0.3080733403330327	0.30697822774128347	0.3058946980725844	0.304822413759936	0.3037610575938253	0.3027103305460793	0.3016699501175064	0.30063964889103345	0.29961917325819554	0.29860828229286673	0.2976067467508035
0.18197008586099836	0.3333333333333333	0.33176974844018103	0.3302524765480111	0.3287725621252817	0.3273249420229707	0.32590616739654216	0.32451366200146226	0.32314539262199715	0.3217996936009411	0.32047516411216703	0.31917060221836185	0.31788496044097897	0.3166173139826327	0.3153668382108842	0.314132791325028	0.31291450110712093	0.31171135452289533	0.31052278941915507	0.3093482880219569	0.3081873705470659	0.3070395918239849	0.3059045365316532	0.30478181700177065	0.30367106898817897	0.3025719502858171	0.30148413841340643	0.30040732881628546	0.2993412332930297	0.2982855786108678	0.29724010528141886	0.2962045664734021
0.18620871366628675	0.33333333333333326	0.3316973748056379	0.3301115149883819	0.32856597492597006	0.3270552334637625	0.32557553379061543	0.3241240722255361	0.3226986378397992	0.3212974206842475	0.31991889962926046	0.31856177059418234	0.31722489719703945	0.31590727711999134	0.3146080169656531	0.31332631347749856	0.31206143909466094	0.3108127306170284	0.30957958035365	0.30836142805469297	0.30715775589707267	0.30596808272846343	0.3047919608717408	0.30362897117856363	0.30247872097344486	0.3013408412174191	0.3002149842627613	0.29910082189870246	0.2979980436408582	0.29690635522622544	0.2958254772827138	0.29475514414776316
0.19054607179632474	0.3333333333333333	0.3316217001261441	0.32996425363874293	0.32835031679176513	0.3267738697417042	0.32523082081580146	0.3237181193954458	0.32223336158079485	0.3207745812202255	0.3193401269633362	0.3179285838353628	0.31653871970906194	0.31516944839211636	0.31381980224613326	0.3124889117085773	0.311175989545705	0.3098803186614003	0.30860124164750646	0.30733815356345456	0.3060904947959402	0.30485774654713277	0.30363942492034324	0.3024350779906123	0.30124428229064404	0.30006663998783156	0.29890177644269267	0.29774933808420995	0.29660899055053314	0.2954804170534651	0.2943633169329195	0.29325740437362247
0.19498445997580455	0.3333333333333333	0.33154257783094715	0.3298104227883684	0.3281252116437769	0.32648038165398297	0.32487147711371156	0.3232951792492937	0.32174887497550675	0.3202304287866532	0.318738048378695	0.3172701988289335	0.3158255445284149	0.3144029086988466	0.313001243576875	0.3116196080872065	0.310257150678999	0.3089130960554176	0.3075867336997908	0.3062774100131591	0.304984521420093	0.30370750726788676	0.3024458457471315	0.3011990494861812	0.2999666619771032	0.2987482545059021	0.2975434234981089	0.2963517882094264	0.29517298870524356	0.29400668408372643	0.292852550905634	0.2917102818006622
0.19952623149688797	0.3333333333333333	0.3314598551634079	0.32964974210085285	0.3278902695038093	0.32617428369543644	0.32449693330628115	0.32285460846664915	0.32124446927779465	0.31966419673649404	0.31811184609381477	0.31658575261328126	0.3150844689158836	0.3136067204224383	0.31215137292544215	0.31071740825013494	0.3093039057080315	0.30791002683741986	0.306535004311136	0.30517813284588363	0.30383876027429163	0.3025162819279159	0.3012101350483643	0.2999197942275813	0.29864476752127295	0.29738459311150156	0.29613883642153804	0.2949070876063439	0.2936889593574593	0.2924840849729482	0.2912921166522594	0.2901127239831144
0.20417379446695297	0.33333333333333326	0.3313733729457126	0.32948192026676754	0.327645086109315	0.3258550736865415	0.324106601686027	0.3223957442708997	0.3207194157160783	0.31907509835907866	0.31746068225674307	0.31587436260093765	0.3143145712048502	0.3127799279359458	0.31126920535929764	0.3097813023302322	0.3083152231825933	0.3068700622787006	0.305444990892365	0.3040392475856566	0.30265212869693253	0.3012829820684624	0.2999312009989274	0.2985962192848781	0.29727750699523914	0.29597456684377255	0.2946869310538772	0.293414158632217	0.2921558329844818	0.29091155981952055	0.28968096529813187	0.2884636943906925
0.20892961308540392	0.33333333333333326	0.33128296533671564	0.3293066546506021	0.32738924252787815	0.32552223240848277	0.3236998758713503	0.32191790424006417	0.3201729653802533	0.3184623265360145	0.31678369908970266	0.3151351268665752	0.31351491123899294	0.31192155819501616	0.3103537397945282	0.30881026540412954	0.307290058939495	0.30579214207081296	0.30431562060003436	0.3028596722777313	0.3014235383116765	0.30000651557869473	0.2986079502447073	0.2972272323736284	0.2958637913344526	0.2945170918592951	0.2931866306372895	0.2918719333533603	0.29057255209922295	0.28928806309805477	0.28801806469523733	0.28676217557617356
0.2137962089502232	0.3333333333333333	0.3311884595828881	0.3291236309324001	0.3271223047722214	0.32517522324693127	0.3232761305526375	0.32142038611495793	0.31960434914742575	0.3178250540757939	0.31608001909340844	0.31436712450467963	0.31268453088920833	0.3110306214179628	0.3094039599508366	0.30780325914042317	0.3062273565863942	0.30467519630975926	0.30314581269487395	0.30163831892986703	0.30015189685570776	0.2986857886797784	0.29723929003905303	0.29581174414004213	0.294402536767688	0.29301109200276565	0.29163686852239157	0.29027935638453256	0.28893807421739504	0.2876125667499301	0.28630240263163576	0.2850071726490496
0.21877616239495523	0.3333333333333333	0.3310896757623705	0.3289325227445514	0.3268438234168287	0.32481349184628583	0.3228347212189521	0.32090246763879926	0.31901277764218805	0.31716243374862696	0.31534874531540813	0.31356941606150446	0.31182245465456815	0.31010611192700677	0.308418834877492	0.3067592325455968	0.30512604954615563	0.3035181459425093	0.3019344799657901	0.30037409531676146	0.2988361101478533	0.2973197080529359	0.2958241305267484	0.29434867059659015	0.2928926673998121	0.2914555015323005	0.2900365910313507	0.28863538788499893	0.28725137498165143	0.285884063563121	0.28453299033995183	0.28319771614512
0.22387211385683395	0.3333333333333333	0.33098642652214144	0.32873299130427625	0.3265533332173789	0.3244364657762608	0.3223749839103976	0.32036340643126837	0.3183974413045803	0.31647359845661943	0.3145889616868999	0.3127410440460162	0.3109276903522025	0.3091470087727357	0.3073973206001417	0.30567712316165574	0.3039850614919717	0.3023199050721906	0.30068053050150517	0.2990659069238074	0.2974750842003992	0.29590718311494796	0.29436138717852406	0.29283693571062536	0.29133311794943845	0.28984926800091454	0.28838476047788597	0.28693900671169004	0.28551145157017416	0.2841015700479237	0.2827088654317215	0.28133286645656386
0.2290867652767773	0.3333333333333333	0.330878516808343	0.32852468504234755	0.3262503527342749	0.3240435542128336	0.3218962349994403	0.31980243990056445	0.31775751033693445	0.3157576614656652	0.3137997334326026	0.3118810335246478	0.3099992299535177	0.3081522770299154	0.30633836081306265	0.30455585892886083	0.3028033085632742	0.3010793825060677	0.29938286960066884	0.29771265903402405	0.29606772747810506	0.29444712844415766	0.29284998337869306	0.291275474148087	0.2897228366429849	0.28819135529511464	0.28668035834450567	0.28518921385086604	0.2837173256217848	0.2822641306443019	0.2808290963546004	0.2794117175153311
0.2344228815319922	0.3333333333333333	0.33076574358982347	0.32830723922880906	0.32593438396167707	0.32363414763570897	0.32139777100093503	0.3192187851967131	0.3170921349269977	0.31501371670344563	0.3129801075583797	0.3109883928047655	0.30903605027757886	0.3071208687081167	0.30524088872690136	0.3033943588618065	0.3015797008721423	0.29979548362179065	0.2980404018243847	0.29631325896175675	0.2946129533075478	0.292938466359614	0.2912888531680061	0.28966323417380485	0.2880607882660434	0.28648074683087	0.28492238873158515	0.2833850353934917	0.2818680474697328	0.28037082145697856	0.2788927860742586	0.2774334000695982
0.23988329190194904	0.33333333333333326	0.33064789557498925	0.32808027559629144	0.3256049119635543	0.3232076175445983	0.32087886841391977	0.31861163920909563	0.31640044539161905	0.3142408391280624	0.31212911342142396	0.3100621142459813	0.30803711422084196	0.306051723885227	0.304103827716397	0.3021915352159153	0.3003131443143753	0.2984671123749909	0.2966520331948315	0.2948666184363513	0.29310968243948904	0.29138012965548404	0.28967694414325357	0.2879991807092926	0.2863459573722771	0.28471644901431403	0.2831098813820132	0.2815255267804134	0.2799626998743591	0.27842075342476325	0.27689907546562054	0.2753970863023016
0.24547089156850305	0.3333333333333333	0.330524752922087	0.32784340196183137	0.3252614045183887	0.3227633161967638	0.320338783598217	0.3179801786287859	0.3156815524154163	0.3134380851719598	0.31124576338790166	0.30910117501722956	0.30700137172493835	0.30494377241845083	0.30292609336394327	0.30094629508934956	0.2990025425205211	0.29709317345202124	0.29521667354330283	0.2933716561385953	0.2915568457664762	0.28977106449231876	0.28801322051453027	0.28628229854824144	0.28457735174968235	0.2828974943131269	0.2812418959245988	0.27960977653819213	0.27800040128376247	0.2764130768649444	0.27484714792065756	0.2733019938939035
0.251188643150958	0.3333333333333333	0.3303960869430647	0.32759621184804694	0.32490331177429266	0.3223005763684217	0.3197767526894193	0.31732356000470896	0.31493454735619353	0.31260449326590184	0.31032905359826835	0.3081045382201266	0.3059277609328909	0.3037959347637821	0.3017065949940991	0.299657542304577	0.2976467989507527	0.2956725745712979	0.29373323901057313	0.29182730039223914	0.28995338719733676	0.2881102334461329	0.2862966663203882	0.2845115958218467	0.28275400553494856	0.28102294548643114	0.2793175256176129	0.2776369096222709	0.2759803103722702	0.27434698547774633	0.27273623345803094	0.27114739035229285
0.2570395782768864	0.33333333333333326	0.3302616598012048	0.3273382841046584	0.32453006591643146	0.32181871114276833	0.3191919915555367	0.3166409199449155	0.3141585026216792	0.31173908444788356	0.30937796476965446	0.30707115391000644	0.3048152098361008	0.3026071239618776	0.3004442374713909	0.2983241794320802	0.296244819137221	0.29420422893631615	0.2922006547020512	0.29023249201237916	0.28829826668962616	0.28639661871559563	0.28452628888514164	0.282686107151478	0.28087498341902284	0.2790918993394106	0.2773359007643196	0.27560609194592567	0.2739016300831718	0.27222172061720706	0.27056561308685967	0.2689325974611102
0.2630267991895382	0.3333333333333333	0.3301212242027532	0.32706918253142603	0.3241410808487776	0.3213170137275322	0.31858369579911383	0.31593137531938126	0.3133524721222725	0.31084086306008385	0.30839146318458094	0.3059999603075484	0.30366263723123577	0.30137624723138023	0.29913792313806525	0.2969451099600118	0.2947955130771254	0.2926870578429515	0.29061785749964203	0.2885861873118793	0.28659046344040734	0.28462922556343717	0.28270112200451125	0.280804897819443	0.2789393844148752	0.27710349020024044	0.27529619322962695	0.2735165344573216	0.2717636119280996	0.27003657568532885	0.26833462328656993	0.2666569958364701
0.2691534803926916	0.33333333333333326	0.32997452308281117	0.3267884555036752	0.3237357518923602	0.32079475730517826	0.31795104080860354	0.31519402354330317	0.3125154918046076	0.30990881756339683	0.3073685017460066	0.30488988507003045	0.30246895463798656	0.3001022078042441	0.29778655389576314	0.29551924061325635	0.293297797779336	0.2911199934431787	0.2889837990316737	0.2868873612663574	0.28482897930294293	0.28280708552929273	0.2808202300709833	0.27886706755064694	0.27694634538453433	0.27505689442206577	0.27319762054706237	0.27136749746356914	0.26956556040804547	0.2677909006401776	0.26604266059247694	0.2643200295806974
0.2754228703338166	0.3333333333333333	0.329821289285808	0.32649563560168615	0.32331345550232493	0.3202511949188664	0.3172931818710447	0.3144279429304395	0.3116465802708503	0.30894192137645393	0.3063080211425756	0.303739846949835	0.30123306792988014	0.29878390690237033	0.2963890334348124	0.29404548382496587	0.2917505999669117	0.2895019816667581	0.28729744880158914	0.2851350108962019	0.2830128420206056	0.2809292604984105	0.27888271186866376	0.2768717540784586	0.2748950455239286	0.2729513345150475	0.2710394502634969	0.26915829507498623	0.2673068375463932	0.2654841066072354	0.2636891862753262	0.26192121102024857
0.28183829312644537	0.3333333333333333	0.32966124524091084	0.3261902392453327	0.3228735490062656	0.3196855593978068	0.31660925430514075	0.3136321931211774	0.31074473948487513	0.30793913392858274	0.3052089510972557	0.3025487570294232	0.2999538791868231	0.29742024585946925	0.29494426961448217	0.2925227603631867	0.29015285893733433	0.2878319853018354	0.2855577975240374	0.28332815851504367	0.2811411092266797	0.2789948465074454	0.2768877041670898	0.27481813760944845	0.27278471051479136	0.2707860835075705	0.26882100440294254	0.2668882997597355	0.26498686752301126	0.263115670581929	0.26127373110160873	0.25946012551353625
0.28840315031266056	0.3333333333333333	0.32949410263279155	0.3258717663354684	0.3224153703664433	0.31909706332535037	0.31589837372215024	0.312805815590132	0.30980895560204386	0.3068994017511414	0.30407021194515815	0.30131552066378214	0.29863028868974045	0.29601012839178453	0.293451176997113	0.2909500021146861	0.28850352958166714	0.2861089872346938	0.2837638603807531	0.28146585570141786	0.2792128722570398	0.27700297735599017	0.27483438616192807	0.2727054449895594	0.2706146168978952	0.268560469425695	0.2665416640393825	0.264556946997615	0.2626051413970065	0.26068514020977707	0.258795900159955	0.256936436312843
0.29512092266663853	0.3333333333333333	0.32931956206821633	0.3255396999036769	0.32193823796866816	0.3184848990536968	0.31515963629641475	0.3119478342262717	0.3088381998252029	0.30582165970202096	0.30289071591125394	0.3000390392658088	0.29726119706122445	0.29455246302094096	0.2919086795385786	0.2893261550275249	0.28680158556319596	0.28433199389327957	0.2819146808907357	0.27954718684067326	0.2772272597700918	0.2749528290179065	0.27272198364945355	0.2705329540845925	0.268384096564078	0.26627387988067674	0.26420087396722497	0.26216374002036713	0.26016122190429913	0.25819213862912666	0.2562553777374123	0.25434988946299125
0.3019951720402016	0.3333333333333333	0.32913731273899394	0.3251935057721358	0.3214414504407722	0.31784823876908025	0.31439211912935094	0.31105725606778617	0.3078314294624802	0.30470483228565004	0.30166936896024577	0.29871821229378315	0.29584550755581585	0.29304616565174396	0.2903157134369977	0.28765018221328964	0.2850460226909014	0.28250003862217044	0.2800093344653923	0.27757127328803216	0.2751834421215819	0.2728436238177366	0.27054977340907815	0.2682999982784363	0.2660925413527851	0.26392576675299007	0.26179814745652763	0.25970825462438907	0.25765474831466006	0.2556363693599101	0.2536519322278521	0.25170031871786336
0.30902954325135906	0.3333333333333333	0.32894703208187237	0.32483263222546593	0.3209242865038173	0.3171862346115087	0.31359488067480973	0.3101330719889703	0.30678758903749087	0.30354783522868634	0.3004050725601647	0.2973519393850148	0.2943821285031662	0.29149016230727715	0.2886712301410278	0.2859210672092019	0.2832358622765363	0.2806121856203545	0.2780469325219157	0.275537277154543	0.2730806355360612	0.27067463480951026	0.26831708770402585	0.2660059710787247	0.26373940774645993	0.26151565095983825	0.2593330710786615	0.25719014404022	0.2550854413313228	0.25301762122030025	0.2509854210531914	0.24898765051630328
0.31622776601683794	0.3333333333333333	0.32874838543605656	0.32445650969657913	0.3203860048592087	0.3164980188532894	0.31276696130101034	0.3091742576416109	0.3057056115298673	0.30234957691513475	0.2990967256322753	0.29593912263934985	0.2928699759068857	0.2898833920230969	0.28697419951841535	0.2841378174300678	0.2813701549856989	0.27866753380128173	0.27602662625410357	0.27344440573754897	0.2709181064754981	0.26844519027459957	0.2660233188898673	0.2636503308182158	0.2613242216476654	0.25904312729165624	0.2568053095865636	0.2546091438416368	0.25245310801471965	0.25033577325157286	0.24825579563524205	0.24621190861781833
0.32359365692962827	0.33333333333333326	0.32854102569907584	0.3240645504686777	0.3198258441152488	0.31578270414072507	0.31190738382116345	0.30817977441795175	0.30458441972250194	0.3011089602361079	0.29774322664654645	0.2944786690558349	0.29130797620139415	0.2882248099017123	0.2852236132059322	0.282299467625874	0.2794479844976071	0.2766652205803979	0.2739476110205957	0.2712919158174238	0.26869517612836635	0.26615467832841955	0.26366792411922035	0.2612326054387234	0.2588465832243255	0.256507869301579	0.2542146108321788	0.25196507687562086	0.2497576467103132	0.24759079968497058	0.2454631060363378	0.243373219281146
0.3311311214825911	0.3333333333333333	0.3283245929818274	0.3236561483957078	0.3192430227567359	0.3150393838035235	0.3110151542347972	0.30714857054149436	0.3034229277523236	0.2998248844365563	0.296343475866504	0.29296949312541826	0.2896950691685395	0.28651339032787415	0.28341848801601977	0.28040508376837026	0.27746847160640287	0.2746044262071279	0.2718091306197593	0.269079118131068	0.26641122500917325	0.2638025516243766	0.2612504301294743	0.2587523973429457	0.25630617180694854	0.25390963423030144	0.2515608107021201	0.24925785819288365	0.24699905201022126	0.24478277458903674	0.24260750611675	0.24047181597666906
0.33884415613920255	0.3333333333333333	0.3280987142636883	0.32323067864371313	0.3186367391612924	0.3142671322365975	0.3100892625030676	0.30607958227311505	0.3022200426330925	0.2984962471346887	0.2948963777469171	0.2914105195820636	0.2880302110151304	0.28474813036086577	0.2815578696957055	0.27845376694067037	0.2754307781279159	0.2724843780087741	0.26961048173962243	0.2668053819580792	0.26406569765699484	0.26138833214200985	0.2587704380988945	0.2562093882979941	0.25370275082013327	0.2512482679471716	0.24884383809811178	0.24648750000462644	0.24417741936637127	0.24191187700211583	0.23968925821097412	0.2375080437991054
0.3467368504525316	0.3333333333333333	0.3278630030486878	0.3227874974557043	0.31800617166646317	0.31346500535907673	0.30912868343728417	0.3049717352376765	0.300974666078289	0.2971219464893321	0.2934008434873523	0.28980068631411743	0.28631237761184786	0.2829280532061609	0.27964083664295397	0.27644465721835887	0.2733341112776625	0.27030435480745585	0.2673510185233883	0.26447013980841527	0.2616581074201381	0.258911616044777	0.2562276285549278	0.2536033443728673	0.2510361727290761	0.24852370993079426	0.24606371965423296	0.2436541163090641	0.2412929504077186	0.23897839557862027	0.23670873754675184	0.23448236422742758
0.35481338923357547	0.3333333333333333	0.32761705902382127	0.32232594194279585	0.3173504786916566	0.3126320411554685	0.30813237769342605	0.30382394586963174	0.2996856963815191	0.2957008835189345	0.29185579374416204	0.2881389474371463	0.28454056790477955	0.2810522119979959	0.2776665039543679	0.2743769379709887	0.2711777280083368	0.26806369145621445	0.26503015723969237	0.26207289219893265	0.25918804131255163	0.25637207859139366	0.2536217663169652	0.25093412089053074	0.2483063840210752	0.24573599799935666	0.2432205848487914	0.24075792816171232	0.2383459571398651	0.2359827330126978	0.23366643694935688	0.23139535945037307
0.36307805477010135	0.3333333333333333	0.3273604677206831	0.32184532990458825	0.3166687989192144	0.31176726030402213	0.30709929287796567	0.3026351230237465	0.2983520304587536	0.29423196457551504	0.290260161502931	0.2864242765287893	0.2827138074306951	0.2791196935813134	0.2756340273914554	0.27224984014599407	0.26896093950587124	0.2657617834838958	0.26264738104533497	0.2596132125046765	0.256655164926065	0.2537694790830677	0.25095270545422627	0.24820166741135147	0.24551342995110506	0.24288527340653954	0.24031467076034824	0.2377992678979003	0.2353368667948094	0.23292541069038925	0.23056297113004692	0.2282477365602711
0.37153522909717257	0.3333333333333333	0.3270928001817064	0.3213449596817908	0.31596025153905005	0.31086966689744444	0.306028364770128	0.3014041696495193	0.29697256603970634	0.2927141039764384	0.2886128951128233	0.2846556700324761	0.2808311520976978	0.2771296225794429	0.2735426077129256	0.2700626467116594	0.2666831157991053	0.2633980918370055	0.2602022448267358	0.25709075186927893	0.254059227380979	0.2511036658273853	0.2482203942723395	0.2454060324962684	0.24265745962254887	0.2399717855907561	0.23734632655034818	0.2347785839445509	0.23226622622448023	0.22980707294389408	0.22739908082970545	0.22504033152686578
0.3801893963205612	0.3333333333333333	0.3268136126323977	0.32082411004448486	0.3152239365614449	0.3099382492611943	0.304918518666042	0.300129984679961	0.2955462040120521	0.29114622679637137	0.2869129614835917	0.2828321507878521	0.27889169201258374	0.27508116544374644	0.2713914950250571	0.2678146972192848	0.2643436904718244	0.26097214770525334	0.257694380104827	0.25450524415724185	0.2514000662959221	0.2483745811292606	0.2454248800966721	0.24254736877396588	0.2397387307362833	0.23699589666839008	0.23431601819463094	0.23169644519285937	0.22913470616674014	0.22662849114878686	0.22417563673398144	0.22177411291825977
0.3890451449942806	0.3333333333333333	0.3265224461610775	0.3202820401193682	0.3144589352027434	0.30897198087464184	0.3037686708497095	0.29881146502701883	0.29407185092178917	0.2895272718212317	0.2851593494486884	0.2809527717841483	0.27689455555241044	0.2729735348048524	0.2691799932809279	0.26550539247402416	0.26194216546448584	0.25848355741598095	0.2551234999865327	0.25185651092929073	0.2486776127562902	0.24558226609722236	0.24256631432815767	0.23962593769656476	0.23675761409628973	0.23395808614125813	0.2312243328400681	0.22855354523422106	0.22594310530095912	0.22339056758500586	0.2208936431267813	0.2184501853352307
0.3981071705534972	0.3333333333333333	0.3262188264077507	0.3197179893596289	0.3136643103488231	0.30796982140041834	0.302577730195981	0.29744750773347806	0.2925484216325989	0.2878561946653008	0.2833510732745024	0.27901662001161565	0.2748389134687298	0.27080599387243587	0.2669074648954619	0.26313419930243415	0.2594781159514309	0.25593200738111477	0.252489404144396	0.24914446642037816	0.24589189628612407	0.24272686569042826	0.2396449572124174	0.23664211406029126	0.23371459830006705	0.23085895524286054	0.22807198301634335	0.22535070637999488	0.22269235406047355	0.22009433902821174	0.21755424124812062	0.21506979252446226
0.40738027780411273	0.3333333333333333	0.3259022632638602	0.31913117756122666	0.31283910710133966	0.30693071782729087	0.3013445999087959	0.2960370122775046	0.29097484214654556	0.28613197105197763	0.28148717635816356	0.27702282048665505	0.27272398324383895	0.2685778609757387	0.2645733354652089	0.2607006554032819	0.256951195277837	0.2533172690786808	0.24979198380428919	0.2463691225229161	0.24304304963198234	0.23980863350799958	0.23666118237918146	0.2335963906865336	0.2306102940810293	0.22769923113295323	0.2248598106268255	0.22208888343219635	0.2193835181683075	0.2167409800373114	0.21415871232167952	0.21163432013570882
0.4168693834703354	0.3333333333333333	0.3255722505848044	0.3185208049295344	0.3119823534118615	0.30585360573187803	0.30006817940945385	0.2945788830333128	0.2893500525878786	0.2843536002596635	0.2795667350595198	0.274970540439281	0.27054903352081816	0.2662885142177462	0.26217709858029986	0.258204374266621	0.2543611399390689	0.25063920404931483	0.24703122674145353	0.2435305936004164	0.2401313137461077	0.23682793635195232	0.2336154815221998	0.23048938276782038	0.22744543849382917	0.22447977086756868	0.22158879068544513	0.2187691671713039	0.21601780186175829	0.21333180590331463	0.21070848021693583	0.20814529808760787
0.42657951880159267	0.3333333333333333	0.3252282659172345	0.3178860522004642	0.31109306080910415	0.30473741066448123	0.29874736635309607	0.29307203189100317	0.28767301035106535	0.28252010872127303	0.2775888626939844	0.2728589935966832	0.2683133886687653	0.263937396231537	0.2597183207145155	0.25564505014456973	0.2517077745834827	0.24789776890550208	0.2442072221278974	0.24062910147509115	0.2371570424636597	0.23378525891447247	0.23050846875711511	0.22732183205286208	0.22422089887269242	0.22120156511123648	0.21826003476558115	0.21539278752660823	0.21259655077085915	0.2098682752242667	0.20720511371049494	0.2046044025067784
0.436515832240166	0.3333333333333333	0.324869770243288	0.31722608082036563	0.31017022522455245	0.303581049664217	0.29738105881432375	0.29151538103811003	0.28594269341364875	0.280630553799913	0.2755527136858519	0.270687444651013	0.26601643346112214	0.2615240190258393	0.2571966461778301	0.25302246305561105	0.24899101701809573	0.24509302021624282	0.24132016552816743	0.2376649801457219	0.2341207070091847	0.23068120815683385	0.22734088481616077	0.22409461080349136	0.22093767652938673	0.2178657415572677	0.21487479412624294	0.21196111639397844	0.20912125441534618	0.2063519920707988	0.20365032831122443	0.20101345720502198
0.44668359215096315	0.3333333333333333	0.3244962077440587	0.31654003318914575	0.3092128279218106	0.3023834329085193	0.2959681576170259	0.28990786590484663	0.2841581038127683	0.27868402770766904	0.27345748783715196	0.26845521382394416	0.2636576178554215	0.25904796890528126	0.25461180211420265	0.25033648380260487	0.2462108832108906	0.24222511952850573	0.23837036366507816	0.23463868032780802	0.23102290051880492	0.22751651752459312	0.22411360101510286	0.22080872549003167	0.21759691015656737	0.21447356802125234	0.21143446248029063	0.20847567006556456	0.2055935482845957	0.202784707706874	0.20004598761404102	0.19737443465989235
0.457088189614875	0.3333333333333333	0.3241070055847475	0.3158270329712135	0.30821983653510454	0.301143465501918	0.294507568823873	0.28824843827439806	0.2823182712849722	0.27667966158298185	0.27130243476452454	0.2661616815516843	0.2612364618612789	0.25650891144925003	0.25196360352575164	0.2475870789964652	0.24336749216800815	0.23929433811341427	0.2353582390025013	0.23155077401071394	0.22786434226507793	0.22429205093698246	0.2208276229589043	0.21746532019074827	0.21419987890154302	0.2110264551724075	0.20794057836912264	0.2049381112358413	0.2020152154650961	0.19916832183062075	0.1963941041477272	0.19368945646464966
0.4677351412871982	0.3333333333333333	0.32370157372409786	0.315086185478997	0.3071902062221847	0.2998600494087945	0.292998206386436	0.2865360695588273	0.28042225706798063	0.27461662971659656	0.26908685844697844	0.26380629327287897	0.2587525604818944	0.2539065965316409	0.24925195830279884	0.24477431598130722	0.24046107089793736	0.2363010617484142	0.2322843343475656	0.22840195872819405	0.22464588168223446	0.2210088065169547	0.21748409395168966	0.21406567966031925	0.21074800507498317	0.2075259588670964	0.2043948271081535	0.20135025054851763	0.19838818778036008	0.19550488330071403	0.19269683968295964	0.18996079321465464
0.4786300923226383	0.3333333333333333	0.3232793047508644	0.31431657813391706	0.3061228809372264	0.2985320855345624	0.29143899495844017	0.28476975424105977	0.27846915785880555	0.2724941539136048	0.2668101218955116	0.2613885643062862	0.2562055887127454	0.25124086336214757	0.24647687224852444	0.24189836783886376	0.2374919591706245	0.23324579522663785	0.22914931717961198	0.22519306163368658	0.22136850213582882	0.21766792002744434	0.2140842980758934	0.21061123203177418	0.20724285645881582	0.20397378204879205	0.20079904226759454	0.19771404764926062	0.19471454640885244	0.1917965903146845	0.1889565049678934	0.18619086379866326
0.4897788193684462	0.3333333333333333	0.322839573750227	0.3135172810098224	0.3050167948288044	0.2971584759594113	0.2898288728740834	0.2829485134803271	0.27645810992576575	0.270311507996585	0.2644716519297211	0.2589080848035263	0.2535953065794911	0.2485116455280587	0.24363845400789041	0.23895951817210864	0.23446061411159114	0.23012916683076504	0.22595398379029802	0.2219250433257598	0.21803332440235146	0.21427066797865435	0.2106296629049338	0.207103551116033	0.2036861481774849	0.20037177617892504	0.1971552066534636	0.194031611709851	0.19099652194643194	0.1880457900067088	0.1851755588600787	0.18238223406517332
0.5011872336272722	0.3333333333333333	0.32238173820322075	0.3126873474640011	0.30387087376829514	0.29573812632839597	0.2881667952926943	0.2810713988818422	0.27438829336957604	0.26806802242860994	0.2620709440486415	0.25636452476061317	0.25092156419546935	0.24571897602240544	0.24073692003551733	0.23595816588054022	0.23136761475622106	0.2269519325382228	0.22269926318182737	0.21859900138933464	0.2146416098236096	0.21081847037066065	0.20712176181347344	0.20354435826314934	0.20007974409696533	0.19672194216354458	0.1934654527545066	0.19030520139041687	0.187236493881106	0.18425497743401112	0.1813566068253295	0.17853761483607788
0.5128613839913648	0.3333333333333333	0.32190513792240416	0.3118258148609696	0.3026840370137512	0.2942699484012255	0.28645173751024955	0.2791374964253613	0.27225893652095184	0.2657630890513505	0.2596075673814833	0.25375763907031046	0.24818430681746756	0.242862992181777	0.23777259940044815	0.23289482969946798	0.2282136663501671	0.22371498000962312	0.21938622068902305	0.2152161736174879	0.21119476310010055	0.20731289303528955	0.2035623158492526	0.19993552374954995	0.19642565771640022	0.1930264307414721	0.18973206262175052	0.18653722420770538	0.18343698944949288	0.1804267939228759	0.17750239877630786	0.1746598592422991
0.5248074602497725	0.3333333333333333	0.321409095027158	0.31093170539432247	0.3014551990141594	0.2927528627646322	0.2846826984377685	0.2771459305498766	0.27006932048059096	0.2633961659251717	0.257081169702325	0.25108727259568897	0.24538357988325177	0.23994394063507832	0.23474593843629493	0.22977015266192286	0.22499960444541656	0.22041933231164135	0.2160160612901188	0.21177794087803872	0.20769433468725454	0.20375564954115122	0.19995319513069137	0.1962790676560689	0.19272605251802133	0.18928754230071734	0.1859574671487908	0.18273023527904064	0.17960068184636493	0.17656402474754157	0.17361582622614113	0.17075195935889637
0.5370317963702527	0.33333333333333326	0.32089291396215536	0.31000402701192364	0.30018327135877404	0.29118580170964137	0.2828587042449741	0.27509586838907574	0.26781878377521223	0.26096678225764885	0.2544914824911603	0.24835336524355456	0.24251953396634054	0.23696218209270997	0.23165750532224816	0.22658490630865394	0.22172639874417902	0.2170661513393226	0.21259013257046916	0.20828582958871245	0.20414202275830012	0.20014860262588186	0.19629641973492865	0.1925771602023523	0.1889832417421084	0.18550772609133628	0.18214424472263763	0.17888693541363382	0.17573038776096686	0.17266959611785604	0.1696999187352827	0.16681704212032047
0.5495408738576245	0.3333333333333333	0.3203558815627038	0.3090417744498799	0.2988671648759394	0.28956771227544936	0.2809788121676192	0.27298652415212904	0.2655067271303144	0.258474543405314	0.2518383260220026	0.24555595701951138	0.2395924297190749	0.23391819598605137	0.22850799443296999	0.22333999467283722	0.21839515665579903	0.21365674090207534	0.20910992730291628	0.20474151376450947	0.20053967469765005	0.19649376512011044	0.1925941600417564	0.18883212150432807	0.1851996875551843	0.1816895788046733	0.1782951192170294	0.1750101685253165	0.1718290642165105	0.16874657145457966	0.16575783963311844	0.16285836450004237
0.5623413251903491	0.3333333333333333	0.3197972671708104	0.3080439303805025	0.29750579188548615	0.287897559460924	0.2790421144751712	0.2708171636365809	0.26313261834321844	0.2559191359317895	0.24912161445704312	0.2426951930104732	0.2366026426653064	0.23081258500699897	0.22529823048256772	0.22003645799461302	0.2150071265310656	0.21019254943706028	0.20557708560831447	0.2011468166009939	0.19688928808912065	0.1927933003284227	0.1888487365000054	0.18504642072287592	0.18137799958142703	0.1778358424910521	0.17441295730256948	0.17110291834352997	0.16789980469232138	0.1647981469345917	0.16179288099947406	0.1588793079427139
0.5754399373371569	0.3333333333333333	0.3192163228059649	0.3070094666796491	0.29609806860840193	0.28617432960397016	0.2770477425946841	0.2685871088781179	0.26069599724306164	0.25330033270376917	0.24634136092756845	0.23977132834308704	0.2335506678465007	0.2276460794194619	0.22202917241878195	0.21667547613004637	0.2115637005376611	0.2066751723133694	0.2019933966597322	0.19750371155757757	0.1931930111640197	0.18904952183367454	0.1850626187843796	0.18122267457363275	0.17752093276943026	0.17394940179047252	0.17050076505087067	0.16716830440255526	0.16394583451156758	0.16082764629200355	0.1578084578894043	0.15488337203613617
0.5888436553555889	0.3333333333333333	0.3186122833947757	0.30593734581862536	0.294642917737024	0.2843970339281605	0.2749948713854533	0.2662957429084132	0.2581964807221718	0.25061799800457646	0.24349768255613036	0.2367847329879215	0.23043712434763303	0.22441954115285515	0.21870191703233977	0.21325837161836098	0.20806641714006968	0.2031063536903154	0.1983607998941364	0.19381432290553852	0.1894531426751761	0.1852648926924271	0.18123842431253112	0.17736364517003106	0.17363138456896643	0.17003328045374094	0.16656168381309666	0.16320957729249327	0.15997050548133535	0.15683851485986278	0.1538081018306654	0.15087416745240032
0.6025595860743578	0.3333333333333333	0.3179843670637258	0.304826522385759	0.29313927116848804	0.2825647122550995	0.27288272355776566	0.26394251462241897	0.2556337678215522	0.24787209264564605	0.24059080544711642	0.23373589646536075	0.22726275959972178	0.22113396763566187	0.21531770224555402	0.20978661237075674	0.20451696314708118	0.1994879878933437	0.1946813856959474	0.1900809257064895	0.18567213116435768	0.18144202399104076	0.17737891609432288	0.1734722371742004	0.16971239139530536	0.16609063713471367	0.16259898535687362	0.15923011315940513	0.1559772897708958	0.1528343128807067	0.14979545350024331	0.14685540807637903
0.6165950018614822	0.33333333333333326	0.31733177549942515	0.3036759447425861	0.29158607290357486	0.28067643687998006	0.2707105742277036	0.2615269437361936	0.25300764485148863	0.24506267903784829	0.2376210695452337	0.23062543236263272	0.22402845345749356	0.21779049533354736	0.21187791004357037	0.20626181394381093	0.20091717529010647	0.19582212027155982	0.19095739551774937	0.18630594518832547	0.18185257359225787	0.17758367273410797	0.17348699988776234	0.16955149423328497	0.16576712436192992	0.1621247604379673	0.15861606624951324	0.15523340744147995	0.15196977305534348	0.1488187079988681	0.1457742547085118	0.14283090244472466
0.6309573444801932	0.3333333333333333	0.31665369438085367	0.3024845568193901	0.28998228211244514	0.2787313166066986	0.26847775559852277	0.2590486258207877	0.2503179905265194	0.24218992623313568	0.23458893339424625	0.22745408267910483	0.22073522201177745	0.21439040295567385	0.20838406901120446	0.20268574136039635	0.19726904129587358	0.19211094750166094	0.18719122140467154	0.18249195548734823	0.17799721330232135	0.17369273903941596	0.16956572063900827	0.16560459468203015	0.1617988842661561	0.15813906321022186	0.15461644147526415	0.15122306786737447	0.14795164684355908	0.14479546705717145	0.14174833960443511	0.138804544418731
0.6456542290346555	0.3333333333333333	0.31594929388816406	0.3012513000545698	0.2883268763680042	0.27672850093771073	0.2661836617577718	0.25650723739514286	0.24756478109371088	0.2392541148614369	0.23149497871979602	0.22422272192846163	0.21738422110074465	0.21093511429223177	0.20483785643808183	0.19906031044126152	0.19357470041773994	0.18835681730417675	0.18338540489053418	0.17864167772729747	0.17410893729216084	0.16977226261653114	0.1656182581871552	0.16163484649618168	0.15781109581621622	0.1541370760639113	0.15060373731174065	0.14720280664119623	0.143926700107456	0.14076844711793712	0.13772162515451838	0.13478030314636716
0.660693448007596	0.3333333333333333	0.31521772929269953	0.2999751154820039	0.28661885504683227	0.27466718441255195	0.26382775357645344	0.25390254105921933	0.244748095420935	0.23625564196890653	0.2283399148430817	0.22093236097902946	0.21397674948328904	0.20742620064579012	0.20124109995482853	0.19538758861092126	0.18983644339083677	0.18456222753939527	0.1795426352358014	0.17475797740842924	0.17019077276917005	0.1658254185093858	0.16164792221819627	0.1576456814853092	0.15380730108867602	0.15012244015704823	0.1465816833949487	0.14317643192572233	0.13989881013858757	0.13674158576034048	0.13369810090938022	0.13076221233199983
0.6760829753919817	0.3333333333333333	0.31445814163292324	0.2986549459702004	0.28485724289670467	0.27254661108759315	0.26140956369924834	0.2512343906476365	0.24186812004187666	0.23319502571628517	0.22512458286202466	0.21758415059319758	0.21051425163722273	0.20386538281890243	0.1975957786633808	0.19166979514232751	0.18605671177759547	0.1807298246521838	0.17566574697970827	0.17084386108258753	0.16624588297020115	0.16185551208692922	0.1576581464566404	0.15364064871420569	0.1497911522393012	0.14609889916321384	0.14255410407947183	0.1391478385556691	0.1358719326834149	0.13271889066973658	0.12968181808426354	0.12675435884468805
0.6918309709189365	0.33333333333333326	0.31366965848094663	0.297289738616588	0.28304109376875053	0.27036607914817573	0.25892870160498715	0.24850273637619957	0.23892515409931014	0.23007290989780063	0.221849959577509	0.21417938462896127	0.20699832014456732	0.20025453262050644	0.193904023725105	0.18790930080594562	0.18223809667188953	0.17686240143712176	0.17175771678164353	0.16690247229340371	0.1622775622288116	0.15786597326996882	0.1536524820839928	0.14962340717482808	0.14576640340509173	0.14207029053346232	0.13852490903087572	0.13512099803147448	0.13185009137442277	0.12870442854673253	0.12567687798602334	0.12276087070221386
0.7079457843841379	0.3333333333333333	0.31285139480447755	0.29587844729979773	0.2811694945112242	0.26812494564276024	0.2563848587241331	0.2457076299702027	0.2359196141799418	0.22689006826254648	0.21851716112623387	0.21071950286596766	0.20343069762607816	0.19659567385405533	0.19016811837137182	0.18410862689037855	0.1783833367320971	0.17296289409796886	0.16782165952998107	0.16293708676435564	0.15828923027763014	0.15386034998324638	0.1496345904047404	0.14559771764997784	0.14173690189468968	0.1380405359919808	0.13449808309989314	0.13109994781219877	0.12783736648619123	0.12470231337007066	0.1216874198254616	0.11878590447437298
0.72443596007499	0.3333333333333333	0.3120024539287423	0.29442003539221073	0.2792415690207001	0.26582263132713646	0.25377781358975215	0.24284922973120254	0.23285203900160545	0.22364740859000803	0.21512744628305125	0.20720609341802967	0.19981327818727415	0.19289098275102468	0.18639049730253093	0.18027044356356087	0.17449531551583658	0.16903437857848208	0.16386082370006178	0.15895110682139751	0.1542844257778064	0.14984230085178496	0.14560823470420675	0.1415674338613416	0.13770657861332325	0.13401363131404573	0.13047767549820388	0.1270887799377953	0.12383788305184125	0.12071669405374064	0.11771760796025105	0.11483363215537441
0.7413102413009175	0.3333333333333333	0.3111219286031107	0.292913478634392	0.27725648244526535	0.2634586256050903	0.25110743700646787	0.239927805527195	0.22972309391783635	0.22034597648974513	0.21168221939495072	0.20364089469391236	0.19614810833867824	0.18914278781449378	0.1825737454428964	0.17639756754582087	0.17057705809198523	0.16508006614500256	0.15987858594693777	0.15494805504124914	0.1502667990693357	0.1458155870888984	0.14157727138612458	0.1375364928520227	0.13367943776968	0.12999363540710646	0.12646778830703562	0.12309162901736644	0.1198557983816734	0.11675174154513014	0.11377161862003515	0.1109082275615976
0.7585775750291838	0.3333333333333333	0.3102089021769029	0.29135776817230913	0.27521344553294375	0.2610324915502026	0.24837369720718594	0.23694374367168852	0.22653357521214382	0.21698695888703215	0.2081830329083683	0.20002579686831412	0.19243738735373075	0.18535356903890277	0.17872059602140536	0.1724929590687774	0.16663172690884698	0.1611032982050325	0.15587844492279276	0.15093156711833125	0.14624010416249128	0.14178406365846463	0.1375456403437628	0.13350890464959636	0.12965954588631393	0.12598465872697723	0.12247256435619813	0.11911265962644105	0.11589528903221924	0.11281163541747537	0.10985362617168822	0.10701385231685256
0.7762471166286917	0.3333333333333333	0.3092624498887643	0.28975191375741594	0.27311171911716836	0.2585438709916784	0.2455766649775864	0.23389755166142095	0.2232844141404045	0.21357168715653885	0.20463158945126095	0.1963628428253852	0.18868346702893718	0.18152595647387143	0.17483392795005642	0.16855971809711526	0.1626626169009992	0.15710754035022778	0.1518640143109432	0.14690538396882544	0.14220818993065065	0.13775166966891458	0.13351735460900457	0.12948874123182608	0.1256510201461087	0.12199085106755145	0.11849617451762301	0.11515605316273583	0.1119605372804024	0.10890055001033763	0.10596778898855592	0.10315464149347867
0.7943282347242815	0.3333333333333333	0.30828164027380134	0.288094947108793	0.2709506187296204	0.255992489645284	0.2427165187196298	0.23078986273894392	0.2199766806875322	0.210101639865523	0.20102974343143237	0.19265422853787031	0.1848888508122775	0.17766272810213563	0.1709167624750847	0.16460107979376803	0.15867314982141925	0.15309637561682116	0.14783901509254116	0.14287334303345747	0.13817499058195162	0.13372241804130836	0.12949648930177832	0.12548012482785198	0.12165801611377752	0.11801638876892002	0.11454280446392169	0.11122599421635665	0.10805571716352065	0.10502264022286964	0.1021182349936924	0.09933468898349018
0.8128305161640993	0.3333333333333333	0.30726553669243123	0.28638592543555447	0.2687295193291695	0.25337816226861204	0.23979354942568737	0.22762144024748465	0.21661158700017238	0.20657844508764192	0.19737950211294622	0.18890230284606804	0.18105619226775696	0.1737668070042428	0.16697225907910435	0.16062040921294593	0.15466686778996708	0.14907349695916614	0.14380726700923607	0.1388393688519576	0.13414451537987135	0.12970038447389953	0.12548716991268014	0.1214872155941641	0.11768471487789445	0.11406546139536278	0.11061664094900225	0.10732665651638934	0.10418498015210445	0.10118202691412839	0.09830904695291165	0.09555803267857067
0.831763771102671	0.3333333333333333	0.3062131989846152	0.28462393511666456	0.2664478601339983	0.2507007978180079	0.2368081655328456	0.22439318174079265	0.21319049045690366	0.20300388224838653	0.19368302613313074	0.18510956660225444	0.1771882928462222	0.16984125778563441	0.16300371061612517	0.1566211952097436	0.15064742605199954	0.14504269895388444	0.13977267928889353	0.13480746288123546	0.13012083765806415	0.12568969573573016	0.12149355995813926	0.11751419871119884	0.11373530966554832	0.11014225794082777	0.10672185767373744	0.10346218852218231	0.10035244052867644	0.09738278218270358	0.09454424759791477	0.09182863954346021
0.8511380382023764	0.3333333333333333	0.3051236852527984	0.282808095534155	0.26410514954226966	0.24796040458260454	0.2337608976252348	0.22110612281153808	0.20971489633686538	0.19937988346334734	0.18994262942370932	0.181278671148088	0.17328809893523367	0.16588928224516578	0.15901453766545803	0.15260704355978272	0.1466185849613809	0.14100786870747137	0.13573924060874681	0.13078169260028935	0.12610808315807243	0.1216945173283672	0.1175198480540614	0.11356527095305541	0.10981399198236724	0.10625095262625092	0.10286260080608191	0.0996366987335652	0.09656216055029211	0.09362891441246586	0.09082778466548844	0.08815039067115815
0.8709635899560807	0.33333333333333326	0.3039960537764817	0.28093756305448514	0.2617009701249173	0.24515709526902396	0.23065240295087375	0.21776144060027716	0.2061864600474097	0.19570853433104096	0.1861607785009875	0.17741241609476788	0.16935869816386764	0.16191421426794944	0.1550082820950346	0.1485816692855847	0.14258420116152115	0.13697297603128614	0.13171100833594288	0.1267661799297075	0.12211041772842499	0.11771904056149247	0.11357023446056182	0.10964462678349086	0.1059249373815968	0.10239569035852342	0.09904297423091853	0.09585424079902351	0.09281813547861514	0.08992435328857867	0.08716351594245161	0.08452706641233143
0.8912509381337456	0.3333333333333333	0.3028293650608789	0.27901153515146876	0.2592349836723025	0.2422910920084417	0.22748346971633673	0.21436045694606823	0.20260698887134387	0.19199207414289401	0.1823400910918144	0.17351374637840367	0.16540331494183522	0.15791951392967052	0.1509885998295771	0.1445488882049385	0.13854821802150977	0.13294206286799634	0.1276920970722293	0.12276508900331068	0.11813203443028049	0.11376746909478269	0.1096489171566364	0.10575644408225972	0.10207229081676328	0.09858057192754285	0.09526702460965498	0.09211879850671059	0.08912427856540375	0.08627293483565564	0.08355519440987126	0.08096233167444014
0.9120108393559098	0.3333333333333333	0.3016226840215947	0.2770292546627693	0.25670693627461855	0.23936273125589963	0.22425502112606321	0.21090464113925111	0.19897844319461472	0.1882328954742315	0.17848333406424827	0.16958574856617328	0.1614253052162571	0.15390876080420568	0.14695925282278474	0.14051260768254215	0.1345146553128625	0.12891923201204564	0.12368666653895116	0.11878261333617085	0.1141771401015559	0.10984400500480057	0.10576007751029877	0.10190486945702984	0.09826015184831002	0.09480963902213144	0.09153872633544607	0.0884342707472088	0.0854844060854912	0.08267838657818419	0.08000645358302474	0.07745972148851593
0.933254300796991	0.3333333333333333	0.3003750823066489	0.2749900141704772	0.2541166634140163	0.23637246854999197	0.22096811912420833	0.20739561223654174	0.1953029371758937	0.18443354312173793	0.17459342063447303	0.16563164639238925	0.15742815043379849	0.1498856464714464	0.14292410024952076	0.13647681663920616	0.1304875981653667	0.12490863515596397	0.11969890884522728	0.11482296244005469	0.11024994143779229	0.10595283444234511	0.10190786561588423	0.09809400341135988	0.09449255959241529	0.09108685915153587	0.08786196647384659	0.08480445654105653	0.08190222251270572	0.07914431292054926	0.07652079314579982	0.07402262694313186
0.954992586021436	0.3333333333333333	0.29908564075651145	0.2728931604947128	0.25146409504452666	0.23332088309939414	0.21762396780324478	0.20383514089853377	0.19158273882050836	0.18059671235491798	0.17067340682458632	0.16165479550759235	0.15341545070067297	0.1458539662277019	0.1388870889060783	0.13244557481204028	0.12647118533175997	0.12091446030356719	0.11573303518906003	0.11089034793825342	0.10635463065483237	0.10209811295193107	0.09809638537553841	0.09432788525785044	0.09077347761534771	0.08741611056310938	0.08424052978276626	0.0812330402273376	0.07838130593686442	0.07567418084605174	0.07310156497963842	0.07065428158587056
0.9772372209558107	0.3333333333333333	0.297753452002072	0.2707380992875582	0.24874926063394742	0.230208682161284	0.21422391643865574	0.20022515070994398	0.1878202694225301	0.176725246451555	0.16672648714938876	0.15765867742821632	0.1493909171382204	0.1418176100056645	0.1348522428699151	0.12842300130602727	0.12246959679990568	0.11694091859800787	0.11179326204756392	0.1069889692825036	0.10249537080464229	0.0982839505304525	0.09432967940806188	0.09061047798010836	0.08710677882596402	0.08380116725077864	0.0806780839087696	0.0777235769121774	0.07492509382185833	0.0722713060355196	0.06975195968765213	0.06735774839243193
1.	0.3333333333333333	0.2963776231996468	0.26852429971292013	0.24597229413998492	0.22703670517435787	0.21076946210980424	0.19656771894353198	0.18401810234060195	0.17282213349008413	0.16275598951426257	0.15364689267922277	0.14535836343735684	0.13778055252572385	0.13082365241944716	0.12441326246533897	0.11848704079809028	0.11299223061915703	0.10788379691964835	0.10312299902753726	0.09867628082110028	0.09451439650828665	0.09061171387284402	0.08694565309673166	0.08349623046710702	0.08024568415201533	0.07717816485922271	0.07427947827774492	0.07153686920588385	0.06893883950642841	0.06647499371413268	0.0641359074024032
1.023292992280754	0.3333333333333333	0.29495727890124407	0.2662512991961722	0.24313343889110808	0.2238059276106859	0.20726225186666314	0.19286507672959485	0.18017896107529444	0.16889050237517203	0.15876536931063648	0.14962315312738006	0.14132169662011257	0.13374684268040352	0.12680546225029593	0.1204205591449409	0.11452774024566678	0.10907261221202925	0.10400882369030615	0.09929656793141545	0.0949014203788421	0.09079342434072493	0.0869463633012224	0.08333717562858584	0.07994547930421922	0.07675318263341095	0.0737441628514236	0.07090399885323946	0.0682197474449988	0.06567975487281244	0.06327349715276764	0.0609914441130542
1.0471285480508996	0.3333333333333333	0.2934915640573398	0.2639187082256288	0.24023305234080455	0.2205174645050345	0.20370408440216542	0.18911960859429305	0.1763057166184272	0.1649336180766232	0.15475820270037827	0.14559127350852508	0.1372849070301093	0.1297205922052496	0.12280185906309528	0.11644911331815427	0.11059591870858698	0.10518625991391509	0.10017248769263243	0.09551374977239846	0.09117477465298031	0.08712491640227898	0.08333739553140797	0.07978868926820204	0.07645803711181684	0.07332703636650138	0.0703793086406052	0.06760022284929729	0.0649766636003412	0.06249683631910558	0.06015010237320302	0.057926838758161216
1.0715193052376064	0.3333333333333333	0.2919796471483789	0.261526215186077	0.237271610662253	0.21717257362393583	0.20009691119034811	0.18533385133185012	0.17240138404789856	0.16095487606602296	0.15073817908573245	0.14155516215818117	0.13325205755797942	0.1257059636454797	0.11881705845526304	0.11250315426094068	0.10669578592546759	0.10133733605496345	0.09637888054864421	0.09177854608496874	0.08750023907226785	0.08351264888027683	0.07978845684623746	0.07630370185244073	0.07303726655996025	0.06997045769613897	0.06708666042851451	0.06437105165623098	0.061810360562000344	0.05939266741704351	0.057107233475973546	0.05494435648384669
1.096478196143185	0.3333333333333333	0.29042072344011155	0.25907359120275364	0.23424971314886536	0.2137726582336047	0.19644283705124646	0.18151049217788195	0.16846911834513714	0.15695779594026746	0.14670909276709745	0.13751881096127666	0.12922727214706842	0.12170715770537917	0.11485529135872213	0.10858690422430317	0.1028315229770344	0.09752995361211486	0.09263202487620834	0.08809487086899787	0.08388160416224053	0.07996027686734242	0.07630305741534285	0.07288557124102787	0.06968636760343484	0.06668648460340891	0.06386909145309089	0.061219192098983646	0.058723378038197334	0.05636962080064443	0.054147096780537585	0.05204603858338898
1.1220184543019633	0.3333333333333333	0.28881401835668724	0.25656069497231715	0.23116808638473832	0.2103192694263716	0.19274412010467537	0.1776523662537929	0.16451220941633118	0.1529460142263175	0.14267483379699986	0.13348628454269942	0.1252147236363118	0.11772839991471086	0.11092078989447249	0.10470456366529758	0.0990072671771899	0.09376816090266052	0.08893585895381992	0.08446653537401014	0.0803225405781525	0.07647131975474233	0.07288455714480757	0.06953749170411971	0.06640836447598027	0.06347796836378637	0.060729278352089786	0.05814714557704767	0.05571804242434373	0.05342984886417485	0.051271672313266216	0.04923369486902652
1.1481536214968828	0.3333333333333333	0.28715879096419644	0.25398747755554707	0.22802758814786234	0.2068141079652192	0.18900317107663012	0.1737624532553163	0.16053407630310212	0.1489232763671191	0.138639378045032	0.1294617087268372	0.12121862087751925	0.113773926850479	0.1070177728240031	0.10086029626392352	0.09522709677048642	0.09005592620836728	0.0852942214394265	0.0808972330584333	0.07682658443000653	0.07304914703011149	0.06953615203792848	0.06626248092162557	0.06320609339050948	0.060347561993428035	0.057669690428577364	0.05515719810357002	0.052796457715826535	0.05057527556478187	0.048482706487940064	0.04650889717404724
1.1748975549395295	0.3333333333333333	0.2854543375560381	0.2513539871047281	0.22482921100752773	0.20325902560639836	0.18522255192407894	0.16984387336189977	0.15653826057325848	0.14489342789464404	0.13460677649523203	0.12544925832906453	0.1172431953635545	0.10984797182599715	0.10315043063342885	0.09705821362486958	0.09149501552572459	0.08639712242577594	0.08171083624308284	0.0773905248263639	0.07339712300361247	0.06969696458367236	0.06626086117027803	0.06306336769557522	0.06008219103837678	0.057297709611321176	0.05469257983231305	0.05225141140654905	0.04996049754505902	0.04780758932753038	0.045781705931590734	0.04387297412530081
1.202264434617413	0.33333333333333326	0.2836999953301417	0.24866037349696318	0.22157408557768177	0.19965602586086056	0.18140497374642	0.16589988234774006	0.15252841888768376	0.14086040480238113	0.13058114380436311	0.12145314422577742	0.11329268723754533	0.10595475011739261	0.09932291033507962	0.09330235986558355	0.08781493732032519	0.08279551184211115	0.07818929765605737	0.07394982464615472	0.07003738098230433	0.06641780162667729	0.06306151438080221	0.05994278046888544	0.05703908401535091	0.05433063673126151	0.051799972819115914	0.04943161517166007	0.04721179833935696	0.045128237197199585	0.04316993259897722	0.04132700720633746
1.2302687708123816	0.3333333333333333	0.281895146146669	0.24590689284303296	0.2182634833855533	0.1960072641564099	0.17755329395484756	0.16193386587985428	0.14850831474525436	0.13682822313631238	0.1265666461562961	0.11747759992877793	0.10937133085986009	0.10209844395302273	0.0955393000724796	0.08959669614603939	0.08419067081424433	0.07925473113933192	0.07473305584099668	0.07057838565598243	0.06675040727365558	0.06321449832438228	0.05994074077276171	0.05690313677828203	0.054078979188417	0.0514483416451203	0.048993662166931636	0.04669940042228106	0.044551753742177076	0.0425384202620666	0.04064840019350681	0.03887182816018211
1.2589254117941673	0.33333333333333326	0.2800392203533839	0.24309391183990536	0.21489881931652705	0.1923150473640655	0.1736705126743327	0.15794933299362351	0.14448180941392239	0.13280096783039716	0.12256748845808897	0.11352686754072791	0.10548333996707329	0.09828318716651352	0.09180361361972605	0.08594508524327985	0.08062590431560619	0.07577827673110163	0.07134540278881443	0.06727928686140983	0.06353906254420016	0.060089694237978955	0.056900958152557884	0.053946633655876486	0.051203855164431364	0.04865258797550676	0.046275200743400746	0.044056114177616165	0.04198151032116171	0.04003909040387102	0.03821787194087078	0.03650801776448162
1.288249551693134	0.3333333333333333	0.27813170066442516	0.2402219119336274	0.21148165359517004	0.18858183265417588	0.16975976835687445	0.15394990874175862	0.14045285206270164	0.12878278081980088	0.11858790092121432	0.10960518326780175	0.10163289250597686	0.09451304971394306	0.0881197748712928	0.08235127627218908	0.07712419094281153	0.07236949053879499	0.06802945884804197	0.06405542052877243	0.060406007557385386	0.057045817704022686	0.05394436342157336	0.05107523914021859	0.04841545493837233	0.04594489839211397	0.04364589636440778	0.04150285541080704	0.03950196461507923	0.03763094841217112	0.035878859745176406	0.03423590600014391
1.318256738556407	0.3333333333333333	0.276172126076737	0.2372914932581176	0.20801369326313027	0.18481022565032793	0.16582433258911472	0.14993932601857057	0.136425469116207	0.12477784847213894	0.11463212509516651	0.10571676252492465	0.09782411522720372	0.09079202211130166	0.08449160242248023	0.07881888965693164	0.07368893418956084	0.06903154631300815	0.06478815993140165	0.06090948037594241	0.0573536924440165	0.054085076167394844	0.05107292408190709	0.0482906849744855	0.045715279715256	0.04332654963006356	0.041106807964206606	0.03904047235725337	0.037113761555562716	0.03531444349012697	0.0336316247401169	0.03205557362459602
1.3489628825916535	0.33333333333333326	0.2741600958069511	0.23430337831437315	0.2044967931153933	0.18100297785209268	0.16186760408233608	0.14592141656777652	0.13240375286058484	0.12079038838694375	0.11070439941095508	0.10186578471764825	0.09406106812850475	0.08712399989587044	0.08092279434419086	0.07535140245960004	0.07032337399994122	0.0657674366063477	0.06162424550229604	0.057843950653298226	0.05438434692244296	0.05120944762903375	0.04828837093390158	0.04559446048599211	0.043104584043162454	0.040798568829851715	0.03865874312575535	0.03666956120700114	0.03481729428818118	0.03308977416697233	0.03147617928086888	0.029966855141734614
1.3803842646028848	0.3333333333333333	0.2720952732300575	0.23125841535381267	0.20093295605759848	0.17716298330113248	0.15789310183824826	0.1419001011887717	0.12839184933705172	0.11682463560825734	0.10680894430983515	0.0980563777862744	0.0903477288430945	0.08351276821380688	0.07741691325831584	0.0719521341737612	0.06703057346039616	0.06257996050148784	0.058540247435405895	0.054861096245847236	0.051499971630394915	0.04842067328691825	0.045592191960133754	0.04298780778392917	0.04058437227632162	0.03836173124625615	0.036302257003370156	0.03439046620350752	0.032612705405429196	0.030956890620185896	0.02941229025160998	0.02796934316151574
1.4125375446227544	0.3333333333333333	0.26997738979979036	0.22815758142894688	0.1973243328487822	0.17329327446916978	0.15390445748980955	0.13787937916332182	0.12439394556678252	0.11288482835711475	0.10294994703535768	0.0942926026033581	0.08668797707307538	0.07996198663941892	0.07397737182169663	0.06862423309071689	0.06381340621397827	0.059471712190286574	0.05553847987839853	0.05196295377248986	0.04870233064792982	0.04572025136587999	0.04298562753261423	0.04047171829401269	0.038155396414705806	0.03601655935690477	0.03403765265809988	0.03220328115898849	0.030499889591826104	0.028915498397784917	0.027439483867527606	0.026062394112593534
1.4454397707459274	0.3333333333333333	0.2678062489292896	0.22500198507432234	0.19367322119602154	0.16939701735079843	0.1499054068225832	0.1338633169319117	0.12041425615310986	0.10897519323962418	0.09913154617430395	0.09057843732110402	0.08308557917181064	0.07647517433391268	0.07060741872730145	0.06537066334533355	0.060674544699731214	0.05644507053264579	0.05262103013005718	0.04915132395021918	0.04599294520842218	0.04310943227324292	0.040469666962041274	0.038046930675978655	0.03581815534979775	0.03376332338935299	0.031864982813975304	0.030107852384025375	0.02847849766861069	0.026965063518381148	0.025557051741585603	0.024245135272211567
1.4791083881682074	0.33333333333333326	0.2655817298093132	0.22179286858074498	0.18998206417003022	0.16547750574906345	0.14589978048876168	0.12985603605646379	0.11645700935722952	0.1050999301914897	0.09535781603772395	0.08691776176975222	0.07954417298213529	0.07305569565272532	0.06731012533085864	0.062194192746204024	0.05761644931109068	0.053502189612886025	0.049789750692356305	0.046427765109875146	0.04337308873531187	0.040589215099777684	0.03804504643498109	0.03571393015298743	0.033572895534225156	0.03160204327314026	0.029784053030634822	0.028103783016294546	0.026547942012652828	0.025104818913821124	0.02376405829030175	0.022516473058352422
1.5135612484362082	0.3333333333333333	0.26330379114007546	0.21853160982620434	0.18625344791381476	0.16153815474716438	0.1418914939329565	0.12586170051374299	0.11252643260232964	0.10126319706117587	0.09163275097878776	0.08331434201187576	0.07606725303938464	0.06970674631083745	0.06408837300966932	0.059097381491642426	0.05464135860420237	0.050644990453137445	0.04704625257141407	0.0437935880397804	0.040843783225267744	0.03816034551228113	0.03571224836790858	0.03347294926991411	0.031419613080457556	0.02953249201053032	0.02779442627491778	0.02619043872034582	0.02470740331134096	0.023333772166541703	0.022059349382021618	0.02087510251897548
1.5488166189124815	0.3333333333333333	0.26097247475171437	0.215219723627611	0.18249009862004684	0.15758249336549662	0.1378845365560964	0.12188450337141477	0.10862673766431276	0.09746909403058171	0.08796024974885172	0.07977181516047423	0.07265815624930383	0.06643134021463501	0.06094484135763421	0.05608257186337466	0.05175128053431148	0.047875153961195106	0.04439189981983267	0.041249852174322955	0.03840579702507097	0.03582331506711309	0.033471502194864264	0.03132397008490309	0.029358057280891962	0.027554200446636562	0.02589542886100499	0.02436695471744792	0.02295583860250654	0.021650714481375292	0.020441562164397305	0.0193195179413713
1.5848931924611136	0.3333333333333333	0.25858790908743984	0.21185886257885295	0.1786948787568255	0.1536141564095162	0.13388296015122736	0.11792865290632538	0.10476210544605626	0.09372164793262408	0.08434409999706324	0.07629367457075177	0.06932004815090274	0.06323229706690302	0.0578819973114863	0.05315187902567857	0.04894798498450989	0.045194115108493194	0.041827805451147816	0.03879736317639528	0.036059644032533554	0.03357836196177396	0.03132278659279422	0.029266727785598592	0.027387735528561264	0.025666463406551716	0.024086157715738313	0.02263224409181825	0.021291990536087366	0.020054230819607576	0.01890913599069758	0.017848024493799984
1.62181009735893	0.3333333333333333	0.2561503125226364	0.2084508173418287	0.17487078252601287	0.14963687552055008	0.12989086665260674	0.11399835823191232	0.10093667053155772	0.09002479657155128	0.08078796302187577	0.07288325551644093	0.06605590987318252	0.060112230848351135	0.05490208533424963	0.05030718290550743	0.04623299747604087	0.042603058471428465	0.039354828740489886	0.036436671945637406	0.033805584339473393	0.03142547322894397	0.029265833135583848	0.02730071570828261	0.025507919604543697	0.023868347154105397	0.02236548891303518	0.02098500730722149	0.019714397782376047	0.018542711111790972	0.017460324353896925	0.016458750801579877
1.6595869074375607	0.3333333333333333	0.2536599964925921	0.20499751635951236	0.17102093054328865	0.14565446944862714	0.12591239524713613	0.1100978145098452	0.09715450557669994	0.086382373150802	0.0772953588849283	0.06954372146139987	0.06286852589233408	0.05707353926956302	0.052007118672358604	0.04755012141196594	0.043607594233348576	0.040102915153337804	0.036973573951050595	0.03416807507212152	0.031643626322030494	0.029364388363451916	0.027300131354532468	0.025425191724923607	0.023717653285107276	0.022158698114142235	0.02073208740900942	0.01942374285614166	0.01822140650052604	0.01711436245531826	0.01609320772772614	0.01514966235080712
1.6982436524617444	0.33333333333333326	0.2511173684011251	0.20150102496227087	0.16714856373447376	0.14167083357361343	0.1219517089048048	0.10623118782491867	0.0934196056400581	0.08279809091653872	0.07386965199877536	0.06627805103591122	0.0597604726924582	0.05411839431738785	0.04919887184023986	0.044882084880877915	0.04107279861992849	0.03769436112982986	0.0346843905083595	0.031991616742254564	0.02957353016971401	0.02739460436215484	0.025424935169708167	0.02363918595003374	0.022015761208861256	0.02053615278791684	0.01918441789768351	0.01794675895266471	0.016811182770652182	0.015767222193217183	0.014805707205160551	0.013918575605060803
1.7378008287493754	0.3333333333333333	0.24852293428220754	0.1979635438415917	0.16325703644848788	0.1376899287083303	0.11801298039232885	0.10240259981378083	0.08973587255665802	0.07927552812733517	0.07051403729986469	0.06308902582459969	0.056734108423020374	0.05124873391070293	0.046478874404494136	0.04230421191092566	0.03862937899163915	0.03537781704267135	0.032487374631502544	0.029907092090412427	0.02759481283355282	0.02551538213759558	0.02363927064344499	0.02194150970642632	0.020400858931884404	0.01899914877951776	0.017720756696205618	0.016552186170024977	0.01548172588352826	0.014499171762187799	0.013595598817313901	0.01276317271383022
1.7782794100389228	0.33333333333333326	0.2458773011867556	0.19438740686865846	0.15934980879348543	0.1337157692248444	0.11410037784138377	0.09861611213870208	0.0861070994613749	0.07581811346180081	0.06723152711689179	0.059979219069131784	0.05379156367557839	0.048466254815868234	0.04384840605889194	0.03981738660133183	0.03627784799678802	0.03315344945458485	0.030382372417289225	0.02791405197631489	0.02570675435541698	0.02372575426019859	0.021941944994380243	0.020330765676640265	0.018871364087138326	0.017545936840333967	0.01633920455843051	0.0152379909146236	0.014230882373703135	0.013307951190707115	0.012460528409520635	0.011681016686462608
1.8197008586099834	0.3333333333333333	0.2431811792670891	0.19077507823894774	0.15543043820922467	0.1297524105526543	0.11021804994998904	0.09487571090608216	0.08253695557151318	0.07242911197611238	0.06402493884216516	0.05695098538385258	0.05093473339396139	0.045772406890650916	0.041308493114335425	0.03742223723070088	0.034018463339533664	0.03102117356400149	0.028368984358412272	0.026011809154577632	0.023908405533253872	0.022024533965098077	0.020331556798055095	0.01880535915513025	0.017425508553620926	0.016174593828627494	0.015037700306743217	0.0140019896203727	0.01305636067488537	0.012191174122186146	0.011398026946629121	0.010669566901298107
1.8620871366628675	0.3333333333333333	0.24043538353216978	0.18712914892815974	0.1515025702954905	0.12580393610497215	0.1063701109016936	0.09118529113273863	0.07902897133993442	0.06911161172241673	0.060896883509859	0.054006451571281505	0.048165270065496285	0.04316838864480108	0.03885990641353368	0.035119136398810105	0.03185123000985828	0.028980657365189087	0.026446571267843187	0.02419944578941043	0.022198596859109358	0.020410325350102496	0.01880650728839895	0.017363510305484005	0.016061351530838243	0.014883036472429362	0.013814035164247163	0.01284186354050814	0.01195574627114414	0.011146343233784571	0.010405526116278953	0.009726194818083594
1.9054607179632472	0.3333333333333333	0.2376408352476365	0.18345233244935502	0.1475699289233685	0.12187444369661467	0.10256062509412002	0.08754864136678354	0.07558652409082874	0.06586851113683909	0.057849755380006807	0.05114750865661961	0.04548457825964911	0.040655144236359624	0.03650316070373914	0.03290820263993294	0.029775903969914835	0.027031327225420097	0.02461426155838688	0.022475822254263367	0.020575948656665767	0.018881534678713844	0.017365012663563235	0.01600326731709149	0.014776793405429292	0.013669035816386614	0.012665867662960469	0.011755174009005257	0.010926517213018194	0.010170865918648431	0.009480374091841888	0.008848199755326597
1.9498445997580451	0.33333333333333326	0.2347985629558518	0.17974745990608826	0.14363630566326738	0.11796803152408031	0.09879359177174565	0.08396942857252726	0.07221282424978254	0.06270250730232907	0.05488572261590026	0.04837580511270119	0.042893810500387125	0.038233361909027166	0.03423851548269282	0.03078930350264618	0.027791997271148717	0.02517237483713084	0.02287095982517336	0.020839587143532665	0.019038882332462505	0.017436382691306426	0.016005117289728997	0.014722520347005276	0.013569590289313677	0.012530232226902412	0.011590738998910806	0.01073937803959818	0.009966059865699666	0.00926207009270037	0.008619851354572062	0.008032824633643493
1.9952623149688795	0.3333333333333333	0.23190970309268805	0.17601747434160314	0.13970554857074227	0.11408878378501776	0.0950729296655224	0.08045118339043263	0.06891090227812993	0.0596160851867943	0.0520067191741891	0.04569274151511324	0.040393864587404425	0.03590347389875595	0.032065977319375535	0.028762060077428313	0.0258987845682544	0.023402765489546038	0.021215356656273304	0.019289188411418613	0.01758563264403397	0.016072917817680686	0.014724707687843092	0.013519016125350171	0.012437369102598926	0.011464150825376052	0.010586088701173967	0.00979184412881889	0.009071684749822558	0.008417220025219371	0.007821186362255744	0.007277271474463083
2.041737944669529	0.3333333333333333	0.22897550017960444	0.17226542438971282	0.13578155037828665	0.11024075602070024	0.0914024617424651	0.07699728588360312	0.06568359641864743	0.05661150795091261	0.04921443788116343	0.04309946650871772	0.03798538236847567	0.03366565781925249	0.029985303637279942	0.026825852937513772	0.024095310971376474	0.021721247591189582	0.019645939589285136	0.017822885541856674	0.016214260878207976	0.014789030175499294	0.013521527180886596	0.0123903730966101	0.011377643070120978	0.010468217215749656	0.009649270480616028	0.008909868123231572	0.00824064237390116	0.007633531981253227	0.007081571044522683	0.00657871663823316
2.0892961308540396	0.33333333333333326	0.22599730657169484	0.16849445723880868	0.13186823614825377	0.10642796027044335	0.08778590017306583	0.0736109518815575	0.06253354135544117	0.05369080840790361	0.046510324933034176	0.0405968742331758	0.03566874998733273	0.03151983952227595	0.027996007934138728	0.024979829451254477	0.02238040117843479	0.02012636336226666	0.018161005118975705	0.01643876264329587	0.014922668824005829	0.013582466231737558	0.012393191073299878	0.011334096964878299	0.010387827497089715	0.00953977337153902	0.008777568118217342	0.00809068904969473	0.007470138847272341	0.006908189656216754	0.006398175919975363	0.005934325601488253
2.137962089502232	0.3333333333333333	0.2229765817448204	0.16470781092644696	0.12796955044883496	0.10265435013218911	0.08422683162544808	0.07029522003008129	0.059463157885378204	0.05085578174737635	0.04389557570436291	0.03818560320340952	0.033444099612815206	0.029465697414559726	0.026097366396028835	0.02322291239748577	0.02075266980575071	0.018616460604269327	0.01675867165086447	0.015134742353135097	0.0137086134171186	0.012450843998287369	0.011337202230007714	0.010347596507898876	0.009465255688486848	0.008676093541958425	0.007968211291597966	0.007331504698353993	0.006757351254051525	0.006238359199474284	0.005768164750366498	0.005341267193660836
2.1877616239495525	0.3333333333333333	0.21991489110766616	0.1609088059881016	0.12408944412147438	0.09892380582746668	0.08072870299589391	0.06705293965271203	0.05647464369165032	0.04810797949142827	0.041371132011198165	0.03586603666743168	0.031311312641066416	0.027502668199314878	0.02428842585707599	0.021553809818931114	0.019210532828707126	0.0171897054435095	0.015436893286449172	0.013908600429003425	0.012569721926863262	0.011391668628672027	0.01035096691931659	0.009428199524054463	0.008607194871563492	0.007874400075516479	0.007218391130294939	0.0066294869389608505	0.00609944258653336	0.005621203743601399	0.005188708616719608	0.004796727184874149
2.2387211385683394	0.3333333333333333	0.21681390432756575	0.15710083648987444	0.12023186071412957	0.0952401193723158	0.07729480768482985	0.06388675952490558	0.0535699653020658	0.045448704909014814	0.038937680825715214	0.03363830444525766	0.02927002434838186	0.025629953994294852	0.022568013028519657	0.019971026023141734	0.017752220031606994	0.015844095935788068	0.01419347431790958	0.012757980897843054	0.01150350755226431	0.010402348279675903	0.009431810783369968	0.008573168771367348	0.007810862019511545	0.007131878952445614	0.006525275480361242	0.0059817965705325805	0.005493576156112527	0.005053897326286012	0.004656999316592036	0.004297921131257118
2.290867652767773	0.3333333333333333	0.21367539316218814	0.15328736048113822	0.1164007226603091	0.09160697995352013	0.07392827252559267	0.060799117656145055	0.05075085130550423	0.04287900976719741	0.036595654465050635	0.03150228623853394	0.027319629953594722	0.023846530771713576	0.020934744925859512	0.018472873635673306	0.01637578835621329	0.014577476411218933	0.013026084303658057	0.011680411629338448	0.01050738529069718	0.009480210101124445	0.00857699479491335	0.007779717796196149	0.007073439368414839	0.006445695006358735	0.005886023679798223	0.005385597623683177	0.004936929370640151	0.004533638106475124	0.004170261991861232	0.0038421063943510055
2.344228815319922	0.3333333333333333	0.21050122879267363	0.14947188990918964	0.11259991728864922	0.08802795964741475	0.0706320454702913	0.057792232168225245	0.0480187868897028	0.040399692553998647	0.03434523225834562	0.029457616386302777	0.025459292071451093	0.022151158038241515	0.019387040396791736	0.017057486597973997	0.015079136029855847	0.01338755243148883	0.011932273591445212	0.010673320196889264	0.00957868794190254	0.0086225162122041	0.007783731097547139	0.007045026444379804	0.006392089607509812	0.005813006638016504	0.005297800765239316	0.004838071006346222	0.004426706782081345	0.004057660786859452	0.003725766906881935	0.0034265932640235247
2.3988329190194904	0.3333333333333333	0.20729337865748132	0.14565798004391187	0.1088332827521985	0.08450649949073472	0.06740888413282017	0.054868093349716984	0.045375009752371395	0.038011298160110146	0.03218634368191778	0.027503690028155274	0.0236879493970672	0.020542389678332166	0.017923132648831823	0.015722833993592096	0.01386001734681765	0.012271906226587111	0.010909489152152133	0.009734049888548401	0.008714682105346561	0.007826479560862494	0.0070491985227364475	0.006366256034266844	0.0057639705468445395	0.005230979942500449	0.004757791002217845	0.004336427398823889	0.003960152319105405	0.0036232481656168535	0.0033208403097451863	0.0030487551249622448
2.4547089156850306	0.3333333333333333	0.2040539027900641	0.14184921846612042	0.10510459396962492	0.08104589616790678	0.06426134528357516	0.05202845695726231	0.04282050742543775	0.035714119031405055	0.030118672938263067	0.0256396706223615	0.0220043267042579	0.01901858585871	0.01654108266380547	0.014466734578595835	0.012716057971022446	0.011228012474692326	0.009955090586378834	0.008859875725443632	0.007912584066685206	0.007089279459924277	0.0063705577621618655	0.00574056399672122	0.005186249184256847	0.004696802143501015	0.004263210646789763	0.003877919315119435	0.003534560630364167	0.003227741753298488	0.0029528743204733695	0.0027060376205473293
2.51188643150958	0.3333333333333333	0.20078494966744947	0.13804921367859743	0.10141754867345107	0.07764928925749473	0.061191775383704586	0.049274838823964676	0.040356016039517745	0.033508197785403045	0.02814166494044349	0.0238644987511853	0.02040694590885633	0.0175779258884403	0.015238793378278133	0.013286871885902003	0.011644770624231568	0.01025325428667809	0.009066366165806826	0.008048020382511572	0.00716957536716443	0.006408076777356246	0.005744966001263082	0.005165117904354716	0.004656115066476667	0.0042076942440521185	0.0038113198575378416	0.003459852258867769	0.003147287477289922	0.0028685514021816573	0.0026193358036925634	0.0023959667804381397
2.5703957827688635	0.3333333333333333	0.1974887515808546	0.13426158340373492	0.09777575366180541	0.07431964923268136	0.05820230223884394	0.04660851082380217	0.037982020542272454	0.03139333127068765	0.026254532649546195	0.02217690213956225	0.018894138192638604	0.01621842191789233	0.01401402450210887	0.012180809768568676	0.010643571021286494	0.009344939257097722	0.00824054876856613	0.007295669805393071	0.006482818031914136	0.005780028587016938	0.005169590936215855	0.004637108785562527	0.0041707928549243115	0.003760922814507302	0.003399433688516842	0.003079594915394862	0.0027957591269348984	0.002543163909172468	0.002317774195991062	0.0021161560910674736
2.6302679918953817	0.3333333333333333	0.19416761954354525	0.13048994263612035	0.09418271135085395	0.07105976627856317	0.05529482784330747	0.044030498228945704	0.035698756370577525	0.029369076034181932	0.024456265699731743	0.020575406787867713	0.017464057045682376	0.01493793335244959	0.012864407841955987	0.011146008244411785	0.009709793913854327	0.008500315439914304	0.007474831605903988	0.006599988497626344	0.005849469263645506	0.005202302201740849	0.00464162407032024	0.004153763634829681	0.003727554018422921	0.003353810850207638	0.003024932107079989	0.0027345883332976933	0.00247748070915561	0.002249150565903431	0.0020458282710325965	0.0018643125013453508
2.6915348039269156	0.33333333333333326	0.19082393775520826	0.12673789152224	0.09064180672463669	0.06787224001981457	0.05247102247573244	0.04154157848400879	0.033506212562469814	0.027434755147351393	0.022745640230881034	0.019058349125505615	0.01611469211286374	0.013734181850658481	0.011787462993112906	0.010179839502767619	0.008840709104965169	0.007716587144852031	0.006766383539438594	0.005958134284485534	0.005266695522789605	0.004672088484720577	0.004158293201732338	0.0037123570423994116	0.003323727586768017	0.0029837476448581275	0.002685268992485495	0.002422354062757018	0.0021900435150711	0.0019841736429873575	0.001801231838544168	0.0016382413679013755
2.7542287033381663	0.33333333333333326	0.18746015764610618	0.12300900314267002	0.08715629477753872	0.06475947024095201	0.04973232009630533	0.03914228140811978	0.0314041362808687	0.02558946632902341	0.02112122984329444	0.01762388906884619	0.014843883718452987	0.012604766771918064	0.010780613260785107	0.009279603935328819	0.008033537294982544	0.0069909303530667245	0.006112363967505399	0.005367272473233013	0.004731685889565835	0.00418661435112195	0.0037168740261834567	0.0033102218787696	0.0029567099128707847	0.0026481976376204266	0.002377980085059731	0.0021405012304591374	0.0019311312270146885	0.0017459918076636097	0.0015818183852071566	0.0014358503563898337
2.8183829312644537	0.3333333333333333	0.18407879152815715	0.11930681127461915	0.08372928854205902	0.06172364867359151	0.04707991508405269	0.03683289082210524	0.029392038707295388	0.023832091289791184	0.01958141756553809	0.016270023865479218	0.01364933793717826	0.011547180936181832	0.009841201672243905	0.008442546050242063	0.007285465657705764	0.006320507727822858	0.005509937095002089	0.004824589304295034	0.004241664619406026	0.0037431543836290108	0.0033147007908200903	0.002944758982220878	0.0026239734031543146	0.0023447082058815874	0.0021006898683735248	0.0018867325442599304	0.0016985250823984342	0.001532464486565184	0.0013855246774959668	0.0012551523263436945
2.884031503126606	0.3333333333333333	0.18068240588378562	0.11563479821443132	0.08036374779090144	0.05876675191627223	0.04451476034049077	0.03461344758442849	0.027469202250426667	0.0221613062112979	0.018124408732682222	0.014994602597990545	0.012528642076139672	0.010558826556692713	0.008966506942551505	0.0076658701659618345	0.006593662951039804	0.0057024830334896515	0.0049562855142559585	0.004327304603716786	0.0037939028149512784	0.003339041498197768	0.0029491759479887644	0.002613445811037178	0.0023230741899271266	0.0020709163883385357	0.0018511173801093802	0.0016588492328466836	0.0014901079862718622	0.0013415551966948918	0.0012103933572381158	0.0010942672375720839
2.9512092266663856	0.3333333333333333	0.17727361432687772	0.11199638274050017	0.07706246849772669	0.05589053554271417	0.04203756677312838	0.03248375400593155	0.025634689001522125	0.020575593261255604	0.01674824465140797	0.01379534121549152	0.011479280429950162	0.009637031207946662	0.008153759255468053	0.006946755687845541	0.005955294142001513	0.005134034887896391	0.0044486230006571155	0.0038726835590135447	0.00338572915032856	0.002971676608899073	0.0026177787714756783	0.002313844034973263	0.0020516587321251453	0.0018245545362233521	0.0016270809593431014	0.0014547549378865984	0.001303867598537973	0.001171333878402281	0.0010545745708904729	0.0009514231247460712
3.019951720402016	0.3333333333333333	0.17385507027337976	0.10839490829741472	0.07382807313111958	0.05309652944390533	0.039648804159423956	0.030443379600098262	0.023887350356742672	0.019073253041000948	0.015450816928045322	0.012669837957528553	0.010498650170647496	0.008779063693148008	0.007400155758532027	0.006282371943106415	0.005367534367212766	0.004612369749515848	0.003984206443411365	0.0034580475530106344	0.0030145395964399574	0.002638537254669579	0.0023180729104429767	0.0020436060538008387	0.0018074693439677275	0.0016034549024702227	0.0014265019500745177	0.0012724585871617866	0.0011378984322702	0.0010199782740433969	0.0009163266818678889	0.0008249561959356169
3.0902954325135905	0.3333333333333333	0.17042945936197795	0.10483363148095973	0.07066300187834273	0.05038603443420787	0.03734870337864148	0.02849166811268603	0.022225837715314754	0.017652417842895198	0.0142298823287147	0.011615589033382149	0.009584077235726695	0.007982149675228516	0.006702875580626169	0.005669892392902647	0.004827582160994206	0.004134734057350544	0.003560346844180994	0.003080784003243872	0.002677806109096831	0.0023371851633189984	0.0020477128697008844	0.001800480443715726	0.0015883486629893638	0.0014055531906246544	0.0012474073916945057	0.001110076287460769	0.0009904030091981695	0.0008857744040555791	0.0007940161239954786	0.0007133101167555512
3.1622776601683795	0.3333333333333333	0.1669994916678273	0.10131571090242204	0.0675695048018026	0.04776012017285208	0.035137259986041045	0.0266277457623442	0.02064861415271392	0.016311065602024225	0.013083078037491001	0.010630004419308255	0.008732832080295985	0.0072434869729527535	0.006059094350657561	0.005106508149589028	0.004332671860890829	0.0036984254536951778	0.003174419329313974	0.0027383551677541175	0.0023730842555114637	0.002065272741686984	0.0018044494178514926	0.0015823163442817145	0.0013922430808123616	0.0012288910960067644	0.0010879317371524447	0.0009658322853720905	0.0008596921261991822	0.0007671162005503541	0.0006861164596931621	0.0006150345480185873
3.2359365692962827	0.3333333333333333	0.16356789375444036	0.09784419650793219	0.06454963506657124	0.04521962432549371	0.03301423909107244	0.0248505306124375	0.019153966958244537	0.015047034410192884	0.012007937176925082	0.009710423638444734	0.007942145159836808	0.006560260335643296	0.005465998042974583	0.004589440704985463	0.0038800851173768306	0.00330080303280764	0.0028238721346548396	0.0024283058914370847	0.002098019767264376	0.001820548493690649	0.0015861339367117012	0.0013870668104146383	0.0012172051706179166	0.0010716178815463303	0.000946317648737919	0.0008380590516344745	0.0007441842946625463	0.0006625043637270484	0.0005912067123267588	0.0005287830089097422
3.311311214825911	0.3333333333333333	0.1601374006105491	0.0944220194253571	0.061605243224353026	0.04276515310791496	0.030979181488910303	0.02315874298387834	0.01774002092237898	0.013858037462178365	0.011001904455117877	0.008854131391090595	0.007209222047291424	0.005929655677637898	0.004920796083139686	0.004115953792098345	0.0034671614472110168	0.002939296571716008	0.0025062345351133126	0.002148270280257084	0.0018503540212291714	0.00160086137987634	0.0013907217371987202	0.001212791164409477	0.0010613951550343587	0.0009319910396581298	0.0008209159286640352	0.0007251965524152451	0.0006424044194792102	0.0005705445118470656	0.0005079690458747132	0.00045331014073695487
3.3884415613920256	0.3333333333333333	0.15671074752000924	0.091051982407158	0.05873797261619471	0.040397083054889996	0.029031410982959013	0.02155091680950361	0.016404752248747774	0.01274167830059938	0.010062351805304851	0.008058372903950797	0.006531258002812669	0.0053488736044325705	0.004420733626616764	0.0036833643152476476	0.003091307783029442	0.002611414712743673	0.0022191237046436845	0.001895977303557474	0.0016279284616767108	0.001404164143841742	0.0012162743772995731	0.0010576563926621692	0.0009230814669458831	0.0008083760985944499	0.0007101846490766466	0.0006257907754874159	0.0005529817894880613	0.0004899446988501084	0.00043518586769417035	0.00038746844803363035
3.4673685045253166	0.3333333333333333	0.15329066191359086	0.08773675093277611	0.0559492559173302	0.03811556407482632	0.027170042825028037	0.0200254118225345	0.015146002964161057	0.011695466225923833	0.009186593887497782	0.007320368903669794	0.0059054519788997355	0.004815142168880803	0.003963102939790282	0.003289052296525439	0.0027500069850426153	0.0023147520804692083	0.0019602505047541497	0.0016692553367456502	0.0014286879885603912	0.001228515641306303	0.0010609610273185236	0.000919937640392766	0.0008006404626221683	0.0006992456389046005	0.0006126875504568151	0.0005384915840295841	0.0004746474542090328	0.0004195123759533162	0.00037173643149597004	0.0003302045942662023
3.548133892335755	0.3333333333333333	0.14987985525178948	0.08447884502857153	0.053240312841333404	0.03592052372435399	0.02539399318988684	0.01858042646515851	0.01396149569915592	0.0107168317391421	0.008371903326468571	0.006637330037081628	0.005329019898353057	0.004325728775730919	0.003545253825481796	0.002930469799716545	0.0024408252939759193	0.0020469953288403506	0.0017274242125003638	0.0014660356683699805	0.0012506833474099162	0.0010720822171454373	0.0009230589361638303	0.0007980178644415231	0.00069255535355979	0.000603177589753986	0.0005270917818495128	0.0004620499734631081	0.0004062310636114224	0.0003581508745378016	0.000316593017738352	0.00028055532870247354
3.630780547701014	0.3333333333333333	0.14648101498758526	0.08128063185717173	0.0506121490102246	0.0338116726586722	0.023701989591994977	0.01721401139731822	0.012848848706558976	0.009803141888244653	0.0076155255628529575	0.006006470721325624	0.00479920714698492	0.0038779511697446764	0.00316460304819944	0.002605148806072508	0.002161418717280088	0.0018059281266395622	0.001518556209914623	0.0012843550060995044	0.0010920725658318349	0.0009331381842306213	0.0008009530591116497	0.0006903867110434471	0.0005974144273676686	0.0005188528790733539	0.00045216505877032956	0.0003953148083536551	0.0003466572483015755	0.00030485548738396184	0.0002688167675996835	0.0002376431192131597
3.715352290971725	0.3333333333333333	0.14309679665738545	0.07814431912137447	0.048065555986612954	0.0317885111988379	0.022092582144483494	0.01592408348454767	0.011805590989390876	0.008951715393851787	0.006914693231182188	0.005425022265575018	0.0043133002037759926	0.003469187455472614	0.0028186427275239305	0.0023107080292700203	0.0019095383532505505	0.0015894351009422699	0.0013316626680753036	0.0011223570257481062	0.0009511214899682807	0.0008100654645539589	0.0006931349142130958	0.0005956386892898779	0.0005139086320435273	0.000445052513695979	0.00038677231598717167	0.0003372291167486094	0.00029494161696269096	0.00025870922394943444	0.00022755324458613452	0.0002006715630152652
3.8018939632056115	0.33333333333333326	0.13972981614720553	0.0750719493205815	0.045601112457186656	0.029850336947439715	0.02056415555404073	0.014708440138154576	0.010829177410520426	0.008159837435664005	0.006266639899942643	0.0048902452083730025	0.0038686373480717228	0.003096885109798463	0.002504947681128383	0.002044858669651831	0.001683034669608641	0.001395504769400543	0.0011648662684264621	0.0009782930159051846	0.0008262034815607522	0.000701352459794256	0.0005982007382228042	0.0005124707148454798	0.0004408285999870869	0.0003806541667592048	0.0003298719324653121	0.00028682601849852217	0.00025018644622888414	0.00021887831299196312	0.0001920277947815549	0.00016892064374068817
3.890451449942806	0.3333333333333333	0.13638264217950433	0.07206539489020403	0.043219186520824	0.027996253375267656	0.019114941740303107	0.013564773882751702	0.009917003660503269	0.00742477398477152	0.00566861316532875	0.00439944079604088	0.0034626183962000495	0.00275856896143127	0.0022211817115824675	0.0018054091198076536	0.0014798607639201042	0.0012222315018641933	0.001016397012625925	0.0008505216781032375	0.0007157983416651803	0.0006055922221553477	0.0005148490166847152	0.00043967910034582036	0.0003770611890311777	0.0003246283495252443	0.0002805116047064274	0.00024322436221242761	0.0002115761355306035	0.00018460752253853562	0.0001615407728766111	0.00014174189885560136
3.9810717055349722	0.3333333333333333	0.13305778906400567	0.06912635424668663	0.04091993910238148	0.026225179293781042	0.017743032964723928	0.01249068702802569	0.009066420965577627	0.006743785603649077	0.0051178869547273634	0.003949961544316538	0.0030927134327995215	0.0024518481242533415	0.0019651028434522233	0.0015902686448426204	0.0012980746436113213	0.0010678165606763238	0.0008845921795243407	0.0007375081479289744	0.000618490532370219	0.0005214800000198222	0.0004418774645761417	0.0003761560696995614	0.00032158561748001123	0.000276034243523008	0.00023782394260235854	0.00020562414263236437	0.00017837249592764446	0.00015521536311800991	0.00013546269655403584	0.00011855355650081226
4.073802778041127	0.3333333333333333	0.1297577097533453	0.0662563487528374	0.038703328374349345	0.024535859121486044	0.016446395351789274	0.011483706321750432	0.00827475042410384	0.0061141405608343795	0.0046117729956519134	0.003539220838009328	0.0027564705150034488	0.002174421884001421	0.0017345675286983442	0.001397450071086825	0.001135840572190903	0.0009305682765178408	0.0007678954940965846	0.0006378223078743147	0.0005329667703101938	0.00044781023468991196	0.0003781795346233298	0.0003208858731017529	0.00027346926873583966	0.00023401526662823665	0.0002010218588744227	0.00017330176650334354	0.00014990993767785427	0.0001300892354405024	0.00011322938669303341	0.0000988356954081372
4.168693834703354	0.3333333333333333	0.12648478924151302	0.06345672061014049	0.03656911518963078	0.022926873846835845	0.015222882684215889	0.010541297466833745	0.007539296863937274	0.00553312725880809	0.00414763138856274	0.003164701536152466	0.002451522340076612	0.001924084549391152	0.0015275338489849106	0.0012250715263403373	0.0009914295361864596	0.0008089014231191937	0.0006648555774992494	0.0005501364652473762	0.0004580130681610758	0.0003834730851666958	0.00032274052990641103	0.00027294057804433706	0.0002318632386741085	0.00019779444349810694	0.0001693938193030395	0.00014560523059182676	0.0001255906164091162	0.00010868057846032885	0.00009433714532629333	0.00008212547580965307
4.265795188015927	0.3333333333333333	0.12324133833985686	0.060728631676759515	0.03451686944277633	0.02139665258601557	0.014070250356052399	0.009660879389827593	0.006857362149002183	0.004998065843644281	0.0037228802385643025	0.0028239635627311053	0.002175591879322259	0.0016987292900442312	0.0013420637534462797	0.0010713572829432738	0.000863218893887726	0.0007013358587372377	0.0005741237516023508	0.00047322247095024986	0.0003925113008289707	0.0003274505573972892	0.00027463339578403064	0.0002314756090917705	0.0001959976956098534	0.00016666964678465517	0.00014229901640241746	0.00012194927050454531	0.00010487959240707137	0.00009050006813788848	0.00007833801747357674	0.00006801248332826809
4.36515832240166	0.33333333333333326	0.12002958786192348	0.05807306320212539	0.03254597729591303	0.019943484631002335	0.012986169366987543	0.008839838155261886	0.006226257792130291	0.004506318961443842	0.0033350043133780886	0.0025146504752208234	0.0019264969923182605	0.0014963509935483395	0.0011763243788864906	0.0009346377619422927	0.0007496912724437489	0.0006064945067193494	0.0004944512727977229	0.000405948355541793	0.00033543537257197124	0.0002788123128130084	0.0002330142635940593	0.00019572510579178462	0.00016517711861153942	0.00014000877090182301	0.0001191625240975118	0.00010181053351787299	0.00008730005183820968	0.0000751129113540601	0.00006483517701712069	0.00005613422184510705
4.466835921509632	0.3333333333333333	0.11685168324467596	0.05549081646142815	0.030655649195666893	0.018565531881609483	0.011968240247466105	0.008075540427416369	0.005643316876830886	0.00405530161021382	0.002981562707254221	0.0022344950150602733	0.0017021540463477971	0.0013150481832679209	0.001028588507000085	0.0008133487624951315	0.0006494327834950713	0.0005231007491642394	0.00042468607125768136	0.00034727455862653447	0.0002858470597229511	0.00023671122839628942	0.00019711781514576712	0.0001649971639417022	0.00013877547519658182	0.00011724489495056121	0.00009947048545297785	0.00008472282288212678	0.00007242863283050316	0.00006213427345697863	0.000053478470799030734	0.00004617178539799915
4.570881896148751	0.3333333333333333	0.11370967962970455	0.05298251426609954	0.028844928602126733	0.017260841554822805	0.011014006806968256	0.007365346386336012	0.0051059051663622755	0.0036424900519221462	0.002660195502455178	0.0019813236550812576	0.0015005805753995837	0.0011530240465885291	0.0008972342193624425	0.0007060299847010919	0.0005611306309446212	0.00044997530930746926	0.00036376907142948343	0.0002962498261286221	0.00024289160113226646	0.0002003787770695209	0.00016625253283880903	0.00013866902066335786	0.00011623139422214414	0.00009787148585217526	0.00008276537972143439	0.00007027245514644772	0.0000598908933578156	0.00005122487195529343	0.00004396014922197716	0.00003784573338058646
4.677351412871983	0.3333333333333333	0.11060553742398707	0.05054860331955767	0.027112701346663264	0.016027359065584862	0.01012096960438127	0.006706622039631038	0.004611431371074882	0.0032654297613663825	0.0023686294313054277	0.0017530601693609613	0.0013198970219313083	0.0010085866297549792	0.0007807438160681807	0.0006113229179194237	0.00048357018529533296	0.0003860326981067644	0.00031073016824599087	0.0002520068475507735	0.00020579310504410944	0.00016912029302304326	0.0001397958954592716	0.00011618223849100966	0.00009704338420183652	0.00008143768693591466	0.00006864140905066905	0.000058093766082124957	0.00004935695193675195	0.000042086763023160324	0.000036010805922366416	0.00003091218777482441
4.786300923226384	0.3333333333333333	0.10754111835560476	0.0481893573811661	0.025457705532220546	0.014862940975229355	0.009286599045733307	0.006096750805072493	0.004157356529352953	0.0029217424001484094	0.002104682552737481	0.0015477282601170845	0.0011583276120205248	0.0008801482617586702	0.0006777020672280827	0.0005279681678737483	0.0004156315997177727	0.00033027729942601666	0.0002646839312230957	0.00021375770199979626	0.00017384983698572325	0.0001423101818256987	0.00011718957444873795	0.0000970379380821923	0.00008076514146630565	0.00006754373130051771	0.00005674003923789664	0.000047864794879246654	0.00004053732635080538	0.0000344593418466302	0.000029395543646656842	0.00002515916593828148
4.897788193684462	0.3333333333333333	0.10451818203564268	0.04590488119246579	0.023878541887554856	0.013765367906957456	0.008508348022924828	0.005533144377069592	0.0037412024728114904	0.002609131815141943	0.0018662679670996165	0.0013634532847273725	0.0010142004210478615	0.0007662242734217169	0.0005867938696716244	0.0004548022970109432	0.0003562860420858341	0.0002817991661243038	0.00022482510543676262	0.00018078917770869237	0.00014642944851756023	0.00011938712992482356	0.00009793467985358157	0.0000807921233527699	0.00006700098666963616	0.000055836513340326544	0.000046745723054947866	0.000039303170555448914	0.00003317899005908847	0.000028115572501316683	0.000023910378369160242	0.000020403157644256035
5.011872336272722	0.3333333333333333	0.10153838303335096	0.04369511513968653	0.02237368448579695	0.0127323573319174	0.0077836640145851396	0.0050132527729406795	0.0033605593576503602	0.0023253890715507447	0.0016513966022623943	0.0011984631330706863	0.00088594669183722	0.0006654310813925218	0.0005068013818182548	0.00039075425206287436	0.0003045916154422127	0.00023976959638117852	0.00019042397445121016	0.0001524580251319574	0.00012296420149895276	0.00009984936257709069	0.00008158709936874212	0.00006705113693907261	0.00005540146224111231	0.000046005346003104	0.00003838182899016633	0.00003216221903502686	0.000027061660703930254	0.00002285845807515979	0.000019378889001139315	0.000016485950684935528
5.1286138399136485	0.3333333333333333	0.09860326846745307	0.0415598405342436	0.020941491737640434	0.011761576134626778	0.007110000576397301	0.0045345735424614265	0.003013092254981474	0.002068396540336038	0.001458179111994441	0.0010510883114717823	0.0007720994717594991	0.0005764837085698239	0.0004366007102292156	0.00033484145137207644	0.00025968903665597157	0.00020343655585380654	0.00016082164573465516	0.0001281861985687338	0.0001029462370008421	0.0000832499934864572	0.00006775296801634948	0.000055467278017328034	0.000045659117599397455	0.00003777792572488408	0.00003140679284624441	0.00002622730420631984	0.000021994330266898502	0.000018517757190839376	0.000015649115799096554	0.000013271705428662984
5.248074602497725	0.3333333333333333	0.09571427611279448	0.039498685564765004	0.019580217570369735	0.010850652872885103	0.006484828181005625	0.00409466010923849	0.002696546803250419	0.0018361310689510649	0.0012848269347690107	0.0009197612943930566	0.0006712916374107792	0.0004981928132874376	0.000375158220304473	0.0002861656022053817	0.00022079713955037888	0.0001721200068927033	0.00013542531408193412	0.00010745613580966898	0.00008592293227276967	0.00006919250358262326	0.00005608430015849282	0.00004573460876772443	0.00003750450337705313	0.000030916521649423466	0.00002561050456928063	0.000021312411504889424	0.000017812041985215253	0.000014946948978268866	0.000012590706813241446	0.000010644275290922784
5.370317963702527	0.3333333333333333	0.09287273301720514	0.037511131751585505	0.018288022705789067	0.009997189652946362	0.005905644306334908	0.0036911292266014455	0.0024087539357463567	0.001626666272220326	0.0011296525670097335	0.0008030152088246085	0.0005822533774602829	0.0004294612993065084	0.00032152654173847687	0.00024390831512696623	0.00018720826463508526	0.00014520720117100063	0.0001137035531949118	0.00008980611963509914	0.0000714923833667889	0.00005732638058428359	0.000046274809837681084	0.00003758497024877394	0.0000307023906273495	0.000025214400754126657	0.000020810938019377994	0.000017256978244685783	0.000014372915164421601	0.00001202044492284008	0.000010092308440036232	8.504767141060945e-6
5.495408738576246	0.3333333333333333	0.09007985462030667	0.03559652090790277	0.017062985952833135	0.009198773549553792	0.005369982799387626	0.0033216675408484454	0.0021476337050696332	0.0014381739874030604	0.0009910691096151852	0.0006994819185544539	0.0005038092046191787	0.00036928057738308155	0.0002748403366252798	0.00020732657865499314	0.00015828359290036683	0.0001221479868367117	0.00009518167997843601	0.00007482575923486929	0.000059299045247864906	0.00004734294516896816	0.000038055939957821465	0.00003078422322482699	0.0000250482260679358	0.000020492495924076378	0.000016851027168900876	0.000013922971059896562	0.000011555415528969931	9.63104288065809e-6	8.059193357744145e-6	6.769333217541681e-6
5.623413251903491	0.3333333333333333	0.08733674436227717	0.033754062522350636	0.015903115434158243	0.008452987503925452	0.004875422433696269	0.0029840372642383215	0.001911198234635569	0.0012689249434113348	0.0008675891502690301	0.0006078895774721536	0.0004348745671626066	0.0003167265470051369	0.0002343118946434043	0.00017574815300887313	0.00013344847605045013	0.00010245017580417652	0.00007943723041162251	0.00006215162388488017	0.00004902955557915436	0.00003897138465137583	0.000031193115638885035	0.000025128724628985092	0.00002036482990805283	0.000016596319879962103	0.000013595788458723091	0.000011192207443671636	9.25586574776774e-6	7.68761590679107e-6	6.4111168222219385e-6	5.367184148012224e-6
5.7543993733715695	0.3333333333333333	0.08464439376759639	0.031982841501903184	0.014806359670259946	0.00775742066336324	0.004419594659480968	0.002676080969264527	0.001697553834594291	0.001117288699120812	0.0007578230465907022	0.0005270597208900182	0.0003744521289600806	0.00027095536393363965	0.00019922661567449218	0.0001485669368928407	0.00011218781019276333	0.00008567501117937054	0.00006609558016245167	0.00005146305560248491	0.00004040876294921719	0.000031975008870036505	0.000025482232261663967	0.00002044204589421693	0.000016499338744204713	0.000013393124199307035	0.00001092968576979595	8.963915481070121e-6	7.386188252488505e-6	6.113026374827646e-6	5.0803904633039395e-6	4.238811142362971e-6
5.88843655355589	0.33333333333333326	0.08200368298571482	0.03028182621064522	0.013770618449441208	0.007109678068556805	0.004000190531059985	0.0023957255239520888	0.0015049023257062777	0.0009817329095724618	0.0006604766767593423	0.00045590396359544163	0.00032162778465238213	0.00023119905555176294	0.00016893843564001824	0.0001252383560798065	0.00009404149447971206	0.00007143276917522266	0.00005482573752836567	0.000042478182099941526	0.00003319597518113937	0.000026147739513272947	0.000020746384312704582	0.000016571935382040013	0.000013320392416497933	0.000010769299485471844	8.754231679308172e-6	7.15252346577528e-6	5.871870418460622e-6	4.842254154869006e-6	4.0101613235316315e-6	3.3344043161371166e-6
6.025595860743578	0.3333333333333333	0.079415381768325	0.028649876740362165	0.012793753417597427	0.0065073897129573665	0.0036149668083811717	0.0021409851955380157	0.0013315416201361138	0.0008608219816673923	0.0005743487244491345	0.0003934203717361071	0.00027556647356383326	0.000196761041843986	0.0001428652463992587	0.00010527481717643089	0.00007860001063091756	0.00005937852431849964	0.000045336330895063304	0.0000349501462368601	0.00002718143859132396	0.000021310838681149703	0.000016832837177261025	0.000013387523602062418	0.00001071556060440182	8.62801003562501e-6	6.985816358923946e-6	5.685669147037148e-6	4.65014057822257e-6	3.820726334130831e-6	3.1528828878216027e-6	2.6124533716270516e-6
6.165950018614822	0.3333333333333333	0.07688015086033644	0.027085753349936834	0.011873598327211875	0.005948218896975864	0.003261751237865979	0.0019099639565534707	0.001175865612336693	0.000753215182734471	0.0004983275649021652	0.00033868957335992614	0.00023550785227009158	0.00016701161521156185	0.00012048435535777136	0.00008824126447827497	0.00006550015374878879	0.00004920810136852889	0.00003737180778537398	0.00002866356339986475	0.000022183054694957538	0.000017309879067917654	0.000013610240530317208	0.000010776766855856075	8.589002305099405e-6	6.887054126869355e-6	5.553753619005802e-6	4.502416850360429e-6	3.6683421565002934e-6	3.002835075360737e-6	2.468964227357809e-6	2.03851647469752e-6
6.309573444801933	0.3333333333333333	0.0743985437798948	0.02558812501214858	0.011007968891507106	0.005429869874089403	0.0029384470256632552	0.0017008570332249454	0.0010363634365108598	0.0006576642661406005	0.000431387817169097	0.0002908706694416855	0.00020076188156838587	0.00014138342740008714	0.00010132802510157027	0.00007375087236610308	0.0000544209394697893	0.00004065423223683403	0.000030708857781867486	0.000023431213857680432	0.00001804333691893155	0.000014011954519607738	0.000010966078950442581	8.644122352602172e-6	6.8593491683001395e-6	5.476939259629098e-6	4.398532181529739e-6	3.551669621558983e-6	2.8824924171384177e-6	2.3506296748517677e-6	1.9255830828120116e-6	1.5841430745760046e-6
6.456542290346556	0.33333333333333326	0.07197100896110167	0.024155578008604576	0.01019467219598905	0.004950094771972153	0.002643036523434143	0.0015119517409084892	0.0009116181494475313	0.0005730106780768823	0.0003725866257325291	0.00024919700365347194	0.0001707043790341729	0.00011936702668141356	0.00008497912800286799	0.00006146090034399148	0.00004507970734669352	0.00003348293137935156	0.000025153067199171745	0.000019090973186335133	0.000014626606401445749	0.0000113031267291398	8.80435282546575e-6	6.9084457193326994e-6	5.457801938084904e-6	4.339160342454843e-6	3.4702592435509434e-6	2.790762822882548e-6	2.256011858342671e-6	1.8326686628158108e-6	1.4956486985456402e-6	1.2259365785676026e-6
6.606934480075959	0.3333333333333333	0.06959789223180002	0.022786624516134217	0.009431515625913354	0.004506699782503546	0.002373584153267312	0.0013416276553941382	0.0008003048989064464	0.0004981824084718128	0.0003210597318606364	0.00021297184508613757	0.00014477258350737365	0.0001005064832020696	0.00007106694543411397	0.00005106873265837295	0.000037228435499656773	0.000027490098679711005	0.000020535809390012152	0.00001550298035312747	0.000011816422938821423	9.086101285190546e-6	7.0434805199199715e-6	5.501100144555166e-6	4.3264279476371785e-6	3.4246678399427933e-6	2.7272827359927165e-6	2.1842252225291643e-6	1.7586101411221235e-6	1.4230178418745478e-6	1.1569004479668931e-6	9.447431713645965e-7
6.760829753919817	0.3333333333333333	0.06727943959780655	0.021479711130992025	0.008716315275369391	0.004097550621776603	0.0021282386039567103	0.0011883561719426066	0.0007011886382184908	0.0004321905476716425	0.0002760173917137007	0.00018156403371369262	0.0001224607728395858	0.00008439513518165533	0.000059263136062846826	0.00004230811953391197	0.000030650277059314245	0.000022498354790519155	0.000016711371015344447	0.000012547039998631755	9.513244581616807e-6	7.278124197307023e-6	5.614411110953315e-6	4.364265122865933e-6	3.4166466935923593e-6	2.692512298599366e-6	2.1349783495465116e-6	1.7026935235988865e-6	1.3653145447918616e-6	1.1003804420172239e-6	8.911287187538349e-7	7.249536183308455e-7
6.918309709189364	0.33333333333333326	0.06501580030430103	0.020233227280580916	0.008046903809698091	0.003720577268063538	0.0019052343357207372	0.0010506995061545928	0.0006131214474403195	0.00037412560775754237	0.00023674019442283914	0.0001544036337179066	0.00010331597115102053	0.0000706714835055659	0.00004927789275381693	0.00003494563247398926	0.000025156324793806058	0.000018354110274610435	0.00001355431150445776	0.000010120252861758628	7.632307271910953e-6	5.809088357611587e-6	4.458935744204368e-6	3.4494318767793817e-6	2.687889946222815e-6	2.108651374521334e-6	1.6646873492907266e-6	1.321966433406197e-6	1.0556272708388795e-6	8.473460412418012e-7	6.835051150406948e-7	5.539055751952404e-7
7.079457843841379	0.3333333333333333	0.06280703014470188	0.019045513476065323	0.0074211377571201855	0.0033737779918223483	0.0017028924345737402	0.000927309192137116	0.0005350395203102162	0.00032315366467764546	0.00020257482919596267	0.000130977634957746	0.00008693377678406803	0.0000590152572844429	0.00004085630293812133	0.000028777341850568648	0.000020582606591695094	0.000014924866703047733	0.000010957050275746523	8.134866142826988e-6	6.101714231531095e-6	4.619838141585791e-6	3.5281847811439716e-6	2.7160719835308523e-6	2.106422590207206e-6	1.6449054706187561e-6	1.2927913905860731e-6	1.0221847375815442e-6	8.127984217188479e-7	6.497455209309409e-7	5.220097442296047e-7	4.2137470710321985e-7
7.244359600749901	0.3333333333333333	0.06065309498726219	0.017914869363130418	0.006836904230143969	0.0030552226975159693	0.0015196208607251686	0.0008169241339993322	0.0004659598746209738	0.0002785123738781165	0.0001729298460812844	0.00011082573797213891	0.00007295433718147216	0.00004914366821420909	0.000033774922970800745	0.0000236257211258303	0.000016787311180658207	0.000012096745123859417	8.827674073749911e-6	6.5163338747874506e-6	4.860723530426499e-6	3.6606594644189796e-6	2.7812973680011347e-6	2.13046548977251e-6	1.6443103975341949e-6	1.2780483085177175e-6	9.999109399599805e-7	7.871243756067345e-7	6.232021257928125e-7	4.961000571705614e-7	3.9694415452298296e-7	3.191437667954697e-7
7.413102413009175	0.3333333333333333	0.058553874489787425	0.016839561532218036	0.006292127027714407	0.002763055602003769	0.0013539141379821547	0.0007183682665359796	0.00040497684091898715	0.00023950690834341061	0.0001472714504293719	0.00009353625303134752	0.0000610584921328555	0.000040807867120021014	0.000027838573025598217	0.000019336778781618786	0.000013648240603358633	9.772235008184866e-6	7.087954985738402e-6	5.201576047665827e-6	3.858221353655819e-6	2.8899420592064417e-6	2.18424981475536e-6	1.6646748154942362e-6	1.278521168355927e-6	9.89019170879191e-7	7.702144567972562e-7	6.035901777368904e-7	4.758040279757348e-7	3.7715296051052825e-7	3.0051934413270544e-7	2.406396639698295e-7
7.5857757502918375	0.3333333333333333	0.05650916597328366	0.01581783105370359	0.0057847721677158105	0.0024954972786329042	0.0012043525328052293	0.0006305478801044432	0.0003512583823131199	0.00020550586388788427	0.0001251193664304086	0.0000787421389792245	0.00005096410228461289	0.000033789611948014226	0.00002287735549401267	0.00001577741571266675	0.000011060483543238001	7.868154893608644e-6	5.6715683076423e-6	4.137424275348129e-6	3.0513679092376813e-6	2.27300049056365e-6	1.7088291908921568e-6	1.2956509898562628e-6	9.901460975388522e-7	7.622441150794701e-7	5.908261679038246e-7	4.6089868297223356e-7	3.617091856278665e-7	2.8547403686799426e-7	2.2650914863873657e-7	1.8062945490715262e-7
7.762471166286917	0.33333333333333326	0.05451868842597905	0.014847900707779669	0.0053128528117169956	0.0022508460998704213	0.001069600772710332	0.000552448663242049	0.0003040422941297651	0.0001759371722815826	0.00010604280044616588	0.00006611720300326126	0.00004242257554477379	0.0000278981527120357	0.000018743896680282495	0.000012833003655205918	8.93430158194973e-6	6.313814456118223e-6	4.5224984052822555e-6	3.2792411726778522e-6	2.4044026398070582e-6	1.7810404226589654e-6	1.3317387829016487e-6	1.0044591866780035e-6	7.637287963190277e-7	5.850541429594637e-7	4.5132103358261047e-7	3.504392825971206e-7	2.7378027167311134e-7	2.1512702671411165e-7	1.6996020345740353e-7	1.349670688361161e-7
7.943282347242816	0.3333333333333333	0.05258208660999111	0.013927981882998212	0.004874433604790658	0.0020274791143824766	0.0009484063540565989	0.00048313251457798623	0.00026263232918230853	0.00015028405842749872	0.00008965653027989356	0.00005537247808873868	0.00003521560007877143	0.000022967335529654203	0.000015310808819517046	0.000010405177738283472	7.193218857603287e-6	5.049366625015101e-6	3.5936200296344314e-6	2.5897002877653542e-6	1.8875953799563764e-6	1.3902568850312636e-6	1.0338224781544702e-6	7.756110987422978e-7	5.866900844778543e-7	4.471890806278866e-7	3.43296330376262e-7	2.653037960310782e-7	2.0631686821238817e-7	1.6139156404782642e-7	1.2695055783161146e-7	1.0038345109064131e-7
8.128305161640993	0.3333333333333333	0.05069893524392048	0.013056281121577267	0.004467634439050583	0.0018238523968732326	0.0008395974889882277	0.0004217341731306331	0.00022639429035977245	0.00012808107341447737	0.00007561714209649975	0.000046252790804183995	0.000029152088975856442	0.00001885292490359579	0.000012468367089057887	8.409834634458013e-6	5.772304354002592e-6	4.024337577847307e-6	2.8454421586405667e-6	2.037713371527887e-6	1.4763302996873976e-6	1.0810516846797263e-6	7.993957040111584e-7	5.964923730690767e-7	4.488374364655235e-7	3.403767475065865e-7	2.6001013534808837e-7	1.999754620303219e-7	1.5478751093028114e-7	1.205319657400389e-7	9.438986639698988e-8	7.431362860463967e-8
8.31763771102671	0.3333333333333333	0.04886874323581218	0.012231006293943187	0.004090633656401707	0.001638500910853442	0.0007420807404640514	0.0003674577133728617	0.00019475212835102587	0.00010891023092044207	0.00006361943247511028	0.00003853352826416175	0.00002406533855148589	0.000015430140823301967	0.000010122394321827109	6.775326348094483e-6	4.616635156352087e-6	3.196321980813922e-6	2.2450013158985142e-6	1.5974919258071241e-6	1.1503098549030487e-6	8.373576624690816e-7	6.156712255359243e-7	4.568740921039984e-7	3.419487859982319e-7	2.5797784896121925e-7	1.9607786661340157e-7	1.5006919730270593e-7	1.1560700287134469e-7	8.96059981798948e-8	6.985489414057179e-8	5.475498111275679e-8
8.511380382023766	0.3333333333333333	0.04709095794221469	0.011450372388538445	0.0037416707095454015	0.0014700379256318867	0.0006548383929712932	0.0003195729479163904	0.000167184078275937	0.00009239727019779397	0.00005339298909180055	0.000032017609648694905	0.000019810399209498678	0.00001259140507043852	8.192344546975347e-6	5.440838641468763e-6	3.679928426045618e-6	2.529830638303061e-6	1.7648914212019597e-6	1.2477303158125861e-6	8.928664924314642e-7	6.460581520303444e-7	4.7226885870482063e-7	3.48498100098451e-7	2.5942124249919504e-7	1.946878896234052e-7	1.472188959143512e-7	1.1211582191208653e-7	8.595233941649501e-8	6.630756240791088e-8	5.145483064026191e-8	4.015172467529096e-8
8.709635899560805	0.3333333333333333	0.04536496943046535	0.010712606907207923	0.003419048303489448	0.0013171540295661708	0.0005769256047438322	0.0002774117780827738	0.00014321886494369742	0.00007820806479118852	0.00004469895982787414	0.000026532664543461844	0.000016261655585853974	0.00001024428929886339	6.609575254397284e-6	4.354942374541507e-6	2.9233295417678086e-6	1.9952777469069933e-6	1.382417522753953e-6	9.708982266038814e-7	6.903704961827621e-7	4.964907391483554e-7	3.6079896066087886e-7	2.647268147077835e-7	1.959761276799603e-7	1.4628825662901013e-7	1.1004608477063454e-7	8.338376152393208e-8	6.361136575873563e-8	4.883798216435523e-8	3.772161399075722e-8	2.9301278555521895e-8
8.912509381337454	0.3333333333333333	0.043690114722809426	0.010015954859829066	0.003121134042480545	0.0011786157816903269	0.0005074673851547095	0.0002403645281870397	0.00012243200245635238	0.00006604519226320085	0.00003732701670518479	0.000021928417609831784	0.000013310610406933969	8.309656004990587e-6	5.315797378418594e-6	3.4743055967006346e-6	2.3143437909672797e-6	1.5680951784533104e-6	1.0788612108136697e-6	7.526308523189114e-7	5.317230820189737e-7	3.8002521143692425e-7	2.7451038964540816e-7	2.0024901028786769e-7	1.4741258343896082e-7	1.0943944757291936e-7	8.189189526340117e-8	6.173250219903398e-8	4.6859015724394644e-8	3.580126631527669e-8	2.7521110164774663e-8	2.1278790026413287e-8
9.120108393559097	0.3333333333333333	0.042065682002506356	0.009358683355426743	0.0028463616094987075	0.0010532640435140142	0.0004456554384920972	0.00020787629646013098	0.00010444220997729822	0.00005564467657270067	0.000031092517985202406	0.000018074276699453182	0.000010863864872761247	6.719982385243196e-6	4.261691392059743e-6	2.762554044167026e-6	1.8258991396171077e-6	1.2279616085394698e-6	8.388460844811228e-7	5.812059130779232e-7	4.079246242633111e-7	2.89706407678853e-7	2.0799446428566582e-7	1.5083389319328235e-7	1.1040281872572982e-7	8.151020652022621e-8	6.06654791883182e-8	4.5492786627436605e-8	3.435665177074044e-8	2.6119344896521596e-8	1.9981578251183247e-8	1.537663420239268e-8
9.33254300796991	0.3333333333333333	0.040490914763662435	0.008739085790169417	0.0025932315072182124	0.0009400120320156295	0.00039074491262060604	0.000179443351566632	0.00008890796173744452	0.00004677291139260179	0.000025833869016282852	0.000014857119488261359	8.841286962684073e-6	5.417856266449507e-6	3.405677564812094e-6	2.189267730932402e-6	1.4355279247607585e-6	9.581348288503752e-7	6.497923067746698e-7	4.4709731311232787e-7	3.11708702304309e-7	2.1995350277374475e-7	1.569372769245661e-7	1.1312659700805528e-7	8.232284111276709e-8	6.043707287502468e-8	4.4735849749966776e-8	3.3369197227089956e-8	2.5070637846719155e-8	1.896384552029723e-8	1.4436376315592135e-8	1.1056188830024412e-8
9.549925860214358	0.3333333333333333	0.03896501588814061	0.008155485633583542	0.0023603113906704104	0.0008378431337013738	0.000342051088136657	0.0001546096001538802	0.00007552418579548939	0.00003922376958846633	0.000021410080094852307	0.000012179272007282207	7.174357999628934e-6	4.354632763249322e-6	2.7128283310408076e-6	1.729101540376708e-6	1.1246557709179312e-6	7.448762026264332e-7	5.014500105087671e-7	3.4259611338021085e-7	2.3723347069730807e-7	1.663080804419512e-7	1.1791351497891787e-7	8.447899513402919e-8	6.11132510298904e-8	4.460953714799659e-8	3.283688377849687e-8	2.4361369234463065e-8	1.8206828889446948e-8	1.3701484735956026e-8	1.0378328215683653e-8	7.909609630648915e-9
9.772372209558107	0.33333333333333326	0.037487151634516935	0.007606239831324366	0.002146236022744996	0.0007458085181212637	0.00029894604060547517	0.00013296314732298762	0.00006401912273523324	0.00003281590132003955	0.00001769851740088643	9.956671076226085e-6	5.80468703660317e-6	3.4892400330340633e-6	2.1539108101956433e-6	1.3610180966268255e-6	8.779865973655403e-7	5.769569152141278e-7	3.8550208425775e-7	2.614902040379579e-7	1.7982266310007771e-7	1.2522413760265e-7	8.82157067974903e-8	6.281045223150893e-8	4.51653562264201e-8	3.27766306332289e-8	2.3990487882223253e-8	1.7700615445148855e-8	1.3158153946597267e-8	9.850599057353782e-9	7.423581303058999e-9	5.6297036415462245e-9
10.	0.3333333333333333	0.03605645552566015	0.007089741802104515	0.0019497068842308737	0.0006630245874709703	0.0002608553053673582	0.00011413296849473139	0.00005415135239656704	0.000027390220780015072	0.000014592841519386149	8.117201571425858e-6	4.682682121416002e-6	2.7871224322770742e-6	1.7045477819702597e-6	1.067621688587923e-6	6.82973230496334e-7	4.45236410823135e-7	2.95227652619765e-7	1.9879493043452625e-7	1.3574932510106852e-7	9.389392063589415e-8	6.571352572376607e-8	4.6493808148346344e-8	3.322848820710286e-8	2.3971351157142326e-8	1.744478887661826e-8	1.2799224742634111e-8	9.462906396054183e-9	7.046735670135264e-9	5.2831420731128175e-9	3.986320007722839e-9
10.232929922807541	0.3333333333333333	0.0346720321230985	0.006604424080838547	0.0017694914701951352	0.0005886702969144825	0.0002272545713207091	0.00009778570787948212	0.000045706993915165	0.00002280757944776579	0.000012001126489479656	6.599198694968452e-6	3.7663672233307666e-6	2.2193094971694452e-6	1.3444858187930886e-6	8.345826069539851e-7	5.293638385616761e-7	3.423041706848247e-7	2.2521835001916123e-7	1.505276682481803e-7	1.020561223280364e-7	7.010420645970182e-8	4.8738453016595286e-8	3.426250537929037e-8	2.4334969342948234e-8	1.7449844422856507e-8	1.2624678530261245e-8	9.210121263317966e-9	6.7717375164964035e-9	5.015566935449477e-9	3.7405855172677986e-9	2.8079541497641254e-9
10.471285480508996	0.3333333333333333	0.0333329606778853	0.00614876058937221	0.0016044223043991902	0.0005219843780845043	0.00019766642684954184	0.0000836226156799815	0.000038497081799858256	0.000018946621904507914	9.844151265958383e-6	5.350104832846704e-6	3.0203335388791397e-6	1.7615994459994491e-6	1.0569597858295264e-6	6.501419094895719e-7	4.0881514272285234e-7	2.6217675811419336e-7	1.7114025745083452e-7	1.1352010079503001e-7	7.640677973118572e-8	5.21183045192525e-8	3.598971294032691e-8	2.513533205441401e-8	1.7739689278713136e-8	1.2642721419959165e-8	9.092457520957392e-9	6.594943111614606e-9	4.82168243675442e-9	3.5516897896998714e-9	2.634698521062722e-9	1.9674966499056285e-9
10.715193052376064	0.3333333333333333	0.032038298649178024	0.0057212685614960075	0.001453395702945522	0.00046226249590091605	0.00017165717831226879	0.00007137663328219657	0.00003235511851101117	0.000015701818719775505	8.053854597207249e-6	4.3252703408881e-6	2.414814003942464e-6	1.3938463018732874e-6	8.281435085527854e-7	5.046873293378449e-7	3.145641091751077e-7	2.000428169416116e-7	1.2953511487815706e-7	8.526265806928173e-8	5.6963869781269436e-8	3.857966632127675e-8	2.6457950620627597e-8	1.8355757155630824e-8	1.2871703555729822e-8	9.116299333563143e-9	6.5166866768788195e-9	4.698922689124871e-9	3.415834355071496e-9	2.502125332981475e-9	1.8460425849684063e-9	1.3712570349684993e-9
10.96478196143185	0.3333333333333333	0.03078708508319102	0.005320510135700036	0.0013153703176315879	0.00040885436643564046	0.00014883375820063155	0.00006080963303996019	0.000027134802017425428	0.000012981669662656158	6.571943714065757e-6	3.4868874445139273e-6	1.9248700968974512e-6	1.0993402352169588e-6	6.466770559432899e-7	3.903917647624283e-7	2.411505755433886e-7	1.520494487256663e-7	9.76551291791074e-8	6.377623928151825e-8	4.228877756650338e-8	2.8433544973257303e-8	1.936362505533061e-8	1.3343284500424764e-8	9.295668479394883e-9	6.541909558584254e-9	4.647668826406318e-9	3.3312290310842285e-9	2.4075281814969848e-9	1.7535497090741516e-9	1.2866108368724516e-9	9.505592433951355e-10
11.220184543019634	0.3333333333333333	0.02957834384656232	0.004945093632340947	0.0011893654885225444	0.00036116086108484624	0.00012884073755419146	0.00005170981684527148	0.000022707925098077215	0.000010707069497343506	5.348646831178315e-6	2.8030465260179737e-6	1.5296803959707975e-6	8.64271301264559e-7	5.032617722233773e-7	3.009065192545189e-7	1.841839976361489e-7	1.1512410113353935e-7	7.332636180400647e-8	4.750695314280931e-8	3.126022785995965e-8	2.0863648533018287e-8	1.4107537347149453e-8	9.654649406891457e-9	6.681277355531729e-9	4.6717255273366506e-9	3.2982559693510935e-9	2.349670327148065e-9	1.688102774438281e-9	1.2224691534347442e-9	8.919130223554236e-10	6.553440795091495e-10
11.481536214968829	0.3333333333333333	0.0284110867094856	0.004593674532773121	0.0010744594340925755	0.00031863111982339263	0.00011135745439621239	0.00004388927550438454	0.000018962441709029578	8.809827871217006e-6	4.341599280373799e-6	2.246904276191941e-6	1.2119208275590128e-6	6.772673760844973e-7	3.903148931651684e-7	2.3110218354228532e-7	1.4014820869217966e-7	8.682676741446253e-8	5.4836297074230627e-8	3.524017074028714e-8	2.3008262539859878e-8	1.5241178893670655e-8	1.0231310085538299e-8	6.953029982899246e-9	4.779167980144239e-9	3.3198291250227676e-9	2.328908241462195e-9	1.6488563416111339e-9	1.1774859901823302e-9	8.477040016355206e-10	6.14953928872291e-10	4.493282279375609e-10
11.748975549395295	0.3333333333333333	0.02728431627519158	0.004264956178651077	0.0009697873059558547	0.00028075969384480735	0.00009609526749872373	0.00003718170901182898	0.000015800694542466055	7.231334273233917e-6	3.5148530528216867e-6	1.7959535169187582e-6	9.572270878183262e-7	5.289977558216819e-7	3.016762886755524e-7	1.7685075418433584e-7	1.0623875452271343e-7	6.522791975433744e-8	4.0841758637657035e-8	2.6030693825714628e-8	1.6861007469700753e-8	1.1084044621506199e-8	7.385980879148217e-9	4.983747277612795e-9	3.4020336721858464e-9	2.3474616734041823e-9	1.6361275108641563e-9	1.1510899413397802e-9	8.169929349122422e-10	5.846724379228553e-10	4.216792816201871e-10	3.06362970160481e-10
12.022644346174129	0.3333333333333333	0.026197028753516958	0.003957690210052684	0.0008745391337441587	0.0002470837354623588	0.00008279494245899214	0.00003144030612778336	0.000013137796948590548	5.921358708297332e-6	2.8379996790501926e-6	1.4313849256182475e-6	7.537303162502408e-7	4.118345605257686e-7	2.3236056818496904e-7	1.3484325728492247e-7	8.022799814562214e-8	4.880817419499464e-8	3.029385694045278e-8	1.9146297547948572e-8	1.2301967959124756e-8	8.024384524090335e-9	5.307174847926784e-9	3.5551890059424276e-9	2.4098943000111388e-9	1.6515979794759055e-9	1.143553547265377e-9	7.99398397828298e-10	5.638489372176557e-10	4.010684753159453e-10	2.875519095257886e-10	2.0771174632348776e-10
12.302687708123816	0.33333333333333326	0.02514821657736991	0.003670676761318354	0.0007879576841187736	0.00021718025078851477	0.0000712241749427065	0.000026535780212631165	0.000010900161654709988	4.836978576429085e-6	2.2853966022279996e-6	1.1375313898236635e-6	5.916577286111336e-7	3.1956476153435057e-7	1.7834845900374095e-7	1.0243778369148939e-7	6.035377264098757e-8	3.637621010995846e-8	2.2377114992645474e-8	1.4022312623910764e-8	8.935943971808022e-9	5.782842153930989e-9	3.795581247889777e-9	2.5239142439296118e-9	1.6986737724831754e-9	1.1561438297893456e-9	7.951484734622454e-10	5.522323000239902e-10	3.870484007901336e-10	2.7361335835419593e-10	1.9499305306259916e-10	1.4002703609058553e-10
12.589254117941673	0.3333333333333333	0.02413687086188911	0.00340276443356582	0.0007093362562582674	0.00019066342844640876	0.00006117525402039894	0.000022354557046868386	9.024168180297681e-6	3.9416222411284654e-6	1.8354875585630686e-6	9.013862705947877e-7	4.629905609825077e-7	2.471463176941206e-7	1.3641201148918803e-7	7.753343857044009e-8	4.522789867043494e-8	2.7001942726974994e-8	1.646033446786402e-8	1.022527027586535e-8	6.461963569615573e-9	4.148293663107723e-9	2.7016822782408358e-9	1.7830854283674728e-9	1.1913903325000913e-9	8.051924193644472e-10	5.500093106595179e-10	3.79456263312542e-10	2.6424202081360044e-10	1.8562829524715628e-10	1.3148172089683776e-10	9.385609848213564e-11
12.88249551693134	0.3333333333333333	0.023161983706994536	0.003152850062739703	0.0006380164344634215	0.00016718205538677938	0.00005246286679525489	0.00001879710935309912	7.454960492475274e-6	3.2042198970118833e-6	1.4702079018627163e-6	7.121874390071604e-7	3.611723233438216e-7	1.905025508716206e-7	1.0396879268007175e-7	5.846626033901507e-8	3.3761372527481066e-8	1.996237378893195e-8	1.2057131636543394e-8	7.423946957781822e-9	4.6518992628714475e-9	2.961956279943955e-9	1.9138714686198788e-9	1.2535330974543608e-9	8.313994937187851e-10	5.578871357978229e-10	3.7844225133733855e-10	2.593342316211275e-10	1.7941078667932645e-10	1.2523171257169592e-10	8.815142502449033e-11	6.25441141962684e-11
13.18256738556407	0.3333333333333333	0.022222550344848564	0.0029198783018068667	0.0005733858168061764	0.00014641702891585653	0.000044922043991312927	0.000015776431925964822	6.145366253015718e-6	2.5984525802401873e-6	1.1744662951977438e-6	5.610595548891476e-7	2.808609979616457e-7	1.4634950752599157e-7	7.896079744039659e-8	4.392366985258121e-8	2.5103472064302362e-8	1.4697924951436487e-8	8.794395373722784e-9	5.36641838468115e-9	3.333660730003585e-9	2.1049960596434147e-9	1.3492587192015695e-9	8.768918093949165e-10	5.772401357648266e-10	3.8453017254126314e-10	2.590088461084072e-10	1.7627589381292918e-10	1.211382191642212e-10	8.400841624797818e-11	5.876047171751588e-11	4.1434033944161646e-11
13.489628825916535	0.3333333333333333	0.02131757113448023	0.002702841035328689	0.000514875737005605	0.00012807897203374918	0.00003840624483700505	0.00001321665065034698	5.054928955573734e-6	2.1020904904903954e-6	9.356947199211824e-7	4.407076678029615e-7	2.1771943576202584e-7	1.120516348445385e-7	5.975433046685371e-8	3.287447012331513e-8	1.859242268479166e-8	1.0777393415441812e-8	6.387200920742814e-9	3.861967286510607e-9	2.3780525682194132e-9	1.4889152577024838e-9	9.465927409674286e-10	6.103560530084322e-10	3.987253588100595e-10	2.6365161886958986e-10	1.763163523744156e-10	1.1916197062201373e-10	8.133465480549e-11	5.6033094127591584e-11	3.894102330976116e-11	2.7286521725002253e-11
13.803842646028848	0.3333333333333333	0.020446053406481098	0.0025007766441468176	0.0004619589950168205	0.00011190595753886082	0.000032785578433479045	0.000011051758231909947	4.149044320748303e-6	1.696412181524205e-6	7.434593059411292e-7	3.4515582560002316e-7	1.68238795478186e-7	8.550164308091003e-8	4.505759242803989e-8	2.4511830359417937e-8	1.371561586733423e-8	7.869962511582295e-9	4.6189565381479495e-9	2.766890325132058e-9	1.6885510644995287e-9	1.0481353098038302e-9	6.608427519521911e-10	4.2269591073262133e-10	2.739941422698974e-10	1.79814596659865e-10	1.1937439921352379e-10	8.010705775934782e-11	5.4300980566128085e-11	3.715820033290965e-11	2.5654862124542528e-11	1.7862103717609987e-11
14.125375446227544	0.3333333333333333	0.019607013161257316	0.0023127691373252793	0.0004141476101288638	0.0000976613446591029	0.000027945157831540783	9.224469160281142e-6	3.398192487875476e-6	1.365696625950612e-6	5.891250536838356e-7	2.695249664425683e-7	1.2959042984463394e-7	6.502092781048244e-8	3.385313889040908e-8	1.820705729048797e-8	1.0077680997668072e-8	5.72295478809403e-9	3.3257693044681658e-9	1.973420390392692e-9	1.1933930069067268e-9	7.34304370379159e-10	4.5907298258464637e-10	2.9124665461875725e-10	1.8730023392603044e-10	1.219810797223166e-10	8.038000041592492e-11	5.355116153411386e-11	3.604566737930308e-11	2.4497844337241693e-11	1.6801430958359736e-11	1.1622075356633562e-11
14.454397707459275	0.3333333333333333	0.018799476624823373	0.002137947167814876	0.0003709906087383472	0.0000851317305795395	0.00002378358224509224	7.685186256982748e-6	2.7772577982500844e-6	1.0967806412553404e-6	4.655680861181644e-7	2.098449383724344e-7	9.9502146804072e-8	4.9277385658016624e-8	2.534277237460992e-8	1.3472283754989972e-8	7.374980640367483e-9	4.1442349801906136e-9	2.3841946344876727e-9	1.4011245542935935e-9	8.394856538269581e-10	5.119517956258783e-10	3.173187050222436e-10	1.996469000892408e-10	1.2736337521098777e-10	8.230222980583605e-11	5.382457390529715e-11	3.559661191313643e-11	2.378962231906033e-11	1.6056061889559852e-11	1.0937323958516346e-11	7.515788137159757e-12
14.791083881682074	0.3333333333333333	0.018022481666551585	0.0019754829475601018	0.00033207185739326996	0.00007412501787903118	0.000020211542191090853	6.39107111086367e-6	2.2649282880979698e-6	8.786746687133533e-7	3.6692962894164165e-7	1.6289603087693647e-7	7.615525894257046e-8	3.721787457752129e-8	1.8902777460916094e-8	9.930492004546833e-9	5.375332977037751e-9	2.98835854324668e-9	1.7016850871053817e-9	9.902586471485492e-10	5.87743257047248e-10	3.5518869754831906e-10	2.1823365652019638e-10	1.3614873507575924e-10	8.614689441099178e-11	5.5228205324716603e-11	3.584153454738344e-11	2.3527009561033157e-11	1.5609421347501458e-11	1.0460753098954459e-11	7.076817633522353e-12	4.830345285372203e-12
15.135612484362081	0.3333333333333333	0.017275079083652247	0.0018245910769685465	0.0002970079502007257	0.00006446859775400197	0.00001715054185389505	5.305210756891849e-6	1.843167385731649e-6	7.022304156360221e-7	2.8840646072383444e-7	1.2607591097184591e-7	5.809927997014057e-8	2.801294577872119e-8	1.4047718479040018e-8	7.291540067581658e-9	3.901966292837274e-9	2.145721605484414e-9	1.209181015148874e-9	6.966598296383734e-10	4.0953482980045523e-10	2.452163073354227e-10	1.493281844903648e-10	9.2362319954526e-11	5.795664133480807e-11	3.6856925755630476e-11	2.3732507360717527e-11	1.5460364910146567e-11	1.0181846421582235e-11	6.774455503757514e-12	4.550938036993136e-12	3.0850884135655125e-12
15.488166189124815	0.3333333333333333	0.016556333757454723	0.001684527302820989	0.0002654461582713183	0.000056007647897773396	0.000014531732612398984	4.395873094087579e-6	1.4967507220302272e-6	5.598543899086486e-7	2.2607309628078996e-7	9.728832957615972e-8	4.418153277385811e-8	2.101181040235018e-8	1.0401291537992037e-8	5.33307692494583e-9	2.8208824285463704e-9	1.5341035164602829e-9	8.553916753826198e-10	4.87841513261563e-10	2.83992728849497e-10	1.684545977914708e-10	1.0165712812966051e-10	6.232856118456043e-11	3.878064948370195e-11	2.4460472242510563e-11	1.5625335751801528e-11	1.0100534953084427e-11	6.60210552782735e-12	4.360618756949973e-12	2.908530802084368e-12	1.9580139670579586e-12
15.848931924611136	0.3333333333333333	0.015865325686795783	0.0015545872178292348	0.00023706244753852372	0.000048603543002912866	0.000012294851428333027	3.635843750297652e-6	1.2128614042885064e-6	4.4526186788575157e-7	1.7673146112534396e-7	7.485040064567558e-8	3.348930000675657e-8	1.5705802079725227e-8	7.6729603014934e-9	3.885419359591358e-9	2.030952240600587e-9	1.0921067275051165e-9	6.024034221144797e-10	3.400230955389677e-10	1.9598432297365083e-10	1.1514445116916613e-10	6.884810753356547e-11	4.1838045528717495e-11	2.5808043839471793e-11	1.6142726626688445e-11	1.0228725580766013e-11	6.56020394902272e-12	4.255300957764123e-12	2.789708845540412e-12	1.8472686439439366e-12	1.2347970847745684e-12
16.2181009735893	0.33333333333333326	0.015201150904001055	0.0014341049141595292	0.0002115595700477385	0.00004213237513728527	0.000010387257660252647	3.001837371625884e-6	9.807375596991202e-7	3.532663347822942e-7	1.3778427914859628e-7	5.741565513484204e-8	2.5302476626436296e-8	1.16988589797611e-8	5.639310963113329e-9	2.819623289826469e-9	1.4561894179154443e-9	7.740934117319436e-10	4.223241449647827e-10	2.358825299228162e-10	1.3459158428008975e-10	7.830928481543768e-11	4.638596129273338e-11	2.7933720668388685e-11	1.70806028486133e-11	1.0593369836271459e-11	6.657296830691397e-12	4.2356044046475744e-12	2.7261248864967245e-12	1.7737052232131453e-12	1.165853308149558e-12	7.737130639442185e-13
16.595869074375607	0.33333333333333326	0.014562922279072849	0.001322451602342135	0.00018866523266039073	0.00003648358060686114	8.763061827003055e-6	2.4739766299544077e-6	7.913664166801025e-7	2.7959991527920943e-7	1.0712882755661868e-7	4.391043460764504e-8	1.9054976065394077e-8	8.683778503650461e-9	4.129239333818116e-9	2.038118237386337e-9	1.0397523745376933e-9	5.462966440715881e-10	2.947325198598344e-10	1.6286473979467414e-10	9.197755445833142e-11	5.298796606002075e-11	3.1088797127225486e-11	1.8549855199995095e-11	1.1241893787652093e-11	6.912187637573305e-12	4.307610331410756e-12	2.718412388487366e-12	1.7358198489629595e-12	1.1207031872653867e-12	7.311206347211643e-13	4.816612005656874e-13
16.982436524617444	0.33333333333333326	0.013949770217778216	0.0012190342060916964	0.00016813034606478076	0.00003155866942043952	7.382339884201011e-6	2.035332591597691e-6	6.372196526111497e-7	2.2076076692774256e-7	8.306811134281477e-8	3.348151614645071e-8	1.4303399976131089e-8	6.42319722217693e-9	3.012234795474591e-9	1.4673881996312568e-9	7.393100406278613e-10	3.8384848961638513e-10	2.0474896325728855e-10	1.1191511866103249e-10	6.254582455761119e-11	3.567129113768161e-11	2.0726533357079745e-11	1.225146373251225e-11	7.35773498230458e-12	4.484356307765078e-12	2.770862374339122e-12	1.7341796222283748e-12	1.0984564286202013e-12	7.036572974133716e-13	4.55553403838269e-13	2.978884576633604e-13
17.378008287493753	0.3333333333333333	0.013360843259367854	0.0011232939426763062	0.00014972735602743388	0.000027270053072764596	6.210426685446359e-6	1.6715204634218078e-6	5.120251870204871e-7	1.7388383703361298e-7	6.423687390247386e-8	2.5453152565793847e-8	1.0701708173435649e-8	4.734420792906557e-9	2.1891549692062884e-9	1.052278300402934e-9	5.234786422069295e-10	2.6852012175030367e-10	1.41584262445282e-10	7.653631636477019e-11	4.2320681566295926e-11	2.3890324084032497e-11	1.374477347051853e-11	8.047346458916372e-12	4.78847843139794e-12	2.8924583159020887e-12	1.7717874758178747e-12	1.0995844321515091e-12	6.908061842444853e-13	4.390036120018333e-13	2.820126235677513e-13	1.830159164589289e-13
17.78279410038923	0.3333333333333333	0.01279530857965429	0.0010347048976030375	0.00013324865795563633	0.000023539966062548218	5.217282465195915e-6	1.370345120644471e-6	4.105710370535402e-7	1.3663178300145407e-7	4.954019117780128e-8	1.9291971672893593e-8	7.980823063636423e-9	3.4773762398480846e-9	1.584994016561129e-9	7.51586672411436e-10	3.6909517836987515e-10	1.8701196069796552e-10	9.74532349639598e-11	5.208952892473338e-11	2.8492492818204838e-11	1.5917364117334638e-11	9.066082123913941e-12	5.256738926624684e-12	3.098704579196855e-12	1.85479468756015e-12	1.1261717214439902e-12	6.929404802406738e-13	4.3171863552462083e-13	2.721361570897521e-13	1.7344058254124726e-13	1.1169150539579048e-13
18.197008586099834	0.3333333333333333	0.012252352405140585	0.0009527726015403728	0.00011850509507674835	0.0000202994763500411	4.376926391914605e-6	1.1214912151073417e-6	3.2853727008696953e-7	1.0710322548337618e-7	3.810269490968784e-8	1.4578407550952872e-8	5.932274131788087e-9	2.54508482994343e-9	1.1432390794461396e-9	5.346673392793248e-10	2.59141228500202e-10	1.2966645797521652e-10	6.676582624667573e-11	3.527967920007862e-11	1.908611594056702e-11	1.0549956242055926e-11	5.947795753314948e-12	3.4147666263983412e-12	1.993759385693405e-12	1.1824037752630182e-12	7.114956607175776e-13	4.339836100599407e-13	2.680974424526543e-13	1.6760643450001544e-13	1.0596435682927143e-13	6.770496167913318e-14
18.620871366628677	0.3333333333333333	0.011731180343822326	0.0008770326165772337	0.00010532453982213488	0.00001748757982573326	3.6669314885325003e-6	9.162530573315973e-7	2.6235248577057624e-7	8.37558427172056e-8	2.9226737555488392e-8	1.0983537871969197e-8	4.395135563258393e-9	1.8561604059773809e-9	8.214858048469565e-10	3.788244478840796e-10	1.811696450780031e-10	8.950393410071626e-11	4.552792762648015e-11	2.377812949241424e-11	1.2720380708645678e-11	6.955771736850997e-12	3.880879913823531e-12	2.205813004238174e-12	1.2754285373780968e-12	7.493016120552279e-13	4.4677927978044925e-13	2.7010840700869127e-13	1.6542763335926702e-13	1.0255492886701412e-13	6.430871942285743e-14	4.0762700419192905e-14
19.054607179632473	0.3333333333333333	0.011231017638189665	0.0008070491381345358	0.00009355055751945513	0.000015050373798360527	3.067975493543634e-6	7.472998544717818e-7	2.0907163269540658e-7	6.534212339943391e-8	2.235804892377606e-8	8.250376458591382e-9	3.2456363441755513e-9	1.3489278339664744e-9	5.880473206118994e-10	2.6732286479167566e-10	1.2611813418024208e-10	6.150404202583367e-11	3.08998625071448e-11	1.5947678031553203e-11	8.434600469327028e-12	4.561841200873279e-12	2.518406300748598e-12	1.4168431201100855e-12	8.111691403505202e-13	4.720068217976643e-13	2.788339005104042e-13	1.6705817635257203e-13	1.0141992802387289e-13	6.233888579824842e-14	3.876636195264296e-14	2.437365169766976e-14
19.49844599758045	0.3333333333333333	0.010751109345836759	0.0007424136180877516	0.00008304115080109284	0.00001294030450778806	2.5634425323550656e-6	6.084722647307546e-7	1.662723129101553e-7	5.0855875060153645e-8	1.7057644516345162e-8	6.178822112324413e-9	2.3889296388263382e-9	9.76831408110419e-10	4.193433342973747e-10	1.8787646345980795e-10	8.741895410327766e-11	4.207299732660398e-11	2.0872760512931174e-11	1.064319734097764e-11	5.564132991368988e-12	2.9759148055850713e-12	1.6252746639576175e-12	9.049047276724957e-13	5.128849238151346e-13	2.955430111774004e-13	1.729452925702246e-13	1.0266912999278166e-13	6.177530347156823e-14	3.7642074232432435e-14	2.321077424786421e-14	1.4473269632657587e-14
19.952623149688794	0.3333333333333333	0.01029072045294516	0.0006827434139522357	0.00007366758288242088	0.000011115483718077747	2.1390707777119004e-6	4.946065931869169e-7	1.319670492652557e-7	3.948783633365289e-8	1.2978930033076095e-8	4.613595471416358e-9	1.7525991582851147e-9	7.048656424877154e-10	2.978989221326644e-10	1.315048023937956e-10	6.033409690002943e-11	2.8650558376744177e-11	1.4032593371248024e-11	7.067896291397983e-12	3.651624484973825e-12	1.930954003101147e-12	1.0430793159567995e-12	5.746386609095633e-13	3.2237639118735107e-13	1.8393069282074336e-13	1.0660107405402573e-13	6.269492287567675e-14	3.7381737406028264e-14	2.2577485990574332e-14	1.3802189889311189e-14	8.534427760175972e-15
20.417379446695293	0.3333333333333333	0.009849135925750515	0.0006276804683070535	0.00006531327739130696	9.53906954013347e-6	1.7826415940543198e-6	4.0138330146113434e-7	1.0452928615788399e-7	3.058896391105435e-8	9.849107632180849e-9	3.4346076351038996e-9	1.2815567234074135e-9	5.068126804354313e-10	2.10817535406624e-10	9.16724929160029e-11	4.1461284454710336e-11	1.9421579556779842e-11	9.3890381723595e-12	4.670253990555119e-12	2.3840629998701096e-12	1.246178927654813e-12	6.657053214101737e-13	3.6281135777228074e-13	2.0142952658909858e-13	1.1377041441144376e-13	6.529551374142346e-14	3.803848780867581e-14	2.247159615815043e-14	1.3450573827684805e-14	8.150883652043502e-15	4.997091351226925e-15
20.892961308540396	0.3333333333333333	0.009425660704929648	0.0005768900220041162	0.000057872792168727375	8.17870676429374e-6	1.483705978228123e-6	3.251968321224329e-7	8.263116393290957e-8	2.3640182747497514e-8	7.454129499738113e-9	2.549299653262151e-9	9.340492182234203e-10	3.631131926093258e-10	1.4862110314075618e-10	6.364441860890233e-11	2.8368699202956395e-11	1.3105397953442722e-11	6.25201744575185e-12	3.0705230451251204e-12	1.5483890731233135e-12	7.998935481020757e-13	4.2247955503800933e-13	2.2774267186228116e-13	1.251070385686926e-13	6.994020156566012e-14	3.9742349437433466e-14	2.292929756615018e-14	1.3418848312048721e-14	7.958754222768206e-15	4.780071710634612e-15	2.9051520538996928e-15
21.37962089502232	0.3333333333333333	0.009019619647661332	0.0005300593641219725	0.000051250864219115364	7.0060221442547945e-6	1.2333444236055443e-6	2.6304405677665505e-7	6.519135168707043e-8	1.822750057391112e-8	5.626565180723932e-9	1.8865727530096103e-9	6.785463746989064e-10	2.592325244620916e-10	1.0437295304536401e-10	4.4004953924894734e-11	1.9326235888804725e-11	8.802841849166031e-12	4.143109264594077e-12	2.0086089775613374e-12	1.0003715742524438e-12	5.106389451587691e-13	2.666082132230719e-13	1.4212459104980617e-13	7.723630103385055e-14	4.2729507767284195e-14	2.4035431636556013e-14	1.3731354728967462e-14	7.959406878148079e-15	4.676968827910082e-15	2.783633330194998e-15	1.6768834273754473e-15
21.877616239495524	0.3333333333333333	0.008630357421921262	0.0004868966210785156	0.00004536152280865942	5.996170258061294e-6	1.0239566426697463e-6	2.124289435599261e-7	5.133144354656595e-8	1.4021670101381597e-8	4.2358529936085e-9	1.3919972221360212e-9	4.913248925905753e-10	1.8441226664712882e-10	7.30175853739429e-11	3.030116729897401e-11	1.310874805696216e-11	5.8856693857010825e-12	2.732318746760436e-12	1.307313288465648e-12	6.429097007092235e-13	3.2419971993848053e-13	1.6729041286037077e-13	8.817377535399869e-14	4.7394180609164695e-14	2.594261395002987e-14	1.4443037784638027e-14	8.169018943977547e-15	4.6892976835286596e-15	2.7294505331410944e-15	1.60958017935818e-15	9.609332234661998e-16
22.387211385683393	0.3333333333333333	0.008257238357371913	0.0004471295868178379	0.000040127267579703705	5.127425775475297e-6	8.490778814669951e-7	1.7128130492411607e-7	4.033962089125462e-8	1.0761558098014755e-8	3.1804946212429476e-9	1.0240448958677378e-9	3.5460066630001273e-10	1.3072041225649195e-10	5.08859297711485e-11	2.077929196632417e-11	8.852717849615507e-12	3.9170834641162145e-12	1.793193659089568e-12	8.465559794521364e-13	4.1099348419194064e-13	2.0469899162098117e-13	1.0437204731339317e-13	5.4380037959786595e-14	2.890516538344853e-14	1.5651864818388853e-14	8.622907740714392e-15	4.827689477281315e-15	2.7439379526336103e-15	1.5818083243760237e-15	9.240840301154386e-16	5.466558259315798e-16
22.90867652767773	0.3333333333333333	0.007899646257003474	0.00041050459552332744	0.000035478308464406905	4.380818175125163e-6	7.032188456645879e-7	1.3788773022476564e-7	3.164045889239731e-8	8.240625568691903e-9	2.381827446558127e-9	7.511377358470912e-10	2.550905903610861e-10	9.233178254565769e-11	3.5326283822937126e-11	1.4191009085876876e-11	5.952362289539456e-12	2.5948841918190173e-12	1.1711335895666285e-12	5.453990260216319e-13	2.613398151737542e-13	1.285319093884183e-13	6.474396437814126e-14	3.3339131693964256e-14	1.7520891434367345e-14	9.383545681799072e-15	5.114676333432549e-15	2.834007439006239e-15	1.5946235892012945e-15	9.10284451407677e-16	5.267252082032968e-16	3.087020467338153e-16
23.44228815319922	0.3333333333333333	0.007556984173474699	0.00037678543789538264	0.00003135186413576944	3.739805179856924e-6	5.817265304734651e-7	1.1083303011353807e-7	2.4769911630659206e-8	6.295961091321239e-9	1.7790730497404192e-9	5.493444232609765e-10	1.8290959851654966e-10	6.49852304444621e-11	2.4430251349855768e-11	9.651726669029129e-12	3.984701412933166e-12	1.7110236638655678e-12	7.611357560376347e-13	3.4958043089914936e-13	1.652919572339557e-13	8.025769055463599e-14	3.993034316488479e-14	2.031744135127881e-14	1.055482484756862e-14	5.589832059992466e-15	3.0139274117959205e-15	1.6524735594126354e-15	9.203177994322652e-16	5.201421771524683e-16	2.9806179690280846e-16	1.7303914108381166e-16
23.988329190194904	0.3333333333333333	0.007228674153894031	0.00034575232165191583	0.000027691515724141716	3.189981407010004e-6	4.80663504113761e-7	8.895072177887628e-8	1.935464752748165e-8	4.799414986481389e-9	1.325414027702497e-9	4.0058942910621005e-10	1.3072819627231488e-10	4.557594411228525e-11	1.6830147690325088e-11	6.537392056339012e-12	2.655784230675298e-12	1.1229802832284392e-12	4.922523399851175e-13	2.2291836130540644e-13	1.039833129084862e-13	4.9834661300970707e-14	2.4484014767166473e-14	1.2307486222421798e-14	6.318938738316679e-15	3.3085995328469685e-15	1.7643266218910817e-15	9.57017564767945e-16	5.274628075318437e-16	2.950978423176514e-16	1.6743805188601281e-16	9.627273762177069e-17
24.547089156850305	0.3333333333333333	0.006914156956573237	0.00031720087657150084	0.000024446612547737193	2.7188189590407554e-6	3.9670343597697237e-7	7.128126656196202e-8	1.509502745273839e-8	3.6504545493999853e-9	9.848963154380407e-10	2.9126574883452646e-10	9.313154495259158e-11	3.185053326358723e-11	1.154991344454144e-11	4.409719281970985e-12	1.7622916568081459e-12	7.336046091150136e-13	3.167943901767559e-13	1.4141743063311496e-13	6.506270845710245e-14	3.0770510370561605e-14	1.4925389842100537e-14	7.410395965855804e-15	3.759413962244027e-15	1.9457473917369875e-15	1.0259790254909207e-15	5.504748667058652e-16	3.001920792420829e-16	1.6622129838951448e-16	9.336927916852449e-17	5.316080101861387e-17
25.118864315095802	0.3333333333333333	0.006612891743079352	0.00029094120409661213	0.000021571726652121237	2.315436908033696e-6	3.2704088571130733e-7	5.703693544183716e-8	1.1751123192264528e-8	2.7704243353163486e-9	7.299917180973515e-10	2.1116431835968868e-10	6.613382943551255e-11	2.217995964452824e-11	7.895900839138066e-12	2.9622650338322073e-12	1.1642566843341207e-12	4.77004026062983e-13	2.0287371818730615e-13	8.9250639596382e-14	4.049006484506467e-14	1.8892346496892184e-14	9.045244200446503e-15	4.434776552529656e-15	2.2226142566921394e-15	1.1368655144839918e-15	5.926433365865767e-16	3.1446187542152195e-16	1.6964432142552643e-16	9.295269340210356e-17	5.168119274276e-17	2.9132941032385846e-17
25.703957827688633	0.3333333333333333	0.006324355748707308	0.0002667969712471373	0.000019026153022068646	1.9703968506711457e-6	2.693135779951511e-7	4.557232450356494e-8	9.131265517395604e-9	2.0979495691241466e-9	5.396865007129823e-10	1.526508876245426e-10	4.6811755945895334e-11	1.5391159148544498e-11	5.377230967120918e-12	1.981726236040953e-12	7.657802816423272e-13	3.0870874981153206e-13	1.2927895875060605e-13	5.603565975217566e-14	2.5061350234816975e-14	1.1533876855262132e-14	5.449480099223968e-15	2.6378335151349716e-15	1.3057543882282267e-15	6.599273523901099e-16	3.400371072456627e-16	1.783990554612594e-16	9.519011789592917e-17	5.160244985240396e-17	2.839335776259264e-17	1.5843731759220218e-17
26.302679918953817	0.3333333333333333	0.006048043934295891	0.00024460454836011203	0.00001677345241582002	1.6755219272774663e-6	2.21535579907591e-7	3.635967295221674e-8	7.082690307118737e-9	1.585266409711248e-9	3.979875977177496e-10	1.1003549212047946e-10	3.3029057590000214e-11	1.0642716894556075e-11	3.6479779437605266e-12	1.3202950031290343e-12	5.014679795026041e-13	1.9885665843842386e-13	8.197460997433598e-14	3.499906353244306e-14	1.542739081686437e-14	7.001541222406372e-15	3.263766843597246e-15	1.5593940543301975e-15	7.622515938869425e-16	3.8056780815943663e-16	1.937850216863074e-16	1.0050616440566409e-16	5.3031874448028716e-17	2.843743656120441e-17	1.548225006603516e-17	8.550411862330445e-18
26.915348039269155	0.3333333333333333	0.005783468622114889	0.00022421218996841828	0.00001478103387318474	1.4237369077474108e-6	1.8203997391281682e-7	2.8968251826881936e-8	5.483919409572765e-9	1.1953011778538564e-9	2.927591438732073e-10	7.909123547460601e-11	2.323023134667646e-11	7.333459816126456e-12	2.4653878986751566e-12	8.760063517226623e-13	3.269380875979918e-13	1.2749514106270495e-13	5.1722156347520286e-14	2.1746118171039588e-14	9.445075849597313e-15	4.226026376285184e-15	1.9431311812327027e-15	9.161894459753093e-16	4.4214135712915444e-16	2.1802275516910433e-16	1.096878581272014e-16	5.622771688075817e-17	2.933291555105821e-17	1.5556128124851455e-17	8.378422939112213e-18	4.578776287715819e-18
27.542287033381662	0.3333333333333333	0.005530159118362025	0.00020547925795687955	0.000013019774062011471	1.2089271473245194e-6	1.4942978010259197e-7	2.304719348500188e-8	4.238571455125623e-9	8.993527737458164e-10	2.1481932691115932e-10	5.668837126550974e-11	1.6286719980175088e-11	5.0355363036199e-12	1.6598218328820384e-12	5.788345739163226e-13	2.1221271989974078e-13	8.13594547138765e-14	3.2472560451093693e-14	1.3441125891752074e-14	5.750914217009384e-15	2.5361960802717357e-15	1.1499905614218913e-15	5.349635909400558e-16	2.548220013898727e-16	1.240769003382174e-16	6.166309620625558e-17	3.1235486673897984e-17	1.6107481690585587e-17	8.446623029896615e-18	4.4996585152064174e-18	2.432884437037424e-18
28.183829312644537	0.3333333333333333	0.005287661324624776	0.00018827548598669155	0.000011463670749469959	1.0258144054164984e-6	1.2253602711726223e-7	1.8311221443309184e-8	3.2703478199972047e-9	6.752592720968499e-10	1.5724165729063196e-10	4.051707321133841e-11	1.1382656598097461e-11	3.4456304786628692e-12	1.1132303771064755e-12	3.8090370014821744e-13	1.3713926131285545e-13	5.1675245213614816e-14	2.028600885297443e-14	8.264449978854294e-15	3.482418217372173e-15	1.5133450987090371e-15	6.76528964192887e-16	3.10428707120756e-16	1.4591947963111317e-16	7.014317205348449e-17	3.4427461449762816e-17	1.7229360418077418e-17	8.78083302424457e-18	4.552136732336304e-18	2.398084824969409e-18	1.2825681366998058e-18
28.84031503126606	0.33333333333333326	0.005055537340485879	0.0001724802840563611	0.000010089527812853985	8.698477003019042e-7	1.0038200294524926e-7	1.452881844493591e-8	2.5189814574822337e-9	5.059518878447628e-10	1.1481617884446194e-10	2.88781597388228e-11	7.930329737051106e-12	2.349547004821923e-12	7.438079077476397e-13	2.49627623893118e-13	8.823446334540453e-14	3.266758605853067e-14	1.2609997726936457e-14	5.054906343629053e-15	2.097163603725437e-15	8.97822978022059e-16	3.956123910820445e-16	1.7901441644110275e-16	8.30191625664383e-17	3.9388713647440836e-17	1.908897441766274e-17	9.436187939605415e-18	4.75183606247633e-18	2.4348858425760906e-18	1.2682250643958314e-18	6.708169268319363e-19
29.512092266663856	0.3333333333333333	0.0048333650592812215	0.0001579820819671963	8.876669337012017e-6	7.37107541321335e-7	8.215283533202494e-8	1.1512438812694721e-8	1.936972333615648e-9	3.7831785307331794e-10	8.363537831003439e-11	2.05256866208806e-11	5.507882805453424e-12	1.5966103350987728e-12	4.951013500183023e-13	1.6292609574898803e-13	5.6520101222165523e-14	2.0554742122416946e-14	7.799567766060908e-15	3.0756026364862495e-15	1.2559907635065658e-15	5.295838826393519e-16	2.299517840849293e-16	1.0258715868364061e-16	4.6926796429321756e-17	2.1970365423960796e-17	1.0510991829646455e-17	5.131148658113423e-18	2.5526270400302864e-18	1.2925700029678838e-18	6.655098925454896e-19	3.480730006406512e-19
30.19951720402016	0.3333333333333333	0.004620737758856698	0.00014467771038191994	7.806680480105562e-6	6.242220377911378e-7	6.716965777732572e-8	9.110430315963886e-9	1.4869635985151102e-9	2.8230884374053067e-10	6.07769730107268e-11	1.4548976638125366e-11	3.813578852969498e-12	1.0812361553223763e-12	3.283152288256165e-13	1.0590432196574804e-13	3.604613446433713e-14	1.2872671519852955e-14	4.800236905394021e-15	1.86150008091755e-15	7.480650949476646e-16	3.10573552242614e-16	1.328555708130818e-16	5.842085085413188e-17	2.6353016062175277e-17	1.2172214926753912e-17	5.747440481600581e-18	2.7701788832729155e-18	1.3611204162216892e-18	6.809626314010822e-19	3.4651272812533573e-19	1.791670209448517e-19
30.902954325135905	0.3333333333333333	0.00441726368901542	0.0001324718181041877	6.863172924511014e-6	5.282935304383757e-7	5.4867711923313925e-8	7.200381922943926e-9	1.1396381731183314e-9	2.1024396869761717e-10	4.406169980471313e-11	1.028452126844479e-11	2.6323561701141294e-12	7.297213491923783e-13	2.1689931547502295e-13	6.855937633080507e-14	2.2888064144957444e-14	8.023961961145314e-15	2.9396226102602675e-15	1.1207534274879329e-15	4.430858645871903e-16	1.8108183626185618e-16	7.629431812519965e-17	3.3060111399790566e-17	1.4702684228807765e-17	6.698185730998808e-18	3.120769810239516e-18	1.4847777265130452e-18	7.203982632221592e-19	3.560150543781928e-19	1.79007407310428e-19	9.148426284334175e-20
31.622776601683796	0.33333333333333326	0.00422256565719925	0.00012127632416282905	6.031572863890348e-6	4.468345267890246e-7	4.4777821458887436e-8	5.683657855911613e-9	8.720368248919988e-10	1.562664344324383e-10	3.1868967136916254e-11	7.250423363684539e-12	1.8114663293948236e-12	4.908141094443264e-13	1.4275878099103142e-13	4.4203427195643233e-14	1.446965605436012e-14	4.9782316155211075e-15	1.791257911958201e-15	6.712285714298273e-16	2.60993330561133e-16	1.0496916973407453e-16	4.3547988939331503e-17	1.8590653775774307e-17	8.149116145132231e-18	3.660909963559854e-18	1.6826464970358793e-18	7.900622625221932e-19	3.7844254651025785e-19	1.847021896271135e-19	9.174684877539032e-20	4.633562449321572e-20
32.359365692962825	0.3333333333333333	0.004036280613808863	0.00011100990325570615	5.298929609555777e-6	3.7771184692239986e-7	3.651074737303103e-8	4.480916164892881e-9	6.662166544012363e-10	1.1592121222950351e-10	2.2996994595011408e-11	5.097785163828015e-12	1.2427961907927202e-12	3.2901047348645375e-13	9.361228817525653e-14	2.8384899640222976e-14	9.107748055593486e-15	3.074189583388699e-15	1.0860851530573722e-15	3.998931973844869e-16	1.5288402393151023e-16	6.049528763479658e-17	2.470598921879613e-17	1.0388001132273764e-17	4.4870751417524095e-18	1.9872610671203853e-18	9.00857341932454e-19	4.173437529700588e-19	1.9731647147864657e-19	9.508623681425552e-20	4.665105373509129e-20	2.3277924407933096e-20
33.11311214825911	0.3333333333333333	0.0038580592384342104	0.00010159750309250872	4.653743028245305e-6	3.1909800070304925e-7	2.9744000346791327e-8	3.52844235584058e-9	5.081837507261562e-10	8.582768704442528e-11	1.655703964443517e-11	3.574787583670271e-12	8.500891056508073e-13	2.198087055100911e-13	6.115849411869509e-14	1.8153827863486805e-14	5.70785627034214e-15	1.8895546930779164e-15	6.55256217351827e-16	2.3699077372904084e-16	8.906045138467646e-17	3.466182608223922e-17	1.3931250887745124e-17	5.767798426427895e-18	2.454410680553082e-18	1.0713842141357063e-18	4.788945845574827e-19	2.1884992155885543e-19	1.0210531823815516e-19	4.857235798009574e-20	2.3532297630945077e-20	1.1598851635843503e-20
33.884415613920254	0.3333333333333333	0.0036875655281427286	0.00009296989217198993	4.085808148501453e-6	2.694289224587247e-7	2.421074410632813e-8	2.7751561537118863e-9	3.8704606185530066e-10	6.342663519545325e-11	1.18936543789724e-11	2.500239501053523e-12	5.797426459383114e-13	1.4636353694161872e-13	3.980922651702828e-14	1.156395134073564e-14	3.561644229624049e-15	1.1560223922267833e-15	3.933715883203057e-16	1.3971211598565813e-16	5.159379068662771e-17	1.9744647966910496e-17	7.807786734375891e-18	3.1821705585469272e-18	1.3336903639575585e-18	5.736554986087337e-19	2.5277498379005123e-19	1.1392173935862261e-19	5.24374134832203e-20	2.4619048854258768e-20	1.177559490570739e-20	5.732034205344627e-21
34.673685045253166	0.3333333333333333	0.0035244763888551654	0.00008506323653560574	3.5860753933623796e-6	2.2736728458437118e-7	1.9690474452618235e-8	2.1801728774304647e-9	2.943426682309947e-10	4.6785193735924934e-11	8.524753078596985e-12	1.7441674834199833e-12	3.9420686735409687e-13	9.71369984922202e-14	2.5818053670059205e-14	7.33685484673058e-15	2.212842510561549e-15	7.039736544674697e-16	2.349866524101446e-16	8.193209224181379e-17	2.9723516045864745e-17	1.118186242408656e-17	4.349233743821386e-18	1.744485757063743e-18	7.19913445142888e-19	3.05045473652624e-19	1.3247342135784996e-19	5.886581128655543e-20	2.672569357451971e-20	1.2380815416058487e-20	5.845218978755778e-21	2.8093625427418005e-21
35.48133892335755	0.3333333333333333	0.003368481230729181	0.00007781870405487402	3.146525012544143e-6	1.9177069824856946e-7	1.6001202979736183e-8	1.7108207070470468e-9	2.2351398953085586e-10	3.444693954894935e-11	6.096707335034305e-12	1.2136205440858706e-12	2.672659556089428e-13	6.425571275049381e-14	1.668347296415875e-14	4.636479464191394e-15	1.368928070965615e-15	4.267132338743845e-16	1.3968067714686406e-16	4.7796300083945433e-17	1.7029204244070307e-17	6.29571720968427e-18	2.4079216012511546e-18	9.502504673994853e-19	3.8602677574935556e-19	1.6109356818270768e-19	6.893105275753183e-20	3.0192933421077024e-20	1.3517588454207279e-20	6.177449251106093e-21	2.8780781359351146e-21	1.3655101094622604e-21
36.30780547701014	0.3333333333333333	0.0032192815683678277	0.00007118209483273442	2.7600543973567424e-6	1.616641878136035e-7	1.2992914812613628e-8	1.3410318421021213e-9	1.6948429283565124e-10	2.5316955145178863e-11	4.350803019744618e-12	8.423240106187559e-13	1.8067850443801643e-13	4.2366848757481343e-14	1.0741963025031151e-14	2.9184434819811424e-15	8.432363404739345e-16	2.574614912481258e-16	8.262048569663021e-17	2.773693577115865e-17	9.702462910624531e-18	3.52405708119566e-18	1.3249983816936008e-18	5.143187433930707e-19	2.056182411476574e-19	8.448614494316717e-20	3.5611015480552864e-20	1.5371747680655398e-20	6.784852674623975e-21	3.058002930333281e-21	1.4056378330882798e-21	6.581937770768835e-22
37.15352290971725	0.3333333333333333	0.0030765906265741005	0.00006510349632859677	2.4203770660153505e-6	1.3621639631624477e-7	1.0542097968927917e-8	1.0500396090947637e-9	1.2833345703913142e-10	1.857395053567735e-11	3.0982596915090593e-12	5.831640318458164e-13	1.2179405049245562e-13	2.7844572807203052e-14	6.891705690762783e-15	1.8298236512511614e-15	5.172085500418059e-16	1.5462958382095482e-16	4.862992040396712e-17	1.601220589417781e-17	5.497508993093428e-18	1.9611394548007186e-18	7.246548808506552e-19	2.7659730724594505e-19	1.0879500053563974e-19	4.4002846742850627e-20	1.826542160448908e-20	7.767975846383069e-21	3.37941741184966e-21	1.5018376101055493e-21	6.8092506357183e-22	3.146072270929995e-22
38.01893963205612	0.3333333333333333	0.002940132952283553	0.000059536961851542215	2.1219322056419186e-6	1.1471904295602591e-7	8.547181964269122e-9	8.213253718003749e-10	9.703949780840127e-11	1.3603248329573623e-11	2.201682070021723e-12	4.027464400330561e-13	8.186838556806365e-14	1.8241817858050306e-14	4.405832070849964e-15	1.1428081693650183e-15	3.158927291961695e-16	9.244543533574122e-17	2.848332598269187e-17	9.195549105049109e-18	3.09777533223743e-18	1.08503526263089e-18	3.939038942701043e-19	1.4780307705323665e-19	5.718158663614898e-20	2.2759315691270992e-20	9.301315796252487e-21	3.896286816965165e-21	1.6702963611362574e-21	7.317333094377888e-22	3.271651097823599e-22	1.4911619657348504e-22
38.90451449942806	0.3333333333333333	0.0028096440332239206	0.00005444021110529886	1.859803750048057e-6	9.656921055524862e-8	6.9247349579129535e-9	6.417689606768823e-10	7.327705031878124e-11	9.945811128396496e-12	1.5613279208456281e-12	2.77470381442657e-13	5.487710932235202e-14	1.1913038645186186e-14	2.8067270990356383e-15	7.109767664123349e-16	1.9212403689269643e-16	5.501741036628036e-17	1.6601865636987072e-17	5.253444513325293e-18	1.735954895041011e-18	5.968317729712945e-19	2.1281081096374895e-19	7.847627943247909e-20	2.985390731918834e-20	1.1690061700479895e-20	4.702434338785961e-21	1.9397466696300152e-21	8.19193375161402e-22	3.5368503411140634e-22	1.559064216901517e-22	7.00822567131965e-23
39.81071705534972	0.3333333333333333	0.0026848699237741434	0.00004977435151134542	1.629648059368449e-6	8.125409192915224e-8	5.606301288337852e-9	5.009645615866997e-10	5.525999520202755e-11	7.259569842810585e-12	1.104971221128938e-12	1.9070424212723573e-13	3.6683080951456096e-14	7.755648519341127e-15	1.781791806616823e-15	4.4062379852719477e-16	1.163598703917498e-16	3.259466990450541e-17	9.62965389337649e-18	2.9857786792460908e-18	9.674686658900501e-19	3.2638972355011453e-19	1.142729732457927e-19	4.140121631634978e-20	1.5482551101700722e-20	5.962803685326744e-21	2.3602606171032856e-21	9.584813102689865e-22	3.9866886479621437e-22	1.6959172385080716e-22	7.368495372091277e-23	3.2659178138984207e-23
40.73802778041127	0.3333333333333333	0.002565566878424233	0.00004550361908174453	1.4276293488559393e-6	6.833786955425114e-8	4.535774499094667e-9	3.906708419158677e-10	4.161882367262532e-11	5.2901581657389225e-12	7.804407766423571e-13	1.3076095234171917e-13	2.4454293499750397e-14	5.033494444261472e-15	1.1272294827761836e-15	2.7203458618937906e-16	7.018046565508861e-17	1.9223637003726322e-17	5.558548532948051e-18	1.6882078122575342e-18	5.362306135518724e-19	1.7746067101043903e-19	6.098777228911992e-20	2.1702453765672547e-20	7.975901703118514e-21	3.0203562344810568e-21	1.1761214548514372e-21	4.700685832465541e-22	1.925146989461888e-22	8.066919741145139e-23	3.453828183439007e-23	1.509051228985889e-23
41.68693834703354	0.3333333333333333	0.0024515009931722854	0.0000415951376609802	1.250362089786274e-6	5.7450443341362113e-8	3.667218499938123e-9	3.0436976180642207e-10	3.1305276423627574e-11	3.848820159047751e-12	5.501436701752922e-13	8.945102260395921e-14	1.6258285790982762e-14	3.256808752303437e-15	7.106913232651228e-16	1.673161080013802e-16	4.215348802357875e-17	1.1287001643279609e-17	3.193149390702584e-18	9.496372314678692e-19	2.9558996226379177e-19	9.592999278371471e-20	3.235156611859218e-20	1.1303887650612287e-20	4.0814407526889745e-21	1.5192825916090787e-21	5.81830443193451e-22	2.2880899260805945e-22	9.224328951052109e-23	3.8064299897416765e-23	1.605535711507728e-23	6.913418023873278e-24
42.657951880159274	0.3333333333333333	0.0023424478551350163	0.00003801869540462151	1.0948596756236712e-6	4.8277757179577704e-8	2.9630629907097447e-9	2.369132064869005e-10	2.3518345358687416e-11	2.795773434696098e-12	3.8705680493537003e-13	6.105171591246203e-14	1.0780544161172852e-14	2.100883083690909e-15	4.46558375529192e-16	1.0252347583881583e-16	2.521555462649207e-17	6.597630513617253e-18	1.825556078740681e-18	5.314503053873004e-19	1.6205378928641105e-19	5.155844600151186e-20	1.7057130637842965e-20	5.850233994445228e-21	2.0746512128180308e-21	7.589120322170221e-22	2.8575299619185176e-22	1.1053900218524783e-22	4.38550453434963e-23	1.781672406230049e-23	7.401635641561169e-24	3.1402283351481856e-24
43.651583224016605	0.3333333333333333	0.002238192200593404	0.000034746537412438466	9.584887115706485e-7	4.0553506645335664e-8	2.392610938348006e-9	1.8424044219390614e-10	1.764697003791992e-11	2.027710745041881e-12	2.7180104880512505e-13	4.1574962704875526e-14	7.129667443811107e-15	1.3511847437080692e-15	2.796532332480753e-16	6.258870314354283e-17	1.5022266748730413e-17	3.839519227092183e-18	1.0387260991398565e-18	2.9590419434562263e-19	8.836272084116392e-20	2.75515308503939e-20	8.938827345099903e-21	3.008494196451887e-21	1.0475554589285206e-21	3.764588671321272e-22	1.3932666466529344e-22	5.300122026199703e-23	2.06877760850781e-23	8.272401497319528e-24	3.3838886282569894e-24	1.4141635814796334e-24
44.66835921509632	0.33333333333333326	0.0021385275816448845	0.00003175317348354679	8.389283455931485e-7	3.405203829776927e-8	1.9308058199497685e-9	1.4315257871577778e-10	1.3225751507156855e-11	1.468432695861265e-12	1.90511395555965e-13	2.824903734571723e-14	4.703024629201069e-15	8.664580146399211e-16	1.7455094794842135e-16	3.8068994837542913e-17	8.913520260493002e-18	2.2246362679437685e-18	5.882331252874177e-19	1.6392093278446452e-19	4.7921368192919865e-20	1.4638631923660808e-20	4.656137233187935e-21	1.5373075528169343e-21	5.254274039130389e-22	1.8544647175832241e-22	6.74414357253124e-23	2.5222165723509218e-23	9.683092586214709e-24	3.8099909971987786e-24	1.5341865775150333e-24	6.31392623939973e-25
45.70881896148751	0.3333333333333333	0.0020432560415881394	0.000029015200011113987	7.341341142183956e-7	2.858227566186005e-8	1.5572147672460736e-9	1.1113283124675372e-10	9.900793842586982e-12	1.0618434425529453e-12	1.3329071989211594e-13	1.9152692402715332e-14	3.094437390434695e-15	5.540097682889287e-16	1.0859310763444084e-16	2.307098195520419e-17	5.267754070747472e-18	1.2833618091001554e-18	3.315537517335264e-19	9.034928055022304e-20	2.5849393001960294e-20	7.733451526086494e-21	2.410734386975465e-21	7.805740104956036e-22	2.617921536665847e-22	9.071880684051341e-23	3.240929211980026e-23	1.1912540585522371e-23	4.49694945537398e-24	1.7406071855348644e-24	6.897762177929809e-25	2.7948161128430187e-25
46.773514128719825	0.3333333333333333	0.0019521877991249617	0.000026511135083687326	6.423058271020839e-7	2.3982528706105163e-8	1.2551908809495401e-9	8.620351019969605e-11	7.40340819926404e-12	7.667252138066782e-13	9.309017155155378e-14	1.2957679707147542e-14	2.0309536792722357e-15	3.532173484108032e-16	6.734067113805445e-17	1.3931470512474994e-17	3.100847963058557e-18	7.371612927536537e-19	1.8600676540245286e-19	4.9549022347406767e-20	1.3868969447141066e-20	4.062324383298761e-21	1.240680692673649e-21	3.9383677640312405e-22	1.2957291098808072e-22	4.407147603932851e-23	1.5461960512721202e-23	5.584088793124431e-24	2.072164558809673e-24	7.887856748301115e-25	3.075398447321323e-25	1.226462705190239e-25
47.86300923226384	0.3333333333333333	0.0018651409414265434	0.000024221265909016215	5.618590608140758e-7	2.0116062660553932e-8	1.0111840113972972e-9	6.681241165756994e-11	5.529907885460415e-12	5.528486266598462e-13	6.490059045639861e-14	8.748083207814003e-15	1.3296885208451479e-15	2.24563588637049e-16	4.162609787150353e-17	8.38265606446998e-18	1.8181561430204517e-18	4.2161434956626766e-19	1.0386972114331244e-19	2.7038303533395682e-20	7.401561398929108e-21	2.1218534375375976e-21	6.346984720544805e-22	1.9745831936470294e-22	6.370771169700276e-23	2.1262005961317813e-23	7.32343830326811e-24	2.597931004023654e-24	9.47398174301893e-25	3.545656877216563e-25	1.3597341383313068e-25	5.33577370799854e-26
48.97788193684462	0.3333333333333333	0.001781941126077689	0.000022127507724076286	4.913998747598659e-7	1.6867318692111588e-8	8.141743851817374e-10	5.174270181175822e-11	4.126112330382742e-12	3.980836792376858e-13	4.517003067454336e-14	5.893917340944897e-15	8.68459160818293e-16	1.4237304022864012e-16	2.5649888720796536e-17	5.0261832706753036e-18	1.0619284334958801e-18	2.4011791946800826e-19	5.773650867193387e-20	1.468157217743193e-20	3.929174771312058e-21	1.1020666969217633e-21	3.2276196419215413e-22	9.837862709953265e-23	3.111698930982529e-23	1.0186926801646916e-23	3.4436992404377374e-24	1.1995900595908116e-24	4.297775968860134e-25	1.580931244971834e-25	5.961608598158323e-26	2.3013257131566063e-26
50.11872336272722	0.33333333333333326	0.0017024212918823397	0.000020213273401653423	4.2970240089931453e-7	1.4138693522665086e-8	6.552077352622669e-10	4.00415433359701e-11	3.0754840482376227e-12	2.862586027251587e-13	3.138521622233042e-14	3.962944781316072e-15	5.658700686212808e-16	9.001731328370814e-17	1.5756353093101176e-17	3.0032101340858986e-18	6.1786128734228185e-19	1.3617823432879415e-19	3.194700759145385e-20	7.932866150119627e-21	2.0748783962909e-21	5.69200429226043e-22	1.6316102455372268e-22	4.87082403209286e-23	1.5098699908477463e-23	4.8470943724004305e-24	1.6076832952870165e-24	5.497582384214788e-25	1.9344607488975122e-25	6.992107895001407e-26	2.591960116283855e-26	9.839957630235717e-27
51.28613839913648	0.33333333333333326	0.0016264213784867763	0.00001846335300914104	3.7568899420079297e-7	1.1847797783461913e-8	5.27014184815989e-10	3.096364790435382e-11	2.2900629475766744e-12	2.055763290794996e-13	2.177153200949739e-14	2.659330763796205e-15	3.6784968504811796e-16	5.676142788578631e-17	9.649298001697719e-18	1.7883113725345373e-18	3.5812720952403973e-19	7.691005060079069e-20	1.7597274903978275e-20	4.265487244578669e-21	1.0899651881779961e-21	2.9234892741337214e-22	8.199406127625078e-23	2.3965789635149144e-23	7.278261906605959e-24	2.2904838873788028e-24	7.451563091563556e-25	2.5006281300127035e-25	8.639410983792087e-26	3.0674928228714633e-26	1.1175019237513866e-26	4.171005893973376e-27
52.48074602497725	0.3333333333333333	0.0015537880547528721	0.00001686380261900745	3.284126628272689e-7	9.925123964088342e-9	4.2369614665173533e-10	2.3926696610524146e-11	1.7035503860447215e-12	1.4744577819877064e-13	1.507849957074935e-14	1.7810851353114454e-15	2.3857729976535605e-16	3.5696775511959653e-17	5.8914923217531765e-18	1.0612810004831168e-18	2.0680155756632414e-19	4.325833552353447e-20	9.649716242099746e-21	2.2824722411580004e-21	5.696099599963324e-22	1.493247542887305e-22	4.0963212982982626e-23	1.1718741711277692e-23	3.485561621816018e-24	1.0749536458205917e-24	3.429047571836836e-25	1.128940236840774e-25	3.828430142038054e-26	1.3348790042653506e-26	4.777759192478666e-27	1.7527500708143616e-27
53.703179637025265	0.3333333333333333	0.0014843744557925293	0.000015401841712600525	2.870415261318708e-7	8.312064432109984e-9	3.4047301963658634e-10	1.8476181685596827e-11	1.266042115360508e-12	1.0562104785917646e-13	1.0426743434515743e-14	1.190618723343302e-15	1.5438739165815506e-16	2.239096482998059e-17	3.58644923099699e-18	6.277226446004143e-19	1.1897633902676117e-19	2.4231904647403537e-20	5.268131797448133e-21	1.2155110736911899e-21	2.9614519684258422e-22	7.585289697757881e-23	2.0345390497242012e-23	5.694866360984987e-24	1.6583902126600094e-24	5.01048018196245e-25	1.566706631102409e-25	5.058764217457488e-26	1.6833530509271585e-26	5.762182181527878e-27	2.02562180303895e-27	7.301821212731525e-28
54.954087385762456	0.33333333333333326	0.001418039928555775	0.000014065758559495894	2.5084507487499676e-7	6.959228345279999e-9	2.734725677631095e-10	1.425771572346576e-11	9.400236395467705e-13	7.556864333195739e-14	7.199076711601849e-15	7.944274444356965e-16	9.968678943855936e-17	1.4008924008240275e-17	2.1768795826606104e-18	3.7006342448759487e-19	6.819906878701667e-20	1.3519378893409419e-20	2.8634626155365372e-21	6.442403930763546e-22	1.531835360129571e-22	3.832124418479006e-23	1.0046486987639354e-23	2.750513953912346e-24	7.839395663695734e-25	2.3195706348463743e-25	7.107221764799463e-26	2.2499762564015247e-26	7.344365928578414e-27	2.467310762509583e-27	8.516358830210051e-28	3.0156160790383165e-28
56.234132519034915	0.3333333333333333	0.0013546497858486627	0.000012844822993413156	2.1918203188308017e-7	5.82501350871336e-9	2.1956062159311795e-10	1.0995250882789773e-11	6.973303195344164e-13	5.400324164012889e-14	4.963163343723285e-15	5.291113986764669e-16	6.422819113586647e-17	8.742691667596366e-18	1.3175144918883574e-18	2.174586854381253e-19	3.89518989023901e-20	7.51274118700081e-21	1.5496719616150886e-21	3.398540725405069e-22	7.883494480963391e-23	1.9255378589770212e-23	4.9323671709927744e-24	1.3203450485908423e-24	3.681921065359252e-25	1.066564616875316e-25	3.201261977872623e-26	9.93301327864177e-27	3.1795522660346744e-27	1.0479940140774265e-27	3.5507135460556626e-28	1.2346886929852175e-28
57.543993733715695	0.33333333333333326	0.001294075068643005	0.000011729206042791728	1.914896328590736e-7	4.874394233677262e-9	1.7620220156594552e-10	8.473968533922778e-12	5.168434451558077e-13	3.854774653549398e-14	3.4167250659889305e-15	3.5177843919758243e-16	4.1294806339578544e-17	5.4427005488545935e-18	7.951497592988425e-19	1.2737707818602332e-19	2.216833147852005e-20	4.158477037047278e-21	8.35069660035255e-22	1.784486187019876e-22	4.0368685890841227e-23	9.623398582082723e-24	2.4077276326031952e-24	6.299714719933546e-25	1.7182155383374782e-25	4.87115432438429e-26	1.4317397137123203e-26	4.352757511345107e-27	1.365901526200897e-27	4.415698298737536e-28	1.4680786173805466e-28	5.011637635199756e-29
58.8843655355589	0.3333333333333333	0.001236192316527812	0.000010709905909420953	1.6727416642295427e-7	4.0779016582691205e-9	1.4134837541604125e-10	6.526854521786549e-12	3.827467763492771e-13	2.7484820107239272e-14	2.3488061219626208e-15	2.3347394378428183e-16	2.6495144572709976e-17	3.380129184212949e-18	4.785601847847016e-19	7.437754660434443e-20	1.2572276158739084e-20	2.292908290719718e-21	4.480869669517543e-22	9.326776462052126e-23	2.0568867513856442e-23	4.783972767786406e-24	1.1686619910734626e-24	2.987664480242215e-25	7.967250172671749e-26	2.2098192051983726e-26	6.3583140155130475e-27	1.8933911045126783e-27	5.822708229416574e-28	1.8456717643591718e-28	6.019524358655948e-29	2.0167317882995406e-29
60.25595860743578	0.3333333333333333	0.001180883346141998	9.778679822064074e-6	1.461026298913546e-7	3.410742643720584e-9	1.133441678608174e-10	5.024178839437848e-12	2.832091847444794e-13	1.9575604289691105e-14	1.6124485352908902e-15	1.5469368626033724e-16	1.6965153826236836e-17	2.0942214059857166e-18	2.8723683852347687e-19	4.3296316805642073e-20	7.105492555750475e-21	1.259442814392426e-21	2.3943150060532066e-22	4.852548288367806e-23	1.0428880437619864e-23	2.365666563231223e-24	5.640529879880187e-25	1.4084420109130946e-25	3.671000047707968e-26	9.958132281079009e-27	2.8039461211896882e-27	8.17564185293529e-28	2.4631712736024654e-28	7.653043295524383e-29	2.447725664575758e-29	8.045810033438407e-30
61.65950018614822	0.3333333333333333	0.0011280350374192744	8.927981323817692e-6	1.2759537297084457e-7	2.8520773837624284e-9	9.085367375732239e-11	3.865260998956202e-12	2.0939070823770237e-13	1.3927696991109864e-14	1.1054570858924535e-15	1.0232683825685352e-16	1.0841504133033173e-17	1.2945038077079846e-18	1.719419107347189e-19	2.5127046718208554e-20	4.0021847932820205e-21	6.891806437494961e-22	1.2740984395623293e-22	2.5133391358018256e-23	5.261977540432012e-24	1.1637097833616398e-24	2.7072048536252816e-25	6.600275838948894e-26	1.6808309764823442e-26	4.4577186062157265e-27	1.2279002910065013e-27	3.5044798429790266e-28	1.0340490711648837e-28	3.1481103871539934e-29	9.870993392218615e-30	3.182385363231026e-30
63.095734448019336	0.3333333333333333	0.0010775391274690119	8.150902582037606e-6	1.1141961559961089e-7	2.384391796886438e-9	7.279921474225825e-11	2.9720318252052584e-12	1.546936847994992e-13	9.899166009583064e-15	7.56886751342174e-16	6.757827367445478e-17	6.9148237464005725e-18	7.983560809960079e-19	1.0265585171852489e-19	1.453906616996266e-20	2.2467072819668053e-21	3.757288448019504e-22	6.752294768509115e-23	1.2959820757009761e-23	2.642211402441195e-24	5.694882634711733e-25	1.2921542340053967e-25	3.0748361582637013e-26	7.647986552567929e-27	1.982346205769481e-27	5.339977832666849e-28	1.4912869834259694e-28	4.30803224969909e-29	1.2847380681269626e-29	3.947914510442311e-30	1.24797738542458e-30
64.56542290346556	0.33333333333333326	0.0010292920119111429	7.4411213380751825e-6	9.728373877557385e-8	1.9929737822121005e-9	5.831194808910745e-11	2.2840053298036444e-12	1.1419931571465748e-13	7.028881206692198e-15	5.175692030897785e-16	4.455976581840558e-17	4.402021271113717e-18	4.912739430510048e-19	6.113199005965666e-20	8.388023344723987e-21	1.2570900693884726e-21	2.040926470922859e-22	3.5641101639034503e-23	6.653314034605376e-24	1.3204363883343553e-24	2.77266444893651e-25	6.133697623474986e-26	1.424100038166063e-26	3.458393544263044e-27	8.757861965005437e-28	2.3063069117491676e-28	6.300164226804355e-29	1.78124478316934e-29	5.201662926347651e-30	1.5660151077880364e-30	4.852243624540118e-31
66.0693448007596	0.33333333333333326	0.0009831945534786455	6.792852140850399e-6	8.493225849404146e-8	1.665469847228784e-9	4.669180540383558e-11	1.7543560385143302e-12	8.424431189966445e-14	4.986031777601821e-15	3.534840502379678e-16	2.933692401108177e-17	2.7971914654365278e-18	3.016517826274188e-19	3.6312729434714196e-20	4.8254136592140314e-21	7.011022520836792e-22	1.1046292159005517e-22	1.873817768526138e-23	3.40089571229039e-24	6.567855854508066e-25	1.3430947907567215e-25	2.895801877807291e-26	6.557533431253491e-27	1.5542748851243504e-27	3.8440517456727545e-28	9.892718089569252e-29	2.6424926431666157e-29	7.309573490931932e-30	2.0895282621042875e-30	6.161116668622992e-31	1.870565003270821e-31
67.60829753919818	0.33333333333333326	0.0009391518976978471	6.200801533490864e-6	7.41414030051763e-8	1.391510988770657e-9	3.737502482353692e-11	1.3468619126514278e-12	6.210321245707311e-14	3.5336039310752866e-15	2.4112946836383093e-16	1.9285886564247175e-17	1.774233733635118e-18	1.8482659560829443e-19	2.1516796028485347e-20	2.7681222035980422e-21	3.8977704150627067e-22	5.957547047675168e-23	9.813091331775027e-24	1.730974491966123e-24	3.251708165436845e-25	6.473483550580005e-26	1.3598106492718787e-26	3.0022434575422835e-27	6.942731160376008e-28	1.676389140856196e-28	4.214595041419051e-29	1.1004404061672382e-29	2.9771619363190742e-30	8.328169058613662e-31	2.404216269788846e-31	7.150084014619902e-32
69.18309709189364	0.3333333333333333	0.0008970732954544048	5.66012688594422e-6	6.471522262124516e-8	1.1623971110599778e-9	2.990785778991549e-11	1.0335242581591878e-12	4.5750300458678216e-14	2.5019995345870906e-15	1.642951872286361e-16	1.2660047899781912e-17	1.1234080399051664e-18	1.1301101535295882e-19	1.2718842286068902e-20	1.5835652328046672e-21	2.1602113854066173e-22	3.201887642549888e-23	5.1193268432595476e-24	8.77316929790356e-25	1.602535552397813e-25	3.1046847461065845e-26	6.351505610822881e-27	1.3667263086687566e-27	3.082520818631218e-28	7.264036583346082e-29	1.7834451505370066e-29	4.5502043951053944e-30	1.2035784288823575e-30	3.2935496835236442e-31	9.305827041784881e-32	2.710022263841492e-32
70.7945784384138	0.33333333333333326	0.0008568719322514506	5.166398588685255e-6	5.648216934037039e-8	9.708310266204255e-10	2.392529210441842e-11	7.927165124364985e-13	3.368139270318913e-14	1.770008825229741e-15	1.1181712062776662e-16	8.298870745761746e-18	7.101035264079359e-19	6.895982747930693e-20	7.50052790901502e-21	9.034643585572808e-22	1.1935670175213891e-22	1.714978187663571e-23	2.6605729699624066e-24	4.4281045744064515e-25	7.862107753556924e-26	1.481739580207585e-26	2.951141440653369e-27	6.186902969359948e-28	1.360441718922996e-28	3.127684864203048e-29	7.49636187749421e-30	1.8682241515461597e-30	4.829794869010582e-31	1.2924442874851678e-31	3.5729085505584263e-32	1.0185318814410909e-32
72.44359600749901	0.3333333333333333	0.0008184647639657676	4.715565343448665e-6	4.929209072665371e-8	8.106943279456488e-10	1.913384671881957e-11	6.077457486709273e-13	2.4780605790398333e-14	1.2511074006630713e-15	7.601779974855964e-17	5.432598350523424e-18	4.481078332430966e-19	4.1996386899745813e-20	4.412994657084065e-21	5.140850590111046e-22	6.574967953736232e-23	9.154858347405012e-24	1.3775901378319065e-24	2.225883043114549e-25	3.840017767800676e-26	7.037668105583999e-27	1.3640985698945185e-27	2.785145969660445e-28	5.968679455048448e-29	1.3382432452031456e-29	3.1300594519687635e-30	7.617001982884278e-31	1.9239220381056e-31	5.03284144571335e-32	1.3607985647053346e-32	3.796073211229594e-33
74.13102413009175	0.3333333333333333	0.0007817723589080194	4.303922306387812e-6	4.301358886967764e-8	6.768586653941038e-10	1.5297668795375198e-11	4.657359077999267e-13	1.8220863164099467e-14	8.836017799155081e-16	5.162501779760197e-17	3.551550466642875e-18	2.8231845856211315e-19	2.5526383903107765e-20	2.59057020355048e-21	2.9176451570188916e-22	3.611292550663627e-23	4.870932435725855e-24	7.106816039365574e-25	1.114392194349651e-25	1.8673200376881983e-26	3.3267223868715806e-27	6.272952683056918e-28	1.2469046853476369e-28	2.6033233621398306e-29	5.690371969761237e-30	1.2983489526146195e-30	3.0840450439313745e-31	7.608064503180066e-32	1.944870576546302e-32	5.1415225830344884e-33	1.4030472459840054e-33
75.85775750291837	0.3333333333333333	0.0007467187459938411	3.928081857251966e-6	3.753170092662561e-8	5.650269061751844e-10	1.2227306809938889e-11	3.567615699694793e-13	1.3389682039717503e-14	6.235525186359713e-16	3.50233138558696e-17	2.318818897169572e-18	1.7758688150587927e-19	1.5486362476602055e-20	1.517402463639818e-21	1.6516887878395361e-22	1.977789269331445e-23	2.5832548465442146e-24	3.6531573731470263e-25	5.557169804862238e-26	9.041167795467034e-27	1.5651799774228353e-27	2.870104751386071e-28	5.552107008740948e-29	1.1289057042124334e-29	2.404735268453772e-30	5.350492726809449e-31	1.240122781726532e-31	2.9868510508631034e-32	7.458779850874946e-33	1.927249607931405e-33	5.142908651393802e-34
77.62471166286917	0.3333333333333333	0.0007132312688339683	3.5849467851533815e-6	3.2745862799086253e-8	4.715995094788171e-10	9.770650526798695e-12	2.7317663444957907e-13	9.833877367082505e-15	4.396988805911085e-16	2.373669764369411e-17	1.512065339955897e-18	1.1153628686378616e-19	9.378067158848181e-21	8.868960340630914e-22	9.327108067133384e-23	1.0801198232345149e-23	1.3656661569409001e-24	1.8712351585604803e-25	2.760439694500717e-26	4.3589319684234725e-27	7.32996150682173e-28	1.3066301959114578e-28	2.4589584381725703e-29	4.867388660985507e-30	1.0100513629597306e-30	2.1907229527475424e-31	4.952710816044389e-32	1.164210783514349e-32	2.8390263653135384e-33	7.167310985924341e-34	1.869677118616219e-34
79.43282347242815	0.3333333333333333	0.0006812404455534594	3.2716856973244116e-6	2.856812198046746e-8	3.9356216677579497e-10	7.805624226442159e-12	2.090944832030648e-13	7.218404438512181e-15	3.098237489545875e-16	1.6071747197787727e-17	9.847939801443234e-19	6.994776082248103e-20	5.668941277420901e-21	5.172900230553776e-22	5.254285177364951e-23	5.8825389961107126e-24	7.197334444544782e-25	9.551768352186392e-26	1.3659707140093862e-26	2.092741190694165e-27	3.4171117411735427e-28	5.919258637176029e-29	1.0832874157207595e-29	2.086763574868429e-30	4.216953330855654e-31	8.912538547668551e-32	1.9646434385094665e-32	4.505630956336319e-33	1.0725606946433776e-33	2.6446715405972227e-34	6.741703433705077e-35
81.28305161640994	0.3333333333333333	0.0006506798341523733	2.985710472005936e-6	2.492156958875293e-8	3.2839136529660714e-10	6.234297483996041e-12	1.5998576823963904e-13	5.295756425940882e-15	2.1815339734726572e-16	1.0871740063627502e-17	6.406300181647506e-19	4.380283451892406e-20	3.420865759053319e-21	3.0109798278181147e-22	2.952928382344212e-23	3.195104869518523e-24	3.781608298768842e-25	4.8591874496033436e-26	6.733997839778939e-27	1.0006020936307605e-27	1.5858705768710281e-28	2.668534465055749e-29	4.747517041717395e-30	8.896522861863386e-31	1.750104025997021e-31	3.6030119734778796e-32	7.741343668808482e-33	1.7314664785925623e-33	4.022098722049615e-34	9.683023300678888e-35	2.411255823550205e-35
83.17637711026711	0.3333333333333333	0.0006214859032229687	2.7246555903227937e-6	2.173896512716849e-8	2.739750497455194e-10	4.978141266426173e-12	1.223674488331924e-13	3.883232582444266e-15	1.534998114868189e-16	7.347530222948288e-18	4.1626699708948034e-19	2.7391737944606114e-20	2.0608013786539715e-21	1.7491083646944863e-22	1.6557302793459162e-23	1.7308497171756997e-24	1.9810121997350057e-25	2.4637535736013226e-26	3.307526299087347e-27	4.7648451673348635e-28	7.327552634471984e-29	1.1972946933976306e-29	2.0699108781689016e-30	3.771976941332683e-31	7.220549101748606e-32	1.4474761456575537e-32	3.0301999477926514e-33	6.6074941148090155e-34	1.4972380557235692e-34	3.5180488001503134e-35	8.554888889679481e-36
85.11380382023766	0.3333333333333333	0.0005935979078415312	2.4863591947490795e-6	1.8961530640913254e-8	2.2854599593401497e-10	3.974208767816692e-12	9.356255652941744e-14	2.84606906064489e-15	1.0793510237887899e-16	4.961385468542479e-18	2.7018108013677373e-19	1.7105820406051988e-20	1.2394318474755994e-21	1.0141059928630302e-22	9.262929685426998e-24	9.352206436700085e-25	1.0347409751297305e-25	1.2451283513234402e-26	1.6186874352146495e-27	2.2600037131809316e-28	3.371047713105303e-29	5.346684394877914e-30	8.979077968106365e-31	1.5905676010136355e-31	2.96176354430479e-32	5.7792394990688066e-33	1.1783659400662664e-33	2.5041173131162004e-34	5.533073549402401e-35	1.2684508788134376e-35	3.0110027054907655e-36
87.09635899560806	0.3333333333333333	0.0005669577704562254	2.26884573360351e-6	1.6537893705290842e-8	1.906258818174576e-10	3.1720623948015038e-12	7.151473504946014e-14	2.084931984343771e-15	7.584670463679093e-17	3.3473141347204967e-18	1.751746815781456e-19	1.066824288638488e-20	7.442446849647431e-22	5.868541981139298e-23	5.1707536204221926e-24	5.040525430643837e-25	5.389373111468973e-26	6.272546512519209e-27	7.893741999018973e-28	1.0677617169119438e-28	1.5442520878738438e-29	2.376601686120356e-30	3.8756114288002993e-31	6.671186966242725e-32	1.2079188264996683e-32	2.2933835073035592e-33	4.552770440828718e-34	9.425402221168728e-35	2.030069572151825e-35	4.5389663756189916e-36	1.0513886142955929e-36
89.12509381337455	0.3333333333333333	0.0005415099665199896	2.0703100619984734e-6	1.4423161128730565e-8	1.589783563278788e-10	2.5313024230214015e-12	5.464516587304648e-14	1.5266530528766325e-15	5.3264734769512315e-17	2.2564943626829043e-18	1.1345825550280144e-19	6.644831964237071e-21	4.462059308629709e-22	3.3898431438734885e-23	2.8802521057577865e-24	2.710010764303409e-25	2.799208328481408e-26	3.15004228177272e-27	3.836138056651659e-28	5.025468747332451e-29	7.044527842732227e-30	1.0515992882308841e-30	1.6646049393001822e-31	2.783275832898391e-32	4.898539510833971e-33	9.046144352483301e-34	1.7478002232149717e-34	3.5237553890822026e-35	7.395320016837328e-36	1.6120693532454997e-36	3.6425188131408105e-37
91.20108393559096	0.33333333333333326	0.0005172014151563496	1.889102879848789e-6	1.2578107418639656e-8	1.3256967291991307e-10	2.019580525806749e-12	4.174226673597337e-14	1.1173729797623591e-15	3.738363308668086e-17	1.5199468579379951e-18	7.341145868844201e-20	4.133656729893444e-21	2.6711674912023023e-22	1.9545806238792886e-23	1.601041806026755e-24	1.453537039820016e-25	1.449942650672472e-26	1.5771082780134086e-27	1.8579251908092884e-28	2.3563964142730182e-29	3.200364460612879e-30	4.6323395648943965e-31	7.115071998562248e-32	1.1551717305328617e-32	1.9754775768753448e-33	3.5470412353626344e-34	6.66750141252098e-35	1.308599298122695e-35	2.675090549175061e-36	5.683124193461422e-37	1.25215814147778e-37
93.3254300796991	0.3333333333333333	0.0004939813735342067	1.7237173969792536e-6	1.09684639704219e-8	1.1053568015825674e-10	1.6110038204026704e-12	3.187671114850749e-14	8.174712208382099e-16	2.622233199181881e-17	1.0230355646595849e-18	4.745357360204427e-20	2.5683901731100572e-21	1.596733714580686e-22	1.1250556997914449e-23	8.881667457241245e-25	7.77798974464252e-26	7.490542989196628e-27	7.87243798285492e-28	8.968429477634061e-29	1.1008355507749914e-29	1.4480870637927883e-30	2.0316148464460467e-31	3.026773175270343e-32	4.7699049672472297e-33	7.923008843844356e-34	1.3826772414646053e-34	2.527700138793367e-35	4.8276770123147145e-36	9.609273305275814e-37	1.988848656581965e-37	4.271389650215589e-38
95.49925860214358	0.3333333333333333	0.0004718013363421193	1.5727771241019548e-6	9.564296628643603e-9	9.215415218371208e-11	1.2848532604018269e-12	2.4335997123373158e-14	5.978196600124535e-16	1.8383081672936914e-17	6.880702157408381e-19	3.0645403417191706e-20	1.5939708051334835e-21	9.53122241158886e-23	6.464910365376352e-24	4.917336931639831e-25	4.1526082495596736e-26	3.859675806553067e-27	3.918226991741424e-28	4.315094944373683e-29	5.124268135031445e-30	6.526370863317722e-31	8.871730788298738e-32	1.28158890611139e-32	1.959666296837954e-33	3.1605117011908814e-34	5.358756999099086e-35	9.523923122241244e-36	1.769444345215908e-36	3.4280676121396166e-37	6.909764215401768e-38	1.4459955141601515e-38
97.72372209558107	0.3333333333333333	0.0004506149390285462	1.4350246965122131e-6	8.339460759522741e-9	7.682160279828327e-11	1.0245549227277774e-12	1.8574098299808184e-14	4.3701670330735886e-16	1.2880460697732801e-17	4.624510001142379e-19	1.9772739177309394e-20	9.881179219289517e-22	5.681568740464325e-23	3.70885941450916e-24	2.717269900389158e-25	2.212141400405639e-26	1.9837707842102e-27	1.9446100694678907e-28	2.0695779241091774e-29	2.3768935002690616e-30	2.9299829985839203e-31	3.8577741961156233e-32	5.401597409971061e-33	8.01125765519721e-34	1.2540396855086726e-34	2.0650645010003206e-35	3.566742910090437e-36	6.443775319285133e-37	1.214653303182787e-37	2.383463850971743e-38	4.858350659772438e-39
100.	0.33333333333333326	0.0004303778651264801	1.3093116448192918e-6	7.271124288235646e-9	6.403386272178979e-11	8.168546441340327e-13	1.4172743351652172e-14	3.1934675003093404e-16	9.02026247691288e-18	3.1059937227019665e-19	1.2746378926997654e-20	6.118742850136108e-22	3.382283492747226e-23	2.1243626665496206e-24	1.4987404411088833e-25	1.1758960424239964e-26	1.017099043822435e-27	9.624274513418132e-29	9.895150501488694e-30	1.0987259438459213e-30	1.3104166427306765e-31	1.6705618276052538e-32	2.2664026501919106e-33	3.2591396448371083e-34	4.949824845198577e-35	7.913487055410102e-36	1.327797697803029e-36	2.3317781983896884e-37	4.2750169770831307e-38	8.16349034275496e-39	1.6202148357076785e-39